Timestamp,Item,Top_Bid,Top_Ask,Bid_Volume,Ask_Volume,Seconds_Since_Fetch
2026-09-09T04:53:37.077708+00:00,BOOSTER_COOKIE,12016079.0,12193323.7,12,19,
2026-09-09T04:53:37.077708+00:00,ENCHANTED_DIAMOND,1276.1,1300.0,34398,36,
2026-09-09T04:53:37.077708+00:00,ENCHANTED_DIAMOND_BLOCK,202929.4,205106.6,865,635,
2026-09-09T04:53:37.077708+00:00,NULL_SPHERE,310.0,363.1,42567,768,
2026-09-09T04:53:37.077708+00:00,NULL_OVOID,138742.2,168949.6,897,174,
2026-09-09T04:53:37.077708+00:00,RECOMBOBULATOR_3000,9933272.6,10147985.2,3,1,
2026-09-09T04:53:37.077708+00:00,SUMMONING_EYE,1178699.9,1248818.1,7,6,
2026-09-09T04:54:37.441571+00:00,BOOSTER_COOKIE,12016079.0,12193323.7,12,19,60.37044167518616
2026-09-09T04:54:37.441571+00:00,ENCHANTED_DIAMOND,1276.1,1300.0,34398,36,60.37044167518616
2026-09-09T04:54:37.441571+00:00,ENCHANTED_DIAMOND_BLOCK,202929.4,205106.6,865,635,60.37044167518616
2026-09-09T04:54:37.441571+00:00,NULL_SPHERE,310.0,363.1,42567,768,60.37044167518616
2026-09-09T04:54:37.441571+00:00,NULL_OVOID,138742.2,168949.6,897,174,60.37044167518616
2026-09-09T04:54:37.441571+00:00,RECOMBOBULATOR_3000,9933272.6,10147985.2,3,1,60.37044167518616
2026-09-09T04:54:37.441571+00:00,SUMMONING_EYE,1178699.9,1248818.1,7,6,60.37044167518616
2026-09-09T04:55:37.768308+00:00,BOOSTER_COOKIE,12016079.3,12193323.4,1,22,60.46635127067566
2026-09-09T04:55:37.768308+00:00,ENCHANTED_DIAMOND,1276.1,1299.6,30893,12,60.46635127067566
2026-09-09T04:55:37.768308+00:00,ENCHANTED_DIAMOND_BLOCK,202929.4,205106.6,792,617,60.46635127067566
2026-09-09T04:55:37.768308+00:00,NULL_SPHERE,310.0,363.1,40753,704,60.46635127067566
2026-09-09T04:55:37.768308+00:00,NULL_OVOID,138742.2,168949.6,865,132,60.46635127067566
2026-09-09T04:55:37.768308+00:00,RECOMBOBULATOR_3000,9933272.6,10147985.0,2,14,60.46635127067566
2026-09-09T04:55:37.768308+00:00,SUMMONING_EYE,1178700.1,1248817.0,79,5,60.46635127067566
2026-09-09T04:56:38.296395+00:00,BOOSTER_COOKIE,12016079.3,12193323.4,1,22,60.38657307624817
2026-09-09T04:56:38.296395+00:00,ENCHANTED_DIAMOND,1276.1,1299.6,30893,12,60.38657307624817
2026-09-09T04:56:38.296395+00:00,ENCHANTED_DIAMOND_BLOCK,202929.4,205106.6,792,617,60.38657307624817
2026-09-09T04:56:38.296395+00:00,NULL_SPHERE,310.0,363.1,40753,704,60.38657307624817
2026-09-09T04:56:38.296395+00:00,NULL_OVOID,138742.2,168949.6,865,132,60.38657307624817
2026-09-09T04:56:38.296395+00:00,RECOMBOBULATOR_3000,9933272.6,10147985.0,2,14,60.38657307624817
2026-09-09T04:56:38.296395+00:00,SUMMONING_EYE,1178700.1,1248817.0,79,5,60.38657307624817
2026-09-09T04:57:38.645539+00:00,BOOSTER_COOKIE,12016079.3,12193323.4,1,22,60.34945249557495
2026-09-09T04:57:38.645539+00:00,ENCHANTED_DIAMOND,1276.1,1299.6,30893,12,60.34945249557495
2026-09-09T04:57:38.645539+00:00,ENCHANTED_DIAMOND_BLOCK,202929.4,205106.6,792,617,60.34945249557495
2026-09-09T04:57:38.645539+00:00,NULL_SPHERE,310.0,363.1,40753,704,60.34945249557495
2026-09-09T04:57:38.645539+00:00,NULL_OVOID,138742.2,168949.6,865,132,60.34945249557495
2026-09-09T04:57:38.645539+00:00,RECOMBOBULATOR_3000,9933272.6,10147985.0,2,14,60.34945249557495
2026-09-09T04:57:38.645539+00:00,SUMMONING_EYE,1178700.1,1248817.0,79,5,60.34945249557495
2026-09-09T04:58:38.954128+00:00,BOOSTER_COOKIE,12016079.3,12193323.4,1,22,60.29645252227783
2026-09-09T04:58:38.954128+00:00,ENCHANTED_DIAMOND,1276.1,1299.6,30893,12,60.29645252227783
2026-09-09T04:58:38.954128+00:00,ENCHANTED_DIAMOND_BLOCK,202929.4,205106.6,792,617,60.29645252227783
2026-09-09T04:58:38.954128+00:00,NULL_SPHERE,310.0,363.1,40753,704,60.29645252227783
2026-09-09T04:58:38.954128+00:00,NULL_OVOID,138742.2,168949.6,865,132,60.29645252227783
2026-09-09T04:58:38.954128+00:00,RECOMBOBULATOR_3000,9933272.6,10147985.0,2,14,60.29645252227783
2026-09-09T04:58:38.954128+00:00,SUMMONING_EYE,1178700.1,1248817.0,79,5,60.29645252227783
2026-09-09T04:59:39.319129+00:00,BOOSTER_COOKIE,12016079.3,12193323.4,1,22,60.37032699584961
2026-09-09T04:59:39.319129+00:00,ENCHANTED_DIAMOND,1276.1,1299.6,30893,12,60.37032699584961
2026-09-09T04:59:39.319129+00:00,ENCHANTED_DIAMOND_BLOCK,202929.4,205106.6,792,617,60.37032699584961
2026-09-09T04:59:39.319129+00:00,NULL_SPHERE,310.0,363.1,40753,704,60.37032699584961
2026-09-09T04:59:39.319129+00:00,NULL_OVOID,138742.2,168949.6,865,132,60.37032699584961
2026-09-09T04:59:39.319129+00:00,RECOMBOBULATOR_3000,9933272.6,10147985.0,2,14,60.37032699584961
2026-09-09T04:59:39.319129+00:00,SUMMONING_EYE,1178700.1,1248817.0,79,5,60.37032699584961
2026-09-09T05:00:39.640716+00:00,BOOSTER_COOKIE,12016078.8,12193322.9,6,15,60.31837344169617
2026-09-09T05:00:39.640716+00:00,ENCHANTED_DIAMOND,1276.1,1299.6,18005,1363,60.31837344169617
2026-09-09T05:00:39.640716+00:00,ENCHANTED_DIAMOND_BLOCK,202929.5,205106.5,135,520,60.31837344169617
2026-09-09T05:00:39.640716+00:00,NULL_SPHERE,310.0,363.1,18451,704,60.31837344169617
2026-09-09T05:00:39.640716+00:00,NULL_OVOID,138742.3,168949.4,40,12,60.31837344169617
2026-09-09T05:00:39.640716+00:00,RECOMBOBULATOR_3000,9944008.3,10147984.5,4,3,60.31837344169617
2026-09-09T05:00:39.640716+00:00,SUMMONING_EYE,1178700.8,1248818.3,5,1,60.31837344169617
2026-09-09T05:01:39.959360+00:00,BOOSTER_COOKIE,12016078.8,12193322.9,6,15,60.32195067405701
2026-09-09T05:01:39.959360+00:00,ENCHANTED_DIAMOND,1276.1,1299.6,18005,1363,60.32195067405701
2026-09-09T05:01:39.959360+00:00,ENCHANTED_DIAMOND_BLOCK,202929.5,205106.5,135,520,60.32195067405701
2026-09-09T05:01:39.959360+00:00,NULL_SPHERE,310.0,363.1,18451,704,60.32195067405701
2026-09-09T05:01:39.959360+00:00,NULL_OVOID,138742.3,168949.4,40,12,60.32195067405701
2026-09-09T05:01:39.959360+00:00,RECOMBOBULATOR_3000,9944008.3,10147984.5,4,3,60.32195067405701
2026-09-09T05:01:39.959360+00:00,SUMMONING_EYE,1178700.8,1248818.3,5,1,60.32195067405701
2026-09-09T05:02:40.292788+00:00,BOOSTER_COOKIE,12016078.8,12193322.9,6,15,60.33597111701965
2026-09-09T05:02:40.292788+00:00,ENCHANTED_DIAMOND,1276.1,1299.6,18005,1363,60.33597111701965
2026-09-09T05:02:40.292788+00:00,ENCHANTED_DIAMOND_BLOCK,202929.5,205106.5,135,520,60.33597111701965
2026-09-09T05:02:40.292788+00:00,NULL_SPHERE,310.0,363.1,18451,704,60.33597111701965
2026-09-09T05:02:40.292788+00:00,NULL_OVOID,138742.3,168949.4,40,12,60.33597111701965
2026-09-09T05:02:40.292788+00:00,RECOMBOBULATOR_3000,9944008.3,10147984.5,4,3,60.33597111701965
2026-09-09T05:02:40.292788+00:00,SUMMONING_EYE,1178700.8,1248818.3,5,1,60.33597111701965
2026-09-09T05:03:40.650534+00:00,BOOSTER_COOKIE,12016078.8,12193322.9,6,15,60.45521569252014
2026-09-09T05:03:40.650534+00:00,ENCHANTED_DIAMOND,1276.1,1299.6,18005,1363,60.45521569252014
2026-09-09T05:03:40.650534+00:00,ENCHANTED_DIAMOND_BLOCK,202929.5,205106.5,135,520,60.45521569252014
2026-09-09T05:03:40.650534+00:00,NULL_SPHERE,310.0,363.1,18451,704,60.45521569252014
2026-09-09T05:03:40.650534+00:00,NULL_OVOID,138742.3,168949.4,40,12,60.45521569252014
2026-09-09T05:03:40.650534+00:00,RECOMBOBULATOR_3000,9944008.3,10147984.5,4,3,60.45521569252014
2026-09-09T05:03:40.650534+00:00,SUMMONING_EYE,1178700.8,1248818.3,5,1,60.45521569252014
2026-09-09T05:04:41.140350+00:00,BOOSTER_COOKIE,12016078.8,12193322.9,6,15,60.506505489349365
2026-09-09T05:04:41.140350+00:00,ENCHANTED_DIAMOND,1276.1,1299.6,18005,1363,60.506505489349365
2026-09-09T05:04:41.140350+00:00,ENCHANTED_DIAMOND_BLOCK,202929.5,205106.5,135,520,60.506505489349365
2026-09-09T05:04:41.140350+00:00,NULL_SPHERE,310.0,363.1,18451,704,60.506505489349365
2026-09-09T05:04:41.140350+00:00,NULL_OVOID,138742.3,168949.4,40,12,60.506505489349365
2026-09-09T05:04:41.140350+00:00,RECOMBOBULATOR_3000,9944008.3,10147984.5,4,3,60.506505489349365
2026-09-09T05:04:41.140350+00:00,SUMMONING_EYE,1178700.8,1248818.3,5,1,60.506505489349365
2026-09-09T05:05:41.629850+00:00,BOOSTER_COOKIE,12024941.1,12193321.6,23,2,60.48305368423462
2026-09-09T05:05:41.629850+00:00,ENCHANTED_DIAMOND,1276.1,1299.5,14354,16,60.48305368423462
2026-09-09T05:05:41.629850+00:00,ENCHANTED_DIAMOND_BLOCK,202929.4,205106.2,460,583,60.48305368423462
2026-09-09T05:05:41.629850+00:00,NULL_SPHERE,310.0,363.1,10730,704,60.48305368423462
2026-09-09T05:05:41.629850+00:00,NULL_OVOID,152500.0,168949.3,24,24,60.48305368423462
2026-09-09T05:05:41.629850+00:00,RECOMBOBULATOR_3000,9954207.3,10128605.8,1,1,60.48305368423462
2026-09-09T05:05:41.629850+00:00,SUMMONING_EYE,1178700.9,1248819.5,2,1,60.48305368423462
2026-09-09T05:06:42.359702+00:00,BOOSTER_COOKIE,12024941.1,12193321.6,23,2,60.733447790145874
2026-09-09T05:06:42.359702+00:00,ENCHANTED_DIAMOND,1276.1,1299.5,14354,16,60.733447790145874
2026-09-09T05:06:42.359702+00:00,ENCHANTED_DIAMOND_BLOCK,202929.4,205106.2,460,583,60.733447790145874
2026-09-09T05:06:42.359702+00:00,NULL_SPHERE,310.0,363.1,10730,704,60.733447790145874
2026-09-09T05:06:42.359702+00:00,NULL_OVOID,152500.0,168949.3,24,24,60.733447790145874
2026-09-09T05:06:42.359702+00:00,RECOMBOBULATOR_3000,9954207.3,10128605.8,1,1,60.733447790145874
2026-09-09T05:06:42.359702+00:00,SUMMONING_EYE,1178700.9,1248819.5,2,1,60.733447790145874
2026-09-09T05:07:42.813312+00:00,BOOSTER_COOKIE,12024941.1,12193321.6,23,2,60.45981216430664
2026-09-09T05:07:42.813312+00:00,ENCHANTED_DIAMOND,1276.1,1299.5,14354,16,60.45981216430664
2026-09-09T05:07:42.813312+00:00,ENCHANTED_DIAMOND_BLOCK,202929.4,205106.2,460,583,60.45981216430664
2026-09-09T05:07:42.813312+00:00,NULL_SPHERE,310.0,363.1,10730,704,60.45981216430664
2026-09-09T05:07:42.813312+00:00,NULL_OVOID,152500.0,168949.3,24,24,60.45981216430664
2026-09-09T05:07:42.813312+00:00,RECOMBOBULATOR_3000,9954207.3,10128605.8,1,1,60.45981216430664
2026-09-09T05:07:42.813312+00:00,SUMMONING_EYE,1178700.9,1248819.5,2,1,60.45981216430664
2026-09-09T05:08:43.326242+00:00,BOOSTER_COOKIE,12024941.1,12193321.6,23,2,60.507960081100464
2026-09-09T05:08:43.326242+00:00,ENCHANTED_DIAMOND,1276.1,1299.5,14354,16,60.507960081100464
2026-09-09T05:08:43.326242+00:00,ENCHANTED_DIAMOND_BLOCK,202929.4,205106.2,460,583,60.507960081100464
2026-09-09T05:08:43.326242+00:00,NULL_SPHERE,310.0,363.1,10730,704,60.507960081100464
2026-09-09T05:08:43.326242+00:00,NULL_OVOID,152500.0,168949.3,24,24,60.507960081100464
2026-09-09T05:08:43.326242+00:00,RECOMBOBULATOR_3000,9954207.3,10128605.8,1,1,60.507960081100464
2026-09-09T05:08:43.326242+00:00,SUMMONING_EYE,1178700.9,1248819.5,2,1,60.507960081100464
2026-09-09T05:09:43.762917+00:00,BOOSTER_COOKIE,12024941.1,12193321.6,23,2,60.23987650871277
2026-09-09T05:09:43.762917+00:00,ENCHANTED_DIAMOND,1276.1,1299.5,14354,16,60.23987650871277
2026-09-09T05:09:43.762917+00:00,ENCHANTED_DIAMOND_BLOCK,202929.4,205106.2,460,583,60.23987650871277
2026-09-09T05:09:43.762917+00:00,NULL_SPHERE,310.0,363.1,10730,704,60.23987650871277
2026-09-09T05:09:43.762917+00:00,NULL_OVOID,152500.0,168949.3,24,24,60.23987650871277
2026-09-09T05:09:43.762917+00:00,RECOMBOBULATOR_3000,9954207.3,10128605.8,1,1,60.23987650871277
2026-09-09T05:09:43.762917+00:00,SUMMONING_EYE,1178700.9,1248819.5,2,1,60.23987650871277
2026-09-09T05:10:44.272993+00:00,BOOSTER_COOKIE,12024942.3,12193321.6,1,8,60.50925254821777
2026-09-09T05:10:44.272993+00:00,ENCHANTED_DIAMOND,1276.3,1299.3,73561,232,60.50925254821777
2026-09-09T05:10:44.272993+00:00,ENCHANTED_DIAMOND_BLOCK,202929.4,205106.0,367,1600,60.50925254821777
2026-09-09T05:10:44.272993+00:00,NULL_SPHERE,310.0,363.1,4958,704,60.50925254821777
2026-09-09T05:10:44.272993+00:00,NULL_OVOID,152500.0,168949.2,21,12,60.50925254821777
2026-09-09T05:10:44.272993+00:00,RECOMBOBULATOR_3000,9933271.5,10128604.2,3,1,60.50925254821777
2026-09-09T05:10:44.272993+00:00,SUMMONING_EYE,1178700.8,1248821.2,9,7,60.50925254821777
2026-09-09T05:11:44.773413+00:00,BOOSTER_COOKIE,12024942.3,12193321.6,1,8,60.50509524345398
2026-09-09T05:11:44.773413+00:00,ENCHANTED_DIAMOND,1276.3,1299.3,73561,232,60.50509524345398
2026-09-09T05:11:44.773413+00:00,ENCHANTED_DIAMOND_BLOCK,202929.4,205106.0,367,1600,60.50509524345398
2026-09-09T05:11:44.773413+00:00,NULL_SPHERE,310.0,363.1,4958,704,60.50509524345398
2026-09-09T05:11:44.773413+00:00,NULL_OVOID,152500.0,168949.2,21,12,60.50509524345398
2026-09-09T05:11:44.773413+00:00,RECOMBOBULATOR_3000,9933271.5,10128604.2,3,1,60.50509524345398
2026-09-09T05:11:44.773413+00:00,SUMMONING_EYE,1178700.8,1248821.2,9,7,60.50509524345398
2026-09-09T05:12:45.185269+00:00,BOOSTER_COOKIE,12024942.3,12193321.6,1,8,60.40701699256897
2026-09-09T05:12:45.185269+00:00,ENCHANTED_DIAMOND,1276.3,1299.3,73561,232,60.40701699256897
2026-09-09T05:12:45.185269+00:00,ENCHANTED_DIAMOND_BLOCK,202929.4,205106.0,367,1600,60.40701699256897
2026-09-09T05:12:45.185269+00:00,NULL_SPHERE,310.0,363.1,4958,704,60.40701699256897
2026-09-09T05:12:45.185269+00:00,NULL_OVOID,152500.0,168949.2,21,12,60.40701699256897
2026-09-09T05:12:45.185269+00:00,RECOMBOBULATOR_3000,9933271.5,10128604.2,3,1,60.40701699256897
2026-09-09T05:12:45.185269+00:00,SUMMONING_EYE,1178700.8,1248821.2,9,7,60.40701699256897
2026-09-09T05:13:45.441291+00:00,BOOSTER_COOKIE,12024942.3,12193321.6,1,8,60.25677013397217
2026-09-09T05:13:45.441291+00:00,ENCHANTED_DIAMOND,1276.3,1299.3,73561,232,60.25677013397217
2026-09-09T05:13:45.441291+00:00,ENCHANTED_DIAMOND_BLOCK,202929.4,205106.0,367,1600,60.25677013397217
2026-09-09T05:13:45.441291+00:00,NULL_SPHERE,310.0,363.1,4958,704,60.25677013397217
2026-09-09T05:13:45.441291+00:00,NULL_OVOID,152500.0,168949.2,21,12,60.25677013397217
2026-09-09T05:13:45.441291+00:00,RECOMBOBULATOR_3000,9933271.5,10128604.2,3,1,60.25677013397217
2026-09-09T05:13:45.441291+00:00,SUMMONING_EYE,1178700.8,1248821.2,9,7,60.25677013397217
2026-09-09T05:14:45.706760+00:00,BOOSTER_COOKIE,12024942.3,12193321.6,1,8,60.265443086624146
2026-09-09T05:14:45.706760+00:00,ENCHANTED_DIAMOND,1276.3,1299.3,73561,232,60.265443086624146
2026-09-09T05:14:45.706760+00:00,ENCHANTED_DIAMOND_BLOCK,202929.4,205106.0,367,1600,60.265443086624146
2026-09-09T05:14:45.706760+00:00,NULL_SPHERE,310.0,363.1,4958,704,60.265443086624146
2026-09-09T05:14:45.706760+00:00,NULL_OVOID,152500.0,168949.2,21,12,60.265443086624146
2026-09-09T05:14:45.706760+00:00,RECOMBOBULATOR_3000,9933271.5,10128604.2,3,1,60.265443086624146
2026-09-09T05:14:45.706760+00:00,SUMMONING_EYE,1178700.8,1248821.2,9,7,60.265443086624146
2026-09-09T05:15:45.996896+00:00,BOOSTER_COOKIE,11975707.6,12193199.8,1,4,60.28997611999512
2026-09-09T05:15:45.996896+00:00,ENCHANTED_DIAMOND,1276.3,1299.5,71147,287,60.28997611999512
2026-09-09T05:15:45.996896+00:00,ENCHANTED_DIAMOND_BLOCK,202850.1,205105.9,160,763,60.28997611999512
2026-09-09T05:15:45.996896+00:00,NULL_SPHERE,310.1,363.1,7665,704,60.28997611999512
2026-09-09T05:15:45.996896+00:00,NULL_OVOID,152500.0,168949.6,21,28,60.28997611999512
2026-09-09T05:15:45.996896+00:00,RECOMBOBULATOR_3000,9933271.7,10128595.0,1,30,60.28997611999512
2026-09-09T05:15:45.996896+00:00,SUMMONING_EYE,1178700.8,1248821.4,6,17,60.28997611999512
2026-09-09T05:16:46.265048+00:00,BOOSTER_COOKIE,11975707.6,12193199.8,1,4,60.2693350315094
2026-09-09T05:16:46.265048+00:00,ENCHANTED_DIAMOND,1276.3,1299.5,71147,287,60.2693350315094
2026-09-09T05:16:46.265048+00:00,ENCHANTED_DIAMOND_BLOCK,202850.1,205105.9,160,763,60.2693350315094
2026-09-09T05:16:46.265048+00:00,NULL_SPHERE,310.1,363.1,7665,704,60.2693350315094
2026-09-09T05:16:46.265048+00:00,NULL_OVOID,152500.0,168949.6,21,28,60.2693350315094
2026-09-09T05:16:46.265048+00:00,RECOMBOBULATOR_3000,9933271.7,10128595.0,1,30,60.2693350315094
2026-09-09T05:16:46.265048+00:00,SUMMONING_EYE,1178700.8,1248821.4,6,17,60.2693350315094
2026-09-09T05:17:46.530441+00:00,BOOSTER_COOKIE,11975707.6,12193199.8,1,4,60.2632691860199
2026-09-09T05:17:46.530441+00:00,ENCHANTED_DIAMOND,1276.3,1299.5,71147,287,60.2632691860199
2026-09-09T05:17:46.530441+00:00,ENCHANTED_DIAMOND_BLOCK,202850.1,205105.9,160,763,60.2632691860199
2026-09-09T05:17:46.530441+00:00,NULL_SPHERE,310.1,363.1,7665,704,60.2632691860199
2026-09-09T05:17:46.530441+00:00,NULL_OVOID,152500.0,168949.6,21,28,60.2632691860199
2026-09-09T05:17:46.530441+00:00,RECOMBOBULATOR_3000,9933271.7,10128595.0,1,30,60.2632691860199
2026-09-09T05:17:46.530441+00:00,SUMMONING_EYE,1178700.8,1248821.4,6,17,60.2632691860199
2026-09-09T05:18:46.789307+00:00,BOOSTER_COOKIE,11975707.6,12193199.8,1,4,60.258872509002686
2026-09-09T05:18:46.789307+00:00,ENCHANTED_DIAMOND,1276.3,1299.5,71147,287,60.258872509002686
2026-09-09T05:18:46.789307+00:00,ENCHANTED_DIAMOND_BLOCK,202850.1,205105.9,160,763,60.258872509002686
2026-09-09T05:18:46.789307+00:00,NULL_SPHERE,310.1,363.1,7665,704,60.258872509002686
2026-09-09T05:18:46.789307+00:00,NULL_OVOID,152500.0,168949.6,21,28,60.258872509002686
2026-09-09T05:18:46.789307+00:00,RECOMBOBULATOR_3000,9933271.7,10128595.0,1,30,60.258872509002686
2026-09-09T05:18:46.789307+00:00,SUMMONING_EYE,1178700.8,1248821.4,6,17,60.258872509002686
2026-09-09T05:19:47.043148+00:00,BOOSTER_COOKIE,11975707.6,12193199.8,1,4,60.26205348968506
2026-09-09T05:19:47.043148+00:00,ENCHANTED_DIAMOND,1276.3,1299.5,71147,287,60.26205348968506
2026-09-09T05:19:47.043148+00:00,ENCHANTED_DIAMOND_BLOCK,202850.1,205105.9,160,763,60.26205348968506
2026-09-09T05:19:47.043148+00:00,NULL_SPHERE,310.1,363.1,7665,704,60.26205348968506
2026-09-09T05:19:47.043148+00:00,NULL_OVOID,152500.0,168949.6,21,28,60.26205348968506
2026-09-09T05:19:47.043148+00:00,RECOMBOBULATOR_3000,9933271.7,10128595.0,1,30,60.26205348968506
2026-09-09T05:19:47.043148+00:00,SUMMONING_EYE,1178700.8,1248821.4,6,17,60.26205348968506
2026-09-09T05:20:47.279044+00:00,BOOSTER_COOKIE,11975706.8,12193199.5,20,1,60.23094153404236
2026-09-09T05:20:47.279044+00:00,ENCHANTED_DIAMOND,1276.3,1299.2,70499,101,60.23094153404236
2026-09-09T05:20:47.279044+00:00,ENCHANTED_DIAMOND_BLOCK,202850.4,205105.6,7,51,60.23094153404236
2026-09-09T05:20:47.279044+00:00,NULL_SPHERE,310.1,362.9,5087,1600,60.23094153404236
2026-09-09T05:20:47.279044+00:00,NULL_OVOID,138742.2,168949.4,865,264,60.23094153404236
2026-09-09T05:20:47.279044+00:00,RECOMBOBULATOR_3000,9919337.0,10107668.1,14,2,60.23094153404236
2026-09-09T05:20:47.279044+00:00,SUMMONING_EYE,1178701.0,1248821.2,5,1,60.23094153404236
2026-09-09T05:21:47.532623+00:00,BOOSTER_COOKIE,11975706.8,12193199.5,20,1,60.250267028808594
2026-09-09T05:21:47.532623+00:00,ENCHANTED_DIAMOND,1276.3,1299.2,70499,101,60.250267028808594
2026-09-09T05:21:47.532623+00:00,ENCHANTED_DIAMOND_BLOCK,202850.4,205105.6,7,51,60.250267028808594
2026-09-09T05:21:47.532623+00:00,NULL_SPHERE,310.1,362.9,5087,1600,60.250267028808594
2026-09-09T05:21:47.532623+00:00,NULL_OVOID,138742.2,168949.4,865,264,60.250267028808594
2026-09-09T05:21:47.532623+00:00,RECOMBOBULATOR_3000,9919337.0,10107668.1,14,2,60.250267028808594
2026-09-09T05:21:47.532623+00:00,SUMMONING_EYE,1178701.0,1248821.2,5,1,60.250267028808594
2026-09-09T05:22:47.765213+00:00,BOOSTER_COOKIE,11975706.8,12193199.5,20,1,60.23312449455261
2026-09-09T05:22:47.765213+00:00,ENCHANTED_DIAMOND,1276.3,1299.2,70499,101,60.23312449455261
2026-09-09T05:22:47.765213+00:00,ENCHANTED_DIAMOND_BLOCK,202850.4,205105.6,7,51,60.23312449455261
2026-09-09T05:22:47.765213+00:00,NULL_SPHERE,310.1,362.9,5087,1600,60.23312449455261
2026-09-09T05:22:47.765213+00:00,NULL_OVOID,138742.2,168949.4,865,264,60.23312449455261
2026-09-09T05:22:47.765213+00:00,RECOMBOBULATOR_3000,9919337.0,10107668.1,14,2,60.23312449455261
2026-09-09T05:22:47.765213+00:00,SUMMONING_EYE,1178701.0,1248821.2,5,1,60.23312449455261
2026-09-09T05:23:48.045424+00:00,BOOSTER_COOKIE,11975706.8,12193199.5,20,1,60.28196668624878
2026-09-09T05:23:48.045424+00:00,ENCHANTED_DIAMOND,1276.3,1299.2,70499,101,60.28196668624878
2026-09-09T05:23:48.045424+00:00,ENCHANTED_DIAMOND_BLOCK,202850.4,205105.6,7,51,60.28196668624878
2026-09-09T05:23:48.045424+00:00,NULL_SPHERE,310.1,362.9,5087,1600,60.28196668624878
2026-09-09T05:23:48.045424+00:00,NULL_OVOID,138742.2,168949.4,865,264,60.28196668624878
2026-09-09T05:23:48.045424+00:00,RECOMBOBULATOR_3000,9919337.0,10107668.1,14,2,60.28196668624878
2026-09-09T05:23:48.045424+00:00,SUMMONING_EYE,1178701.0,1248821.2,5,1,60.28196668624878
2026-09-09T05:24:48.285998+00:00,BOOSTER_COOKIE,11975706.8,12193199.5,20,1,60.23849606513977
2026-09-09T05:24:48.285998+00:00,ENCHANTED_DIAMOND,1276.3,1299.2,70499,101,60.23849606513977
2026-09-09T05:24:48.285998+00:00,ENCHANTED_DIAMOND_BLOCK,202850.4,205105.6,7,51,60.23849606513977
2026-09-09T05:24:48.285998+00:00,NULL_SPHERE,310.1,362.9,5087,1600,60.23849606513977
2026-09-09T05:24:48.285998+00:00,NULL_OVOID,138742.2,168949.4,865,264,60.23849606513977
2026-09-09T05:24:48.285998+00:00,RECOMBOBULATOR_3000,9919337.0,10107668.1,14,2,60.23849606513977
2026-09-09T05:24:48.285998+00:00,SUMMONING_EYE,1178701.0,1248821.2,5,1,60.23849606513977
2026-09-09T05:25:48.568200+00:00,BOOSTER_COOKIE,11975707.3,12193321.1,1,12,60.2815375328064
2026-09-09T05:25:48.568200+00:00,ENCHANTED_DIAMOND,1276.4,1299.1,25,803,60.2815375328064
2026-09-09T05:25:48.568200+00:00,ENCHANTED_DIAMOND_BLOCK,202850.5,205105.3,30,12,60.2815375328064
2026-09-09T05:25:48.568200+00:00,NULL_SPHERE,272.2,362.7,27451,32,60.2815375328064
2026-09-09T05:25:48.568200+00:00,NULL_OVOID,138742.2,168949.7,865,807,60.2815375328064
2026-09-09T05:25:48.568200+00:00,RECOMBOBULATOR_3000,9919337.5,10107667.5,1,2,60.2815375328064
2026-09-09T05:25:48.568200+00:00,SUMMONING_EYE,1178700.6,1248825.2,7,6,60.2815375328064
2026-09-09T05:26:48.813090+00:00,BOOSTER_COOKIE,11975707.3,12193321.1,1,12,60.24737358093262
2026-09-09T05:26:48.813090+00:00,ENCHANTED_DIAMOND,1276.4,1299.1,25,803,60.24737358093262
2026-09-09T05:26:48.813090+00:00,ENCHANTED_DIAMOND_BLOCK,202850.5,205105.3,30,12,60.24737358093262
2026-09-09T05:26:48.813090+00:00,NULL_SPHERE,272.2,362.7,27451,32,60.24737358093262
2026-09-09T05:26:48.813090+00:00,NULL_OVOID,138742.2,168949.7,865,807,60.24737358093262
2026-09-09T05:26:48.813090+00:00,RECOMBOBULATOR_3000,9919337.5,10107667.5,1,2,60.24737358093262
2026-09-09T05:26:48.813090+00:00,SUMMONING_EYE,1178700.6,1248825.2,7,6,60.24737358093262
2026-09-09T05:27:49.039143+00:00,BOOSTER_COOKIE,11975707.3,12193321.1,1,12,60.22449803352356
2026-09-09T05:27:49.039143+00:00,ENCHANTED_DIAMOND,1276.4,1299.1,25,803,60.22449803352356
2026-09-09T05:27:49.039143+00:00,ENCHANTED_DIAMOND_BLOCK,202850.5,205105.3,30,12,60.22449803352356
2026-09-09T05:27:49.039143+00:00,NULL_SPHERE,272.2,362.7,27451,32,60.22449803352356
2026-09-09T05:27:49.039143+00:00,NULL_OVOID,138742.2,168949.7,865,807,60.22449803352356
2026-09-09T05:27:49.039143+00:00,RECOMBOBULATOR_3000,9919337.5,10107667.5,1,2,60.22449803352356
2026-09-09T05:27:49.039143+00:00,SUMMONING_EYE,1178700.6,1248825.2,7,6,60.22449803352356
2026-09-09T05:28:49.304321+00:00,BOOSTER_COOKIE,11975707.3,12193321.1,1,12,60.26701879501343
2026-09-09T05:28:49.304321+00:00,ENCHANTED_DIAMOND,1276.4,1299.1,25,803,60.26701879501343
2026-09-09T05:28:49.304321+00:00,ENCHANTED_DIAMOND_BLOCK,202850.5,205105.3,30,12,60.26701879501343
2026-09-09T05:28:49.304321+00:00,NULL_SPHERE,272.2,362.7,27451,32,60.26701879501343
2026-09-09T05:28:49.304321+00:00,NULL_OVOID,138742.2,168949.7,865,807,60.26701879501343
2026-09-09T05:28:49.304321+00:00,RECOMBOBULATOR_3000,9919337.5,10107667.5,1,2,60.26701879501343
2026-09-09T05:28:49.304321+00:00,SUMMONING_EYE,1178700.6,1248825.2,7,6,60.26701879501343
2026-09-09T05:29:49.576472+00:00,BOOSTER_COOKIE,11975707.3,12193321.1,1,12,60.26931309700012
2026-09-09T05:29:49.576472+00:00,ENCHANTED_DIAMOND,1276.4,1299.1,25,803,60.26931309700012
2026-09-09T05:29:49.576472+00:00,ENCHANTED_DIAMOND_BLOCK,202850.5,205105.3,30,12,60.26931309700012
2026-09-09T05:29:49.576472+00:00,NULL_SPHERE,272.2,362.7,27451,32,60.26931309700012
2026-09-09T05:29:49.576472+00:00,NULL_OVOID,138742.2,168949.7,865,807,60.26931309700012
2026-09-09T05:29:49.576472+00:00,RECOMBOBULATOR_3000,9919337.5,10107667.5,1,2,60.26931309700012
2026-09-09T05:29:49.576472+00:00,SUMMONING_EYE,1178700.6,1248825.2,7,6,60.26931309700012
2026-09-09T05:30:49.807620+00:00,BOOSTER_COOKIE,11975707.1,12193320.7,1,2,60.23532319068909
2026-09-09T05:30:49.807620+00:00,ENCHANTED_DIAMOND,1276.3,1299.3,65310,679,60.23532319068909
2026-09-09T05:30:49.807620+00:00,ENCHANTED_DIAMOND_BLOCK,202850.6,205105.4,993,61,60.23532319068909
2026-09-09T05:30:49.807620+00:00,NULL_SPHERE,271.7,362.7,29793,32,60.23532319068909
2026-09-09T05:30:49.807620+00:00,NULL_OVOID,138742.2,168949.7,865,807,60.23532319068909
2026-09-09T05:30:49.807620+00:00,RECOMBOBULATOR_3000,9919337.3,10107667.2,4,1,60.23532319068909
2026-09-09T05:30:49.807620+00:00,SUMMONING_EYE,1178700.2,1248825.2,10,4,60.23532319068909
2026-09-09T05:31:50.068306+00:00,BOOSTER_COOKIE,11975707.1,12193320.7,1,2,60.26448965072632
2026-09-09T05:31:50.068306+00:00,ENCHANTED_DIAMOND,1276.3,1299.3,65310,679,60.26448965072632
2026-09-09T05:31:50.068306+00:00,ENCHANTED_DIAMOND_BLOCK,202850.6,205105.4,993,61,60.26448965072632
2026-09-09T05:31:50.068306+00:00,NULL_SPHERE,271.7,362.7,29793,32,60.26448965072632
2026-09-09T05:31:50.068306+00:00,NULL_OVOID,138742.2,168949.7,865,807,60.26448965072632
2026-09-09T05:31:50.068306+00:00,RECOMBOBULATOR_3000,9919337.3,10107667.2,4,1,60.26448965072632
2026-09-09T05:31:50.068306+00:00,SUMMONING_EYE,1178700.2,1248825.2,10,4,60.26448965072632
2026-09-09T05:32:50.311259+00:00,BOOSTER_COOKIE,11975707.1,12193320.7,1,2,60.23799276351929
2026-09-09T05:32:50.311259+00:00,ENCHANTED_DIAMOND,1276.3,1299.3,65310,679,60.23799276351929
2026-09-09T05:32:50.311259+00:00,ENCHANTED_DIAMOND_BLOCK,202850.6,205105.4,993,61,60.23799276351929
2026-09-09T05:32:50.311259+00:00,NULL_SPHERE,271.7,362.7,29793,32,60.23799276351929
2026-09-09T05:32:50.311259+00:00,NULL_OVOID,138742.2,168949.7,865,807,60.23799276351929
2026-09-09T05:32:50.311259+00:00,RECOMBOBULATOR_3000,9919337.3,10107667.2,4,1,60.23799276351929
2026-09-09T05:32:50.311259+00:00,SUMMONING_EYE,1178700.2,1248825.2,10,4,60.23799276351929
2026-09-09T05:33:50.561746+00:00,BOOSTER_COOKIE,11975707.1,12193320.7,1,2,60.24877905845642
2026-09-09T05:33:50.561746+00:00,ENCHANTED_DIAMOND,1276.3,1299.3,65310,679,60.24877905845642
2026-09-09T05:33:50.561746+00:00,ENCHANTED_DIAMOND_BLOCK,202850.6,205105.4,993,61,60.24877905845642
2026-09-09T05:33:50.561746+00:00,NULL_SPHERE,271.7,362.7,29793,32,60.24877905845642
2026-09-09T05:33:50.561746+00:00,NULL_OVOID,138742.2,168949.7,865,807,60.24877905845642
2026-09-09T05:33:50.561746+00:00,RECOMBOBULATOR_3000,9919337.3,10107667.2,4,1,60.24877905845642
2026-09-09T05:33:50.561746+00:00,SUMMONING_EYE,1178700.2,1248825.2,10,4,60.24877905845642
2026-09-09T05:34:50.792329+00:00,BOOSTER_COOKIE,11975707.1,12193320.7,1,2,60.231947898864746
2026-09-09T05:34:50.792329+00:00,ENCHANTED_DIAMOND,1276.3,1299.3,65310,679,60.231947898864746
2026-09-09T05:34:50.792329+00:00,ENCHANTED_DIAMOND_BLOCK,202850.6,205105.4,993,61,60.231947898864746
2026-09-09T05:34:50.792329+00:00,NULL_SPHERE,271.7,362.7,29793,32,60.231947898864746
2026-09-09T05:34:50.792329+00:00,NULL_OVOID,138742.2,168949.7,865,807,60.231947898864746
2026-09-09T05:34:50.792329+00:00,RECOMBOBULATOR_3000,9919337.3,10107667.2,4,1,60.231947898864746
2026-09-09T05:34:50.792329+00:00,SUMMONING_EYE,1178700.2,1248825.2,10,4,60.231947898864746
2026-09-09T05:35:51.043521+00:00,BOOSTER_COOKIE,11975706.6,12193319.0,184,10,60.249123334884644
2026-09-09T05:35:51.043521+00:00,ENCHANTED_DIAMOND,1276.4,1299.8,1963,51,60.249123334884644
2026-09-09T05:35:51.043521+00:00,ENCHANTED_DIAMOND_BLOCK,202850.8,205105.3,2314,448,60.249123334884644
2026-09-09T05:35:51.043521+00:00,NULL_SPHERE,271.7,362.7,24314,11,60.249123334884644
2026-09-09T05:35:51.043521+00:00,NULL_OVOID,138742.3,168949.5,56,42,60.249123334884644
2026-09-09T05:35:51.043521+00:00,RECOMBOBULATOR_3000,9919336.4,10107666.1,2,9,60.249123334884644
2026-09-09T05:35:51.043521+00:00,SUMMONING_EYE,1178700.2,1241812.5,8,1,60.249123334884644
2026-09-09T05:36:51.334986+00:00,BOOSTER_COOKIE,11975706.6,12193319.0,184,10,60.291074991226196
2026-09-09T05:36:51.334986+00:00,ENCHANTED_DIAMOND,1276.4,1299.8,1963,51,60.291074991226196
2026-09-09T05:36:51.334986+00:00,ENCHANTED_DIAMOND_BLOCK,202850.8,205105.3,2314,448,60.291074991226196
2026-09-09T05:36:51.334986+00:00,NULL_SPHERE,271.7,362.7,24314,11,60.291074991226196
2026-09-09T05:36:51.334986+00:00,NULL_OVOID,138742.3,168949.5,56,42,60.291074991226196
2026-09-09T05:36:51.334986+00:00,RECOMBOBULATOR_3000,9919336.4,10107666.1,2,9,60.291074991226196
2026-09-09T05:36:51.334986+00:00,SUMMONING_EYE,1178700.2,1241812.5,8,1,60.291074991226196
2026-09-09T05:37:51.872441+00:00,BOOSTER_COOKIE,11975706.6,12193319.0,184,10,60.53927493095398
2026-09-09T05:37:51.872441+00:00,ENCHANTED_DIAMOND,1276.4,1299.8,1963,51,60.53927493095398
2026-09-09T05:37:51.872441+00:00,ENCHANTED_DIAMOND_BLOCK,202850.8,205105.3,2314,448,60.53927493095398
2026-09-09T05:37:51.872441+00:00,NULL_SPHERE,271.7,362.7,24314,11,60.53927493095398
2026-09-09T05:37:51.872441+00:00,NULL_OVOID,138742.3,168949.5,56,42,60.53927493095398
2026-09-09T05:37:51.872441+00:00,RECOMBOBULATOR_3000,9919336.4,10107666.1,2,9,60.53927493095398
2026-09-09T05:37:51.872441+00:00,SUMMONING_EYE,1178700.2,1241812.5,8,1,60.53927493095398
2026-09-09T05:38:52.116427+00:00,BOOSTER_COOKIE,11975706.6,12193319.0,184,10,60.241161823272705
2026-09-09T05:38:52.116427+00:00,ENCHANTED_DIAMOND,1276.4,1299.8,1963,51,60.241161823272705
2026-09-09T05:38:52.116427+00:00,ENCHANTED_DIAMOND_BLOCK,202850.8,205105.3,2314,448,60.241161823272705
2026-09-09T05:38:52.116427+00:00,NULL_SPHERE,271.7,362.7,24314,11,60.241161823272705
2026-09-09T05:38:52.116427+00:00,NULL_OVOID,138742.3,168949.5,56,42,60.241161823272705
2026-09-09T05:38:52.116427+00:00,RECOMBOBULATOR_3000,9919336.4,10107666.1,2,9,60.241161823272705
2026-09-09T05:38:52.116427+00:00,SUMMONING_EYE,1178700.2,1241812.5,8,1,60.241161823272705
2026-09-09T05:39:52.373451+00:00,BOOSTER_COOKIE,11975706.6,12193319.0,184,10,60.25961709022522
2026-09-09T05:39:52.373451+00:00,ENCHANTED_DIAMOND,1276.4,1299.8,1963,51,60.25961709022522
2026-09-09T05:39:52.373451+00:00,ENCHANTED_DIAMOND_BLOCK,202850.8,205105.3,2314,448,60.25961709022522
2026-09-09T05:39:52.373451+00:00,NULL_SPHERE,271.7,362.7,24314,11,60.25961709022522
2026-09-09T05:39:52.373451+00:00,NULL_OVOID,138742.3,168949.5,56,42,60.25961709022522
2026-09-09T05:39:52.373451+00:00,RECOMBOBULATOR_3000,9919336.4,10107666.1,2,9,60.25961709022522
2026-09-09T05:39:52.373451+00:00,SUMMONING_EYE,1178700.2,1241812.5,8,1,60.25961709022522
2026-09-09T05:40:52.619472+00:00,BOOSTER_COOKIE,11975706.9,12193320.6,1,17,60.24601745605469
2026-09-09T05:40:52.619472+00:00,ENCHANTED_DIAMOND,1276.3,1299.7,51188,1198,60.24601745605469
2026-09-09T05:40:52.619472+00:00,ENCHANTED_DIAMOND_BLOCK,202850.8,205105.2,1165,501,60.24601745605469
2026-09-09T05:40:52.619472+00:00,NULL_SPHERE,271.8,362.6,11249,304,60.24601745605469
2026-09-09T05:40:52.619472+00:00,NULL_OVOID,138742.4,168949.5,104,39,60.24601745605469
2026-09-09T05:40:52.619472+00:00,RECOMBOBULATOR_3000,9912454.2,10107665.2,90,7,60.24601745605469
2026-09-09T05:40:52.619472+00:00,SUMMONING_EYE,1178700.4,1248825.0,8,2,60.24601745605469
2026-09-09T05:41:52.869634+00:00,BOOSTER_COOKIE,11975706.9,12193320.6,1,17,60.24786186218262
2026-09-09T05:41:52.869634+00:00,ENCHANTED_DIAMOND,1276.3,1299.7,51188,1198,60.24786186218262
2026-09-09T05:41:52.869634+00:00,ENCHANTED_DIAMOND_BLOCK,202850.8,205105.2,1165,501,60.24786186218262
2026-09-09T05:41:52.869634+00:00,NULL_SPHERE,271.8,362.6,11249,304,60.24786186218262
2026-09-09T05:41:52.869634+00:00,NULL_OVOID,138742.4,168949.5,104,39,60.24786186218262
2026-09-09T05:41:52.869634+00:00,RECOMBOBULATOR_3000,9912454.2,10107665.2,90,7,60.24786186218262
2026-09-09T05:41:52.869634+00:00,SUMMONING_EYE,1178700.4,1248825.0,8,2,60.24786186218262
2026-09-09T05:42:53.121763+00:00,BOOSTER_COOKIE,11975706.9,12193320.6,1,17,60.25285768508911
2026-09-09T05:42:53.121763+00:00,ENCHANTED_DIAMOND,1276.3,1299.7,51188,1198,60.25285768508911
2026-09-09T05:42:53.121763+00:00,ENCHANTED_DIAMOND_BLOCK,202850.8,205105.2,1165,501,60.25285768508911
2026-09-09T05:42:53.121763+00:00,NULL_SPHERE,271.8,362.6,11249,304,60.25285768508911
2026-09-09T05:42:53.121763+00:00,NULL_OVOID,138742.4,168949.5,104,39,60.25285768508911
2026-09-09T05:42:53.121763+00:00,RECOMBOBULATOR_3000,9912454.2,10107665.2,90,7,60.25285768508911
2026-09-09T05:42:53.121763+00:00,SUMMONING_EYE,1178700.4,1248825.0,8,2,60.25285768508911
2026-09-09T05:43:53.386797+00:00,BOOSTER_COOKIE,11975706.9,12193320.6,1,17,60.27179503440857
2026-09-09T05:43:53.386797+00:00,ENCHANTED_DIAMOND,1276.3,1299.7,51188,1198,60.27179503440857
2026-09-09T05:43:53.386797+00:00,ENCHANTED_DIAMOND_BLOCK,202850.8,205105.2,1165,501,60.27179503440857
2026-09-09T05:43:53.386797+00:00,NULL_SPHERE,271.8,362.6,11249,304,60.27179503440857
2026-09-09T05:43:53.386797+00:00,NULL_OVOID,138742.4,168949.5,104,39,60.27179503440857
2026-09-09T05:43:53.386797+00:00,RECOMBOBULATOR_3000,9912454.2,10107665.2,90,7,60.27179503440857
2026-09-09T05:43:53.386797+00:00,SUMMONING_EYE,1178700.4,1248825.0,8,2,60.27179503440857
2026-09-09T05:44:53.682975+00:00,BOOSTER_COOKIE,11975706.9,12193320.6,1,17,60.28867435455322
2026-09-09T05:44:53.682975+00:00,ENCHANTED_DIAMOND,1276.3,1299.7,51188,1198,60.28867435455322
2026-09-09T05:44:53.682975+00:00,ENCHANTED_DIAMOND_BLOCK,202850.8,205105.2,1165,501,60.28867435455322
2026-09-09T05:44:53.682975+00:00,NULL_SPHERE,271.8,362.6,11249,304,60.28867435455322
2026-09-09T05:44:53.682975+00:00,NULL_OVOID,138742.4,168949.5,104,39,60.28867435455322
2026-09-09T05:44:53.682975+00:00,RECOMBOBULATOR_3000,9912454.2,10107665.2,90,7,60.28867435455322
2026-09-09T05:44:53.682975+00:00,SUMMONING_EYE,1178700.4,1248825.0,8,2,60.28867435455322
2026-09-09T05:45:53.944884+00:00,BOOSTER_COOKIE,11975707.2,12193320.5,1,14,60.261218786239624
2026-09-09T05:45:53.944884+00:00,ENCHANTED_DIAMOND,1276.5,1299.4,567,160,60.261218786239624
2026-09-09T05:45:53.944884+00:00,ENCHANTED_DIAMOND_BLOCK,202850.5,205105.5,224,1821,60.261218786239624
2026-09-09T05:45:53.944884+00:00,NULL_SPHERE,271.8,362.9,6706,1435,60.261218786239624
2026-09-09T05:45:53.944884+00:00,NULL_OVOID,138742.4,168949.5,102,6,60.261218786239624
2026-09-09T05:45:53.944884+00:00,RECOMBOBULATOR_3000,9912454.2,10107664.6,82,1,60.261218786239624
2026-09-09T05:45:53.944884+00:00,SUMMONING_EYE,1178700.7,1248825.0,2,1,60.261218786239624
2026-09-09T05:46:54.213376+00:00,BOOSTER_COOKIE,11975707.2,12193320.5,1,14,60.2701952457428
2026-09-09T05:46:54.213376+00:00,ENCHANTED_DIAMOND,1276.5,1299.4,567,160,60.2701952457428
2026-09-09T05:46:54.213376+00:00,ENCHANTED_DIAMOND_BLOCK,202850.5,205105.5,224,1821,60.2701952457428
2026-09-09T05:46:54.213376+00:00,NULL_SPHERE,271.8,362.9,6706,1435,60.2701952457428
2026-09-09T05:46:54.213376+00:00,NULL_OVOID,138742.4,168949.5,102,6,60.2701952457428
2026-09-09T05:46:54.213376+00:00,RECOMBOBULATOR_3000,9912454.2,10107664.6,82,1,60.2701952457428
2026-09-09T05:46:54.213376+00:00,SUMMONING_EYE,1178700.7,1248825.0,2,1,60.2701952457428
2026-09-09T05:47:54.460881+00:00,BOOSTER_COOKIE,11975707.2,12193320.5,1,14,60.24853754043579
2026-09-09T05:47:54.460881+00:00,ENCHANTED_DIAMOND,1276.5,1299.4,567,160,60.24853754043579
2026-09-09T05:47:54.460881+00:00,ENCHANTED_DIAMOND_BLOCK,202850.5,205105.5,224,1821,60.24853754043579
2026-09-09T05:47:54.460881+00:00,NULL_SPHERE,271.8,362.9,6706,1435,60.24853754043579
2026-09-09T05:47:54.460881+00:00,NULL_OVOID,138742.4,168949.5,102,6,60.24853754043579
2026-09-09T05:47:54.460881+00:00,RECOMBOBULATOR_3000,9912454.2,10107664.6,82,1,60.24853754043579
2026-09-09T05:47:54.460881+00:00,SUMMONING_EYE,1178700.7,1248825.0,2,1,60.24853754043579
2026-09-09T05:48:54.753658+00:00,BOOSTER_COOKIE,11975707.2,12193320.5,1,14,60.29297471046448
2026-09-09T05:48:54.753658+00:00,ENCHANTED_DIAMOND,1276.5,1299.4,567,160,60.29297471046448
2026-09-09T05:48:54.753658+00:00,ENCHANTED_DIAMOND_BLOCK,202850.5,205105.5,224,1821,60.29297471046448
2026-09-09T05:48:54.753658+00:00,NULL_SPHERE,271.8,362.9,6706,1435,60.29297471046448
2026-09-09T05:48:54.753658+00:00,NULL_OVOID,138742.4,168949.5,102,6,60.29297471046448
2026-09-09T05:48:54.753658+00:00,RECOMBOBULATOR_3000,9912454.2,10107664.6,82,1,60.29297471046448
2026-09-09T05:48:54.753658+00:00,SUMMONING_EYE,1178700.7,1248825.0,2,1,60.29297471046448
2026-09-09T05:49:55.004810+00:00,BOOSTER_COOKIE,11975707.2,12193320.5,1,14,60.24965786933899
2026-09-09T05:49:55.004810+00:00,ENCHANTED_DIAMOND,1276.5,1299.4,567,160,60.24965786933899
2026-09-09T05:49:55.004810+00:00,ENCHANTED_DIAMOND_BLOCK,202850.5,205105.5,224,1821,60.24965786933899
2026-09-09T05:49:55.004810+00:00,NULL_SPHERE,271.8,362.9,6706,1435,60.24965786933899
2026-09-09T05:49:55.004810+00:00,NULL_OVOID,138742.4,168949.5,102,6,60.24965786933899
2026-09-09T05:49:55.004810+00:00,RECOMBOBULATOR_3000,9912454.2,10107664.6,82,1,60.24965786933899
2026-09-09T05:49:55.004810+00:00,SUMMONING_EYE,1178700.7,1248825.0,2,1,60.24965786933899
2026-09-09T05:50:55.293788+00:00,BOOSTER_COOKIE,11975706.8,12193319.8,13,20,60.28920865058899
2026-09-09T05:50:55.293788+00:00,ENCHANTED_DIAMOND,1276.4,1298.9,1478,160,60.28920865058899
2026-09-09T05:50:55.293788+00:00,ENCHANTED_DIAMOND_BLOCK,202850.7,205105.5,512,1799,60.28920865058899
2026-09-09T05:50:55.293788+00:00,NULL_SPHERE,271.9,363.1,13069,699,60.28920865058899
2026-09-09T05:50:55.293788+00:00,NULL_OVOID,138742.7,168949.3,64,9,60.28920865058899
2026-09-09T05:50:55.293788+00:00,RECOMBOBULATOR_3000,9912454.5,10107664.3,12,1,60.28920865058899
2026-09-09T05:50:55.293788+00:00,SUMMONING_EYE,1178700.7,1252507.0,8,8,60.28920865058899
2026-09-09T05:51:55.518610+00:00,BOOSTER_COOKIE,11975706.8,12193319.8,13,20,60.22465968132019
2026-09-09T05:51:55.518610+00:00,ENCHANTED_DIAMOND,1276.4,1298.9,1478,160,60.22465968132019
2026-09-09T05:51:55.518610+00:00,ENCHANTED_DIAMOND_BLOCK,202850.7,205105.5,512,1799,60.22465968132019
2026-09-09T05:51:55.518610+00:00,NULL_SPHERE,271.9,363.1,13069,699,60.22465968132019
2026-09-09T05:51:55.518610+00:00,NULL_OVOID,138742.7,168949.3,64,9,60.22465968132019
2026-09-09T05:51:55.518610+00:00,RECOMBOBULATOR_3000,9912454.5,10107664.3,12,1,60.22465968132019
2026-09-09T05:51:55.518610+00:00,SUMMONING_EYE,1178700.7,1252507.0,8,8,60.22465968132019
2026-09-09T05:52:55.752390+00:00,BOOSTER_COOKIE,11975706.8,12193319.8,13,20,60.23479700088501
2026-09-09T05:52:55.752390+00:00,ENCHANTED_DIAMOND,1276.4,1298.9,1478,160,60.23479700088501
2026-09-09T05:52:55.752390+00:00,ENCHANTED_DIAMOND_BLOCK,202850.7,205105.5,512,1799,60.23479700088501
2026-09-09T05:52:55.752390+00:00,NULL_SPHERE,271.9,363.1,13069,699,60.23479700088501
2026-09-09T05:52:55.752390+00:00,NULL_OVOID,138742.7,168949.3,64,9,60.23479700088501
2026-09-09T05:52:55.752390+00:00,RECOMBOBULATOR_3000,9912454.5,10107664.3,12,1,60.23479700088501
2026-09-09T05:52:55.752390+00:00,SUMMONING_EYE,1178700.7,1252507.0,8,8,60.23479700088501
2026-09-09T05:53:55.995132+00:00,BOOSTER_COOKIE,11975706.8,12193319.8,13,20,60.24163889884949
2026-09-09T05:53:55.995132+00:00,ENCHANTED_DIAMOND,1276.4,1298.9,1478,160,60.24163889884949
2026-09-09T05:53:55.995132+00:00,ENCHANTED_DIAMOND_BLOCK,202850.7,205105.5,512,1799,60.24163889884949
2026-09-09T05:53:55.995132+00:00,NULL_SPHERE,271.9,363.1,13069,699,60.24163889884949
2026-09-09T05:53:55.995132+00:00,NULL_OVOID,138742.7,168949.3,64,9,60.24163889884949
2026-09-09T05:53:55.995132+00:00,RECOMBOBULATOR_3000,9912454.5,10107664.3,12,1,60.24163889884949
2026-09-09T05:53:55.995132+00:00,SUMMONING_EYE,1178700.7,1252507.0,8,8,60.24163889884949
2026-09-09T05:54:56.267302+00:00,BOOSTER_COOKIE,11975706.8,12193319.8,13,20,60.275023221969604
2026-09-09T05:54:56.267302+00:00,ENCHANTED_DIAMOND,1276.4,1298.9,1478,160,60.275023221969604
2026-09-09T05:54:56.267302+00:00,ENCHANTED_DIAMOND_BLOCK,202850.7,205105.5,512,1799,60.275023221969604
2026-09-09T05:54:56.267302+00:00,NULL_SPHERE,271.9,363.1,13069,699,60.275023221969604
2026-09-09T05:54:56.267302+00:00,NULL_OVOID,138742.7,168949.3,64,9,60.275023221969604
2026-09-09T05:54:56.267302+00:00,RECOMBOBULATOR_3000,9912454.5,10107664.3,12,1,60.275023221969604
2026-09-09T05:54:56.267302+00:00,SUMMONING_EYE,1178700.7,1252507.0,8,8,60.275023221969604
2026-09-09T05:55:56.522944+00:00,BOOSTER_COOKIE,11975706.7,12193319.4,1,1,60.25841522216797
2026-09-09T05:55:56.522944+00:00,ENCHANTED_DIAMOND,1280.0,1299.2,283350,1917,60.25841522216797
2026-09-09T05:55:56.522944+00:00,ENCHANTED_DIAMOND_BLOCK,202850.3,205105.4,352,66,60.25841522216797
2026-09-09T05:55:56.522944+00:00,NULL_SPHERE,272.0,363.3,53129,1265,60.25841522216797
2026-09-09T05:55:56.522944+00:00,NULL_OVOID,138742.8,168949.2,56,60,60.25841522216797
2026-09-09T05:55:56.522944+00:00,RECOMBOBULATOR_3000,9912454.3,10107663.5,2,1,60.25841522216797
2026-09-09T05:55:56.522944+00:00,SUMMONING_EYE,1178700.6,1284998.2,6,2,60.25841522216797
2026-09-09T05:56:56.765523+00:00,BOOSTER_COOKIE,11975706.7,12193319.4,1,1,60.23829674720764
2026-09-09T05:56:56.765523+00:00,ENCHANTED_DIAMOND,1280.0,1299.2,283350,1917,60.23829674720764
2026-09-09T05:56:56.765523+00:00,ENCHANTED_DIAMOND_BLOCK,202850.3,205105.4,352,66,60.23829674720764
2026-09-09T05:56:56.765523+00:00,NULL_SPHERE,272.0,363.3,53129,1265,60.23829674720764
2026-09-09T05:56:56.765523+00:00,NULL_OVOID,138742.8,168949.2,56,60,60.23829674720764
2026-09-09T05:56:56.765523+00:00,RECOMBOBULATOR_3000,9912454.3,10107663.5,2,1,60.23829674720764
2026-09-09T05:56:56.765523+00:00,SUMMONING_EYE,1178700.6,1284998.2,6,2,60.23829674720764
2026-09-09T05:57:57.020331+00:00,BOOSTER_COOKIE,11975706.7,12193319.4,1,1,60.255826473236084
2026-09-09T05:57:57.020331+00:00,ENCHANTED_DIAMOND,1280.0,1299.2,283350,1917,60.255826473236084
2026-09-09T05:57:57.020331+00:00,ENCHANTED_DIAMOND_BLOCK,202850.3,205105.4,352,66,60.255826473236084
2026-09-09T05:57:57.020331+00:00,NULL_SPHERE,272.0,363.3,53129,1265,60.255826473236084
2026-09-09T05:57:57.020331+00:00,NULL_OVOID,138742.8,168949.2,56,60,60.255826473236084
2026-09-09T05:57:57.020331+00:00,RECOMBOBULATOR_3000,9912454.3,10107663.5,2,1,60.255826473236084
2026-09-09T05:57:57.020331+00:00,SUMMONING_EYE,1178700.6,1284998.2,6,2,60.255826473236084
2026-09-09T05:58:57.291487+00:00,BOOSTER_COOKIE,11975706.7,12193319.4,1,1,60.27413725852966
2026-09-09T05:58:57.291487+00:00,ENCHANTED_DIAMOND,1280.0,1299.2,283350,1917,60.27413725852966
2026-09-09T05:58:57.291487+00:00,ENCHANTED_DIAMOND_BLOCK,202850.3,205105.4,352,66,60.27413725852966
2026-09-09T05:58:57.291487+00:00,NULL_SPHERE,272.0,363.3,53129,1265,60.27413725852966
2026-09-09T05:58:57.291487+00:00,NULL_OVOID,138742.8,168949.2,56,60,60.27413725852966
2026-09-09T05:58:57.291487+00:00,RECOMBOBULATOR_3000,9912454.3,10107663.5,2,1,60.27413725852966
2026-09-09T05:58:57.291487+00:00,SUMMONING_EYE,1178700.6,1284998.2,6,2,60.27413725852966
2026-09-09T05:59:57.556760+00:00,BOOSTER_COOKIE,11975706.7,12193319.4,1,1,60.259520530700684
2026-09-09T05:59:57.556760+00:00,ENCHANTED_DIAMOND,1280.0,1299.2,283350,1917,60.259520530700684
2026-09-09T05:59:57.556760+00:00,ENCHANTED_DIAMOND_BLOCK,202850.3,205105.4,352,66,60.259520530700684
2026-09-09T05:59:57.556760+00:00,NULL_SPHERE,272.0,363.3,53129,1265,60.259520530700684
2026-09-09T05:59:57.556760+00:00,NULL_OVOID,138742.8,168949.2,56,60,60.259520530700684
2026-09-09T05:59:57.556760+00:00,RECOMBOBULATOR_3000,9912454.3,10107663.5,2,1,60.259520530700684
2026-09-09T05:59:57.556760+00:00,SUMMONING_EYE,1178700.6,1284998.2,6,2,60.259520530700684
2026-09-09T06:00:57.796661+00:00,BOOSTER_COOKIE,11975707.0,12193319.5,1,4,60.24122929573059
2026-09-09T06:00:57.796661+00:00,ENCHANTED_DIAMOND,1280.1,1299.1,884,108,60.24122929573059
2026-09-09T06:00:57.796661+00:00,ENCHANTED_DIAMOND_BLOCK,202850.3,205105.4,143,50,60.24122929573059
2026-09-09T06:00:57.796661+00:00,NULL_SPHERE,272.4,366.1,1398,11780,60.24122929573059
2026-09-09T06:00:57.796661+00:00,NULL_OVOID,138742.9,168949.4,12,13,60.24122929573059
2026-09-09T06:00:57.796661+00:00,RECOMBOBULATOR_3000,9912454.4,10107664.6,1,2,60.24122929573059
2026-09-09T06:00:57.796661+00:00,SUMMONING_EYE,1178701.1,1299999.7,4,7,60.24122929573059
2026-09-09T06:01:58.022521+00:00,BOOSTER_COOKIE,11975707.0,12193319.5,1,4,60.23504972457886
2026-09-09T06:01:58.022521+00:00,ENCHANTED_DIAMOND,1280.1,1299.1,884,108,60.23504972457886
2026-09-09T06:01:58.022521+00:00,ENCHANTED_DIAMOND_BLOCK,202850.3,205105.4,143,50,60.23504972457886
2026-09-09T06:01:58.022521+00:00,NULL_SPHERE,272.4,366.1,1398,11780,60.23504972457886
2026-09-09T06:01:58.022521+00:00,NULL_OVOID,138742.9,168949.4,12,13,60.23504972457886
2026-09-09T06:01:58.022521+00:00,RECOMBOBULATOR_3000,9912454.4,10107664.6,1,2,60.23504972457886
2026-09-09T06:01:58.022521+00:00,SUMMONING_EYE,1178701.1,1299999.7,4,7,60.23504972457886
2026-09-09T06:02:58.272657+00:00,BOOSTER_COOKIE,11975707.0,12193319.5,1,4,60.24094104766846
2026-09-09T06:02:58.272657+00:00,ENCHANTED_DIAMOND,1280.1,1299.1,884,108,60.24094104766846
2026-09-09T06:02:58.272657+00:00,ENCHANTED_DIAMOND_BLOCK,202850.3,205105.4,143,50,60.24094104766846
2026-09-09T06:02:58.272657+00:00,NULL_SPHERE,272.4,366.1,1398,11780,60.24094104766846
2026-09-09T06:02:58.272657+00:00,NULL_OVOID,138742.9,168949.4,12,13,60.24094104766846
2026-09-09T06:02:58.272657+00:00,RECOMBOBULATOR_3000,9912454.4,10107664.6,1,2,60.24094104766846
2026-09-09T06:02:58.272657+00:00,SUMMONING_EYE,1178701.1,1299999.7,4,7,60.24094104766846
2026-09-09T06:03:58.487490+00:00,BOOSTER_COOKIE,11975707.0,12193319.5,1,4,60.2150194644928
2026-09-09T06:03:58.487490+00:00,ENCHANTED_DIAMOND,1280.1,1299.1,884,108,60.2150194644928
2026-09-09T06:03:58.487490+00:00,ENCHANTED_DIAMOND_BLOCK,202850.3,205105.4,143,50,60.2150194644928
2026-09-09T06:03:58.487490+00:00,NULL_SPHERE,272.4,366.1,1398,11780,60.2150194644928
2026-09-09T06:03:58.487490+00:00,NULL_OVOID,138742.9,168949.4,12,13,60.2150194644928
2026-09-09T06:03:58.487490+00:00,RECOMBOBULATOR_3000,9912454.4,10107664.6,1,2,60.2150194644928
2026-09-09T06:03:58.487490+00:00,SUMMONING_EYE,1178701.1,1299999.7,4,7,60.2150194644928
2026-09-09T06:04:58.734681+00:00,BOOSTER_COOKIE,11975707.0,12193319.5,1,4,60.24579691886902
2026-09-09T06:04:58.734681+00:00,ENCHANTED_DIAMOND,1280.1,1299.1,884,108,60.24579691886902
2026-09-09T06:04:58.734681+00:00,ENCHANTED_DIAMOND_BLOCK,202850.3,205105.4,143,50,60.24579691886902
2026-09-09T06:04:58.734681+00:00,NULL_SPHERE,272.4,366.1,1398,11780,60.24579691886902
2026-09-09T06:04:58.734681+00:00,NULL_OVOID,138742.9,168949.4,12,13,60.24579691886902
2026-09-09T06:04:58.734681+00:00,RECOMBOBULATOR_3000,9912454.4,10107664.6,1,2,60.24579691886902
2026-09-09T06:04:58.734681+00:00,SUMMONING_EYE,1178701.1,1299999.7,4,7,60.24579691886902
2026-09-09T06:05:58.983324+00:00,BOOSTER_COOKIE,11975706.6,12193319.8,34,3,60.24993419647217
2026-09-09T06:05:58.983324+00:00,ENCHANTED_DIAMOND,1280.1,1299.1,516,99,60.24993419647217
2026-09-09T06:05:58.983324+00:00,ENCHANTED_DIAMOND_BLOCK,202850.3,205105.4,122,32,60.24993419647217
2026-09-09T06:05:58.983324+00:00,NULL_SPHERE,272.6,365.9,1869,766,60.24993419647217
2026-09-09T06:05:58.983324+00:00,NULL_OVOID,138743.1,168949.3,30,442,60.24993419647217
2026-09-09T06:05:58.983324+00:00,RECOMBOBULATOR_3000,9912454.4,10107665.1,1,1,60.24993419647217
2026-09-09T06:05:58.983324+00:00,SUMMONING_EYE,1178701.9,1299999.8,5,1,60.24993419647217
2026-09-09T06:06:59.221198+00:00,BOOSTER_COOKIE,11975706.6,12193319.8,34,3,60.239904165267944
2026-09-09T06:06:59.221198+00:00,ENCHANTED_DIAMOND,1280.1,1299.1,516,99,60.239904165267944
2026-09-09T06:06:59.221198+00:00,ENCHANTED_DIAMOND_BLOCK,202850.3,205105.4,122,32,60.239904165267944
2026-09-09T06:06:59.221198+00:00,NULL_SPHERE,272.6,365.9,1869,766,60.239904165267944
2026-09-09T06:06:59.221198+00:00,NULL_OVOID,138743.1,168949.3,30,442,60.239904165267944
2026-09-09T06:06:59.221198+00:00,RECOMBOBULATOR_3000,9912454.4,10107665.1,1,1,60.239904165267944
2026-09-09T06:06:59.221198+00:00,SUMMONING_EYE,1178701.9,1299999.8,5,1,60.239904165267944
2026-09-09T06:07:59.507227+00:00,BOOSTER_COOKIE,11975706.6,12193319.8,34,3,60.289855003356934
2026-09-09T06:07:59.507227+00:00,ENCHANTED_DIAMOND,1280.1,1299.1,516,99,60.289855003356934
2026-09-09T06:07:59.507227+00:00,ENCHANTED_DIAMOND_BLOCK,202850.3,205105.4,122,32,60.289855003356934
2026-09-09T06:07:59.507227+00:00,NULL_SPHERE,272.6,365.9,1869,766,60.289855003356934
2026-09-09T06:07:59.507227+00:00,NULL_OVOID,138743.1,168949.3,30,442,60.289855003356934
2026-09-09T06:07:59.507227+00:00,RECOMBOBULATOR_3000,9912454.4,10107665.1,1,1,60.289855003356934
2026-09-09T06:07:59.507227+00:00,SUMMONING_EYE,1178701.9,1299999.8,5,1,60.289855003356934
2026-09-09T06:08:59.777963+00:00,BOOSTER_COOKIE,11975706.6,12193319.8,34,3,60.26774048805237
2026-09-09T06:08:59.777963+00:00,ENCHANTED_DIAMOND,1280.1,1299.1,516,99,60.26774048805237
2026-09-09T06:08:59.777963+00:00,ENCHANTED_DIAMOND_BLOCK,202850.3,205105.4,122,32,60.26774048805237
2026-09-09T06:08:59.777963+00:00,NULL_SPHERE,272.6,365.9,1869,766,60.26774048805237
2026-09-09T06:08:59.777963+00:00,NULL_OVOID,138743.1,168949.3,30,442,60.26774048805237
2026-09-09T06:08:59.777963+00:00,RECOMBOBULATOR_3000,9912454.4,10107665.1,1,1,60.26774048805237
2026-09-09T06:08:59.777963+00:00,SUMMONING_EYE,1178701.9,1299999.8,5,1,60.26774048805237
2026-09-09T06:10:00.022009+00:00,BOOSTER_COOKIE,11975706.6,12193319.8,34,3,60.24223709106445
2026-09-09T06:10:00.022009+00:00,ENCHANTED_DIAMOND,1280.1,1299.1,516,99,60.24223709106445
2026-09-09T06:10:00.022009+00:00,ENCHANTED_DIAMOND_BLOCK,202850.3,205105.4,122,32,60.24223709106445
2026-09-09T06:10:00.022009+00:00,NULL_SPHERE,272.6,365.9,1869,766,60.24223709106445
2026-09-09T06:10:00.022009+00:00,NULL_OVOID,138743.1,168949.3,30,442,60.24223709106445
2026-09-09T06:10:00.022009+00:00,RECOMBOBULATOR_3000,9912454.4,10107665.1,1,1,60.24223709106445
2026-09-09T06:10:00.022009+00:00,SUMMONING_EYE,1178701.9,1299999.8,5,1,60.24223709106445
2026-09-09T06:11:00.235564+00:00,BOOSTER_COOKIE,11975707.1,12193319.9,1,21,60.21277356147766
2026-09-09T06:11:00.235564+00:00,ENCHANTED_DIAMOND,1280.1,1299.1,2071,80,60.21277356147766
2026-09-09T06:11:00.235564+00:00,ENCHANTED_DIAMOND_BLOCK,202850.1,205105.4,64,14,60.21277356147766
2026-09-09T06:11:00.235564+00:00,NULL_SPHERE,272.0,365.8,34943,1106,60.21277356147766
2026-09-09T06:11:00.235564+00:00,NULL_OVOID,138743.1,168948.8,72,512,60.21277356147766
2026-09-09T06:11:00.235564+00:00,RECOMBOBULATOR_3000,9912454.5,10107664.0,4,3,60.21277356147766
2026-09-09T06:11:00.235564+00:00,SUMMONING_EYE,1178702.5,1299999.4,3,2,60.21277356147766
2026-09-09T06:12:00.461577+00:00,BOOSTER_COOKIE,11975707.1,12193319.9,1,21,60.22391700744629
2026-09-09T06:12:00.461577+00:00,ENCHANTED_DIAMOND,1280.1,1299.1,2071,80,60.22391700744629
2026-09-09T06:12:00.461577+00:00,ENCHANTED_DIAMOND_BLOCK,202850.1,205105.4,64,14,60.22391700744629
2026-09-09T06:12:00.461577+00:00,NULL_SPHERE,272.0,365.8,34943,1106,60.22391700744629
2026-09-09T06:12:00.461577+00:00,NULL_OVOID,138743.1,168948.8,72,512,60.22391700744629
2026-09-09T06:12:00.461577+00:00,RECOMBOBULATOR_3000,9912454.5,10107664.0,4,3,60.22391700744629
2026-09-09T06:12:00.461577+00:00,SUMMONING_EYE,1178702.5,1299999.4,3,2,60.22391700744629
2026-09-09T06:13:00.731592+00:00,BOOSTER_COOKIE,11975707.1,12193319.9,1,21,60.271682262420654
2026-09-09T06:13:00.731592+00:00,ENCHANTED_DIAMOND,1280.1,1299.1,2071,80,60.271682262420654
2026-09-09T06:13:00.731592+00:00,ENCHANTED_DIAMOND_BLOCK,202850.1,205105.4,64,14,60.271682262420654
2026-09-09T06:13:00.731592+00:00,NULL_SPHERE,272.0,365.8,34943,1106,60.271682262420654
2026-09-09T06:13:00.731592+00:00,NULL_OVOID,138743.1,168948.8,72,512,60.271682262420654
2026-09-09T06:13:00.731592+00:00,RECOMBOBULATOR_3000,9912454.5,10107664.0,4,3,60.271682262420654
2026-09-09T06:13:00.731592+00:00,SUMMONING_EYE,1178702.5,1299999.4,3,2,60.271682262420654
2026-09-09T06:14:01.003866+00:00,BOOSTER_COOKIE,11975707.1,12193319.9,1,21,60.273173332214355
2026-09-09T06:14:01.003866+00:00,ENCHANTED_DIAMOND,1280.1,1299.1,2071,80,60.273173332214355
2026-09-09T06:14:01.003866+00:00,ENCHANTED_DIAMOND_BLOCK,202850.1,205105.4,64,14,60.273173332214355
2026-09-09T06:14:01.003866+00:00,NULL_SPHERE,272.0,365.8,34943,1106,60.273173332214355
2026-09-09T06:14:01.003866+00:00,NULL_OVOID,138743.1,168948.8,72,512,60.273173332214355
2026-09-09T06:14:01.003866+00:00,RECOMBOBULATOR_3000,9912454.5,10107664.0,4,3,60.273173332214355
2026-09-09T06:14:01.003866+00:00,SUMMONING_EYE,1178702.5,1299999.4,3,2,60.273173332214355
2026-09-09T06:15:01.251764+00:00,BOOSTER_COOKIE,11975707.1,12193319.9,1,21,60.24622678756714
2026-09-09T06:15:01.251764+00:00,ENCHANTED_DIAMOND,1280.1,1299.1,2071,80,60.24622678756714
2026-09-09T06:15:01.251764+00:00,ENCHANTED_DIAMOND_BLOCK,202850.1,205105.4,64,14,60.24622678756714
2026-09-09T06:15:01.251764+00:00,NULL_SPHERE,272.0,365.8,34943,1106,60.24622678756714
2026-09-09T06:15:01.251764+00:00,NULL_OVOID,138743.1,168948.8,72,512,60.24622678756714
2026-09-09T06:15:01.251764+00:00,RECOMBOBULATOR_3000,9912454.5,10107664.0,4,3,60.24622678756714
2026-09-09T06:15:01.251764+00:00,SUMMONING_EYE,1178702.5,1299999.4,3,2,60.24622678756714
2026-09-09T06:16:01.498309+00:00,BOOSTER_COOKIE,11975707.4,12193319.9,3,3,60.24495792388916
2026-09-09T06:16:01.498309+00:00,ENCHANTED_DIAMOND,1280.2,1298.7,3334,98,60.24495792388916
2026-09-09T06:16:01.498309+00:00,ENCHANTED_DIAMOND_BLOCK,202850.5,205105.5,428,1442,60.24495792388916
2026-09-09T06:16:01.498309+00:00,NULL_SPHERE,272.0,365.8,29467,1106,60.24495792388916
2026-09-09T06:16:01.498309+00:00,NULL_OVOID,138743.1,168948.8,72,512,60.24495792388916
2026-09-09T06:16:01.498309+00:00,RECOMBOBULATOR_3000,9912454.5,10107663.2,1,13,60.24495792388916
2026-09-09T06:16:01.498309+00:00,SUMMONING_EYE,1178703.0,1299998.8,1,1,60.24495792388916
2026-09-09T06:17:01.747149+00:00,BOOSTER_COOKIE,11975707.4,12193319.9,3,3,60.251022815704346
2026-09-09T06:17:01.747149+00:00,ENCHANTED_DIAMOND,1280.2,1298.7,3334,98,60.251022815704346
2026-09-09T06:17:01.747149+00:00,ENCHANTED_DIAMOND_BLOCK,202850.5,205105.5,428,1442,60.251022815704346
2026-09-09T06:17:01.747149+00:00,NULL_SPHERE,272.0,365.8,29467,1106,60.251022815704346
2026-09-09T06:17:01.747149+00:00,NULL_OVOID,138743.1,168948.8,72,512,60.251022815704346
2026-09-09T06:17:01.747149+00:00,RECOMBOBULATOR_3000,9912454.5,10107663.2,1,13,60.251022815704346
2026-09-09T06:17:01.747149+00:00,SUMMONING_EYE,1178703.0,1299998.8,1,1,60.251022815704346
2026-09-09T06:18:01.983485+00:00,BOOSTER_COOKIE,11975707.4,12193319.9,3,3,60.23783993721008
2026-09-09T06:18:01.983485+00:00,ENCHANTED_DIAMOND,1280.2,1298.7,3334,98,60.23783993721008
2026-09-09T06:18:01.983485+00:00,ENCHANTED_DIAMOND_BLOCK,202850.5,205105.5,428,1442,60.23783993721008
2026-09-09T06:18:01.983485+00:00,NULL_SPHERE,272.0,365.8,29467,1106,60.23783993721008
2026-09-09T06:18:01.983485+00:00,NULL_OVOID,138743.1,168948.8,72,512,60.23783993721008
2026-09-09T06:18:01.983485+00:00,RECOMBOBULATOR_3000,9912454.5,10107663.2,1,13,60.23783993721008
2026-09-09T06:18:01.983485+00:00,SUMMONING_EYE,1178703.0,1299998.8,1,1,60.23783993721008
2026-09-09T06:19:02.288464+00:00,BOOSTER_COOKIE,11975707.4,12193319.9,3,3,60.30688118934631
2026-09-09T06:19:02.288464+00:00,ENCHANTED_DIAMOND,1280.2,1298.7,3334,98,60.30688118934631
2026-09-09T06:19:02.288464+00:00,ENCHANTED_DIAMOND_BLOCK,202850.5,205105.5,428,1442,60.30688118934631
2026-09-09T06:19:02.288464+00:00,NULL_SPHERE,272.0,365.8,29467,1106,60.30688118934631
2026-09-09T06:19:02.288464+00:00,NULL_OVOID,138743.1,168948.8,72,512,60.30688118934631
2026-09-09T06:19:02.288464+00:00,RECOMBOBULATOR_3000,9912454.5,10107663.2,1,13,60.30688118934631
2026-09-09T06:19:02.288464+00:00,SUMMONING_EYE,1178703.0,1299998.8,1,1,60.30688118934631
2026-09-09T06:20:02.537369+00:00,BOOSTER_COOKIE,11975707.4,12193319.9,3,3,60.25231623649597
2026-09-09T06:20:02.537369+00:00,ENCHANTED_DIAMOND,1280.2,1298.7,3334,98,60.25231623649597
2026-09-09T06:20:02.537369+00:00,ENCHANTED_DIAMOND_BLOCK,202850.5,205105.5,428,1442,60.25231623649597
2026-09-09T06:20:02.537369+00:00,NULL_SPHERE,272.0,365.8,29467,1106,60.25231623649597
2026-09-09T06:20:02.537369+00:00,NULL_OVOID,138743.1,168948.8,72,512,60.25231623649597
2026-09-09T06:20:02.537369+00:00,RECOMBOBULATOR_3000,9912454.5,10107663.2,1,13,60.25231623649597
2026-09-09T06:20:02.537369+00:00,SUMMONING_EYE,1178703.0,1299998.8,1,1,60.25231623649597
2026-09-09T06:21:02.771013+00:00,BOOSTER_COOKIE,11975707.9,12193323.8,1,10,60.22620344161987
2026-09-09T06:21:02.771013+00:00,ENCHANTED_DIAMOND,1280.0,1298.5,274826,4637,60.22620344161987
2026-09-09T06:21:02.771013+00:00,ENCHANTED_DIAMOND_BLOCK,202850.4,205105.4,6,46,60.22620344161987
2026-09-09T06:21:02.771013+00:00,NULL_SPHERE,272.0,365.7,22320,720,60.22620344161987
2026-09-09T06:21:02.771013+00:00,NULL_OVOID,138743.2,168948.7,96,36,60.22620344161987
2026-09-09T06:21:02.771013+00:00,RECOMBOBULATOR_3000,9912454.9,10107663.0,5,1,60.22620344161987
2026-09-09T06:21:02.771013+00:00,SUMMONING_EYE,1178703.6,1300000.0,1,47,60.22620344161987
2026-09-09T06:22:03.003396+00:00,BOOSTER_COOKIE,11975707.9,12193323.8,1,10,60.23257851600647
2026-09-09T06:22:03.003396+00:00,ENCHANTED_DIAMOND,1280.0,1298.5,274826,4637,60.23257851600647
2026-09-09T06:22:03.003396+00:00,ENCHANTED_DIAMOND_BLOCK,202850.4,205105.4,6,46,60.23257851600647
2026-09-09T06:22:03.003396+00:00,NULL_SPHERE,272.0,365.7,22320,720,60.23257851600647
2026-09-09T06:22:03.003396+00:00,NULL_OVOID,138743.2,168948.7,96,36,60.23257851600647
2026-09-09T06:22:03.003396+00:00,RECOMBOBULATOR_3000,9912454.9,10107663.0,5,1,60.23257851600647
2026-09-09T06:22:03.003396+00:00,SUMMONING_EYE,1178703.6,1300000.0,1,47,60.23257851600647
2026-09-09T06:23:03.254961+00:00,BOOSTER_COOKIE,11975707.9,12193323.8,1,10,60.25368547439575
2026-09-09T06:23:03.254961+00:00,ENCHANTED_DIAMOND,1280.0,1298.5,274826,4637,60.25368547439575
2026-09-09T06:23:03.254961+00:00,ENCHANTED_DIAMOND_BLOCK,202850.4,205105.4,6,46,60.25368547439575
2026-09-09T06:23:03.254961+00:00,NULL_SPHERE,272.0,365.7,22320,720,60.25368547439575
2026-09-09T06:23:03.254961+00:00,NULL_OVOID,138743.2,168948.7,96,36,60.25368547439575
2026-09-09T06:23:03.254961+00:00,RECOMBOBULATOR_3000,9912454.9,10107663.0,5,1,60.25368547439575
2026-09-09T06:23:03.254961+00:00,SUMMONING_EYE,1178703.6,1300000.0,1,47,60.25368547439575
2026-09-09T06:24:03.524053+00:00,BOOSTER_COOKIE,11975707.9,12193323.8,1,10,60.26620149612427
2026-09-09T06:24:03.524053+00:00,ENCHANTED_DIAMOND,1280.0,1298.5,274826,4637,60.26620149612427
2026-09-09T06:24:03.524053+00:00,ENCHANTED_DIAMOND_BLOCK,202850.4,205105.4,6,46,60.26620149612427
2026-09-09T06:24:03.524053+00:00,NULL_SPHERE,272.0,365.7,22320,720,60.26620149612427
2026-09-09T06:24:03.524053+00:00,NULL_OVOID,138743.2,168948.7,96,36,60.26620149612427
2026-09-09T06:24:03.524053+00:00,RECOMBOBULATOR_3000,9912454.9,10107663.0,5,1,60.26620149612427
2026-09-09T06:24:03.524053+00:00,SUMMONING_EYE,1178703.6,1300000.0,1,47,60.26620149612427
2026-09-09T06:25:03.772164+00:00,BOOSTER_COOKIE,11975708.7,12215860.4,1,5,60.248735427856445
2026-09-09T06:25:03.772164+00:00,ENCHANTED_DIAMOND,1280.1,1298.1,15430,25,60.248735427856445
2026-09-09T06:25:03.772164+00:00,ENCHANTED_DIAMOND_BLOCK,202850.0,205105.4,1152,25,60.248735427856445
2026-09-09T06:25:03.772164+00:00,NULL_SPHERE,272.0,365.6,9027,1750,60.248735427856445
2026-09-09T06:25:03.772164+00:00,NULL_OVOID,138743.2,168948.7,66,15,60.248735427856445
2026-09-09T06:25:03.772164+00:00,RECOMBOBULATOR_3000,9912455.5,10107662.7,4,1,60.248735427856445
2026-09-09T06:25:03.772164+00:00,SUMMONING_EYE,1178703.8,1299999.9,5,9,60.248735427856445
2026-09-09T06:26:04.021308+00:00,BOOSTER_COOKIE,11975708.7,12215860.4,1,5,60.24765157699585
2026-09-09T06:26:04.021308+00:00,ENCHANTED_DIAMOND,1280.1,1298.1,15430,25,60.24765157699585
2026-09-09T06:26:04.021308+00:00,ENCHANTED_DIAMOND_BLOCK,202850.0,205105.4,1152,25,60.24765157699585
2026-09-09T06:26:04.021308+00:00,NULL_SPHERE,272.0,365.6,9027,1750,60.24765157699585
2026-09-09T06:26:04.021308+00:00,NULL_OVOID,138743.2,168948.7,66,15,60.24765157699585
2026-09-09T06:26:04.021308+00:00,RECOMBOBULATOR_3000,9912455.5,10107662.7,4,1,60.24765157699585
2026-09-09T06:26:04.021308+00:00,SUMMONING_EYE,1178703.8,1299999.9,5,9,60.24765157699585
2026-09-09T06:27:04.274266+00:00,BOOSTER_COOKIE,11975708.7,12215860.4,1,5,60.255860805511475
2026-09-09T06:27:04.274266+00:00,ENCHANTED_DIAMOND,1280.1,1298.1,15430,25,60.255860805511475
2026-09-09T06:27:04.274266+00:00,ENCHANTED_DIAMOND_BLOCK,202850.0,205105.4,1152,25,60.255860805511475
2026-09-09T06:27:04.274266+00:00,NULL_SPHERE,272.0,365.6,9027,1750,60.255860805511475
2026-09-09T06:27:04.274266+00:00,NULL_OVOID,138743.2,168948.7,66,15,60.255860805511475
2026-09-09T06:27:04.274266+00:00,RECOMBOBULATOR_3000,9912455.5,10107662.7,4,1,60.255860805511475
2026-09-09T06:27:04.274266+00:00,SUMMONING_EYE,1178703.8,1299999.9,5,9,60.255860805511475
2026-09-09T06:28:04.530501+00:00,BOOSTER_COOKIE,11975708.7,12215860.4,1,5,60.25820779800415
2026-09-09T06:28:04.530501+00:00,ENCHANTED_DIAMOND,1280.1,1298.1,15430,25,60.25820779800415
2026-09-09T06:28:04.530501+00:00,ENCHANTED_DIAMOND_BLOCK,202850.0,205105.4,1152,25,60.25820779800415
2026-09-09T06:28:04.530501+00:00,NULL_SPHERE,272.0,365.6,9027,1750,60.25820779800415
2026-09-09T06:28:04.530501+00:00,NULL_OVOID,138743.2,168948.7,66,15,60.25820779800415
2026-09-09T06:28:04.530501+00:00,RECOMBOBULATOR_3000,9912455.5,10107662.7,4,1,60.25820779800415
2026-09-09T06:28:04.530501+00:00,SUMMONING_EYE,1178703.8,1299999.9,5,9,60.25820779800415
2026-09-09T06:29:04.822359+00:00,BOOSTER_COOKIE,11975708.7,12215860.4,1,5,60.28902816772461
2026-09-09T06:29:04.822359+00:00,ENCHANTED_DIAMOND,1280.1,1298.1,15430,25,60.28902816772461
2026-09-09T06:29:04.822359+00:00,ENCHANTED_DIAMOND_BLOCK,202850.0,205105.4,1152,25,60.28902816772461
2026-09-09T06:29:04.822359+00:00,NULL_SPHERE,272.0,365.6,9027,1750,60.28902816772461
2026-09-09T06:29:04.822359+00:00,NULL_OVOID,138743.2,168948.7,66,15,60.28902816772461
2026-09-09T06:29:04.822359+00:00,RECOMBOBULATOR_3000,9912455.5,10107662.7,4,1,60.28902816772461
2026-09-09T06:29:04.822359+00:00,SUMMONING_EYE,1178703.8,1299999.9,5,9,60.28902816772461
2026-09-09T06:30:05.083692+00:00,BOOSTER_COOKIE,11990533.7,12272194.1,2,9,60.261064767837524
2026-09-09T06:30:05.083692+00:00,ENCHANTED_DIAMOND,1280.2,1297.8,1273,84,60.261064767837524
2026-09-09T06:30:05.083692+00:00,ENCHANTED_DIAMOND_BLOCK,202850.0,205105.2,1039,38,60.261064767837524
2026-09-09T06:30:05.083692+00:00,NULL_SPHERE,267.6,365.6,42836,1718,60.261064767837524
2026-09-09T06:30:05.083692+00:00,NULL_OVOID,140000.1,168948.6,5,217,60.261064767837524
2026-09-09T06:30:05.083692+00:00,RECOMBOBULATOR_3000,9912456.1,10107662.4,4,1,60.261064767837524
2026-09-09T06:30:05.083692+00:00,SUMMONING_EYE,1184769.0,1299999.0,4,4,60.261064767837524
2026-09-09T06:31:05.318211+00:00,BOOSTER_COOKIE,11990533.7,12272194.1,2,9,60.23595428466797
2026-09-09T06:31:05.318211+00:00,ENCHANTED_DIAMOND,1280.2,1297.8,1273,84,60.23595428466797
2026-09-09T06:31:05.318211+00:00,ENCHANTED_DIAMOND_BLOCK,202850.0,205105.2,1039,38,60.23595428466797
2026-09-09T06:31:05.318211+00:00,NULL_SPHERE,267.6,365.6,42836,1718,60.23595428466797
2026-09-09T06:31:05.318211+00:00,NULL_OVOID,140000.1,168948.6,5,217,60.23595428466797
2026-09-09T06:31:05.318211+00:00,RECOMBOBULATOR_3000,9912456.1,10107662.4,4,1,60.23595428466797
2026-09-09T06:31:05.318211+00:00,SUMMONING_EYE,1184769.0,1299999.0,4,4,60.23595428466797
2026-09-09T06:32:05.578134+00:00,BOOSTER_COOKIE,11990533.7,12272194.1,2,9,60.263551473617554
2026-09-09T06:32:05.578134+00:00,ENCHANTED_DIAMOND,1280.2,1297.8,1273,84,60.263551473617554
2026-09-09T06:32:05.578134+00:00,ENCHANTED_DIAMOND_BLOCK,202850.0,205105.2,1039,38,60.263551473617554
2026-09-09T06:32:05.578134+00:00,NULL_SPHERE,267.6,365.6,42836,1718,60.263551473617554
2026-09-09T06:32:05.578134+00:00,NULL_OVOID,140000.1,168948.6,5,217,60.263551473617554
2026-09-09T06:32:05.578134+00:00,RECOMBOBULATOR_3000,9912456.1,10107662.4,4,1,60.263551473617554
2026-09-09T06:32:05.578134+00:00,SUMMONING_EYE,1184769.0,1299999.0,4,4,60.263551473617554
2026-09-09T06:33:05.821098+00:00,BOOSTER_COOKIE,11990533.7,12272194.1,2,9,60.24008536338806
2026-09-09T06:33:05.821098+00:00,ENCHANTED_DIAMOND,1280.2,1297.8,1273,84,60.24008536338806
2026-09-09T06:33:05.821098+00:00,ENCHANTED_DIAMOND_BLOCK,202850.0,205105.2,1039,38,60.24008536338806
2026-09-09T06:33:05.821098+00:00,NULL_SPHERE,267.6,365.6,42836,1718,60.24008536338806
2026-09-09T06:33:05.821098+00:00,NULL_OVOID,140000.1,168948.6,5,217,60.24008536338806
2026-09-09T06:33:05.821098+00:00,RECOMBOBULATOR_3000,9912456.1,10107662.4,4,1,60.24008536338806
2026-09-09T06:33:05.821098+00:00,SUMMONING_EYE,1184769.0,1299999.0,4,4,60.24008536338806
2026-09-09T06:34:06.055033+00:00,BOOSTER_COOKIE,11990533.7,12272194.1,2,9,60.23286461830139
2026-09-09T06:34:06.055033+00:00,ENCHANTED_DIAMOND,1280.2,1297.8,1273,84,60.23286461830139
2026-09-09T06:34:06.055033+00:00,ENCHANTED_DIAMOND_BLOCK,202850.0,205105.2,1039,38,60.23286461830139
2026-09-09T06:34:06.055033+00:00,NULL_SPHERE,267.6,365.6,42836,1718,60.23286461830139
2026-09-09T06:34:06.055033+00:00,NULL_OVOID,140000.1,168948.6,5,217,60.23286461830139
2026-09-09T06:34:06.055033+00:00,RECOMBOBULATOR_3000,9912456.1,10107662.4,4,1,60.23286461830139
2026-09-09T06:34:06.055033+00:00,SUMMONING_EYE,1184769.0,1299999.0,4,4,60.23286461830139
2026-09-09T06:35:06.329558+00:00,BOOSTER_COOKIE,11990534.2,12272193.3,5,21,60.27453374862671
2026-09-09T06:35:06.329558+00:00,ENCHANTED_DIAMOND,1281.0,1297.6,69715,2461,60.27453374862671
2026-09-09T06:35:06.329558+00:00,ENCHANTED_DIAMOND_BLOCK,202850.0,205105.0,539,543,60.27453374862671
2026-09-09T06:35:06.329558+00:00,NULL_SPHERE,267.6,365.5,23508,32,60.27453374862671
2026-09-09T06:35:06.329558+00:00,NULL_OVOID,140000.0,168948.4,42,14,60.27453374862671
2026-09-09T06:35:06.329558+00:00,RECOMBOBULATOR_3000,9912457.1,10107662.7,18,19,60.27453374862671
2026-09-09T06:35:06.329558+00:00,SUMMONING_EYE,1184769.1,1299999.7,5,4,60.27453374862671
2026-09-09T06:36:06.598005+00:00,BOOSTER_COOKIE,11990534.2,12272193.3,5,21,60.270426988601685
2026-09-09T06:36:06.598005+00:00,ENCHANTED_DIAMOND,1281.0,1297.6,69715,2461,60.270426988601685
2026-09-09T06:36:06.598005+00:00,ENCHANTED_DIAMOND_BLOCK,202850.0,205105.0,539,543,60.270426988601685
2026-09-09T06:36:06.598005+00:00,NULL_SPHERE,267.6,365.5,23508,32,60.270426988601685
2026-09-09T06:36:06.598005+00:00,NULL_OVOID,140000.0,168948.4,42,14,60.270426988601685
2026-09-09T06:36:06.598005+00:00,RECOMBOBULATOR_3000,9912457.1,10107662.7,18,19,60.270426988601685
2026-09-09T06:36:06.598005+00:00,SUMMONING_EYE,1184769.1,1299999.7,5,4,60.270426988601685
2026-09-09T06:37:06.855769+00:00,BOOSTER_COOKIE,11990534.2,12272193.3,5,21,60.25618886947632
2026-09-09T06:37:06.855769+00:00,ENCHANTED_DIAMOND,1281.0,1297.6,69715,2461,60.25618886947632
2026-09-09T06:37:06.855769+00:00,ENCHANTED_DIAMOND_BLOCK,202850.0,205105.0,539,543,60.25618886947632
2026-09-09T06:37:06.855769+00:00,NULL_SPHERE,267.6,365.5,23508,32,60.25618886947632
2026-09-09T06:37:06.855769+00:00,NULL_OVOID,140000.0,168948.4,42,14,60.25618886947632
2026-09-09T06:37:06.855769+00:00,RECOMBOBULATOR_3000,9912457.1,10107662.7,18,19,60.25618886947632
2026-09-09T06:37:06.855769+00:00,SUMMONING_EYE,1184769.1,1299999.7,5,4,60.25618886947632
2026-09-09T06:38:07.115203+00:00,BOOSTER_COOKIE,11990534.2,12272193.3,5,21,60.258344888687134
2026-09-09T06:38:07.115203+00:00,ENCHANTED_DIAMOND,1281.0,1297.6,69715,2461,60.258344888687134
2026-09-09T06:38:07.115203+00:00,ENCHANTED_DIAMOND_BLOCK,202850.0,205105.0,539,543,60.258344888687134
2026-09-09T06:38:07.115203+00:00,NULL_SPHERE,267.6,365.5,23508,32,60.258344888687134
2026-09-09T06:38:07.115203+00:00,NULL_OVOID,140000.0,168948.4,42,14,60.258344888687134
2026-09-09T06:38:07.115203+00:00,RECOMBOBULATOR_3000,9912457.1,10107662.7,18,19,60.258344888687134
2026-09-09T06:38:07.115203+00:00,SUMMONING_EYE,1184769.1,1299999.7,5,4,60.258344888687134
2026-09-09T06:39:07.361039+00:00,BOOSTER_COOKIE,11990534.2,12272193.3,5,21,60.24974846839905
2026-09-09T06:39:07.361039+00:00,ENCHANTED_DIAMOND,1281.0,1297.6,69715,2461,60.24974846839905
2026-09-09T06:39:07.361039+00:00,ENCHANTED_DIAMOND_BLOCK,202850.0,205105.0,539,543,60.24974846839905
2026-09-09T06:39:07.361039+00:00,NULL_SPHERE,267.6,365.5,23508,32,60.24974846839905
2026-09-09T06:39:07.361039+00:00,NULL_OVOID,140000.0,168948.4,42,14,60.24974846839905
2026-09-09T06:39:07.361039+00:00,RECOMBOBULATOR_3000,9912457.1,10107662.7,18,19,60.24974846839905
2026-09-09T06:39:07.361039+00:00,SUMMONING_EYE,1184769.1,1299999.7,5,4,60.24974846839905
2026-09-09T06:40:07.623021+00:00,BOOSTER_COOKIE,11954296.2,12243999.6,1,7,60.25822925567627
2026-09-09T06:40:07.623021+00:00,ENCHANTED_DIAMOND,1281.0,1297.6,67103,1138,60.25822925567627
2026-09-09T06:40:07.623021+00:00,ENCHANTED_DIAMOND_BLOCK,202850.5,205104.8,48,27,60.25822925567627
2026-09-09T06:40:07.623021+00:00,NULL_SPHERE,267.7,365.4,5760,1750,60.25822925567627
2026-09-09T06:40:07.623021+00:00,NULL_OVOID,140000.1,168948.3,7,5,60.25822925567627
2026-09-09T06:40:07.623021+00:00,RECOMBOBULATOR_3000,9912458.2,10107661.9,14,2,60.25822925567627
2026-09-09T06:40:07.623021+00:00,SUMMONING_EYE,1184769.6,1309974.7,5,2,60.25822925567627
2026-09-09T06:41:07.885625+00:00,BOOSTER_COOKIE,11954296.2,12243999.6,1,7,60.26404595375061
2026-09-09T06:41:07.885625+00:00,ENCHANTED_DIAMOND,1281.0,1297.6,67103,1138,60.26404595375061
2026-09-09T06:41:07.885625+00:00,ENCHANTED_DIAMOND_BLOCK,202850.5,205104.8,48,27,60.26404595375061
2026-09-09T06:41:07.885625+00:00,NULL_SPHERE,267.7,365.4,5760,1750,60.26404595375061
2026-09-09T06:41:07.885625+00:00,NULL_OVOID,140000.1,168948.3,7,5,60.26404595375061
2026-09-09T06:41:07.885625+00:00,RECOMBOBULATOR_3000,9912458.2,10107661.9,14,2,60.26404595375061
2026-09-09T06:41:07.885625+00:00,SUMMONING_EYE,1184769.6,1309974.7,5,2,60.26404595375061
2026-09-09T06:42:08.144130+00:00,BOOSTER_COOKIE,11954296.2,12243999.6,1,7,60.2551064491272
2026-09-09T06:42:08.144130+00:00,ENCHANTED_DIAMOND,1281.0,1297.6,67103,1138,60.2551064491272
2026-09-09T06:42:08.144130+00:00,ENCHANTED_DIAMOND_BLOCK,202850.5,205104.8,48,27,60.2551064491272
2026-09-09T06:42:08.144130+00:00,NULL_SPHERE,267.7,365.4,5760,1750,60.2551064491272
2026-09-09T06:42:08.144130+00:00,NULL_OVOID,140000.1,168948.3,7,5,60.2551064491272
2026-09-09T06:42:08.144130+00:00,RECOMBOBULATOR_3000,9912458.2,10107661.9,14,2,60.2551064491272
2026-09-09T06:42:08.144130+00:00,SUMMONING_EYE,1184769.6,1309974.7,5,2,60.2551064491272
2026-09-09T06:43:08.374141+00:00,BOOSTER_COOKIE,11954296.2,12243999.6,1,7,60.251485109329224
2026-09-09T06:43:08.374141+00:00,ENCHANTED_DIAMOND,1281.0,1297.6,67103,1138,60.251485109329224
2026-09-09T06:43:08.374141+00:00,ENCHANTED_DIAMOND_BLOCK,202850.5,205104.8,48,27,60.251485109329224
2026-09-09T06:43:08.374141+00:00,NULL_SPHERE,267.7,365.4,5760,1750,60.251485109329224
2026-09-09T06:43:08.374141+00:00,NULL_OVOID,140000.1,168948.3,7,5,60.251485109329224
2026-09-09T06:43:08.374141+00:00,RECOMBOBULATOR_3000,9912458.2,10107661.9,14,2,60.251485109329224
2026-09-09T06:43:08.374141+00:00,SUMMONING_EYE,1184769.6,1309974.7,5,2,60.251485109329224
2026-09-09T06:44:08.658803+00:00,BOOSTER_COOKIE,11954296.2,12243999.6,1,7,60.27022385597229
2026-09-09T06:44:08.658803+00:00,ENCHANTED_DIAMOND,1281.0,1297.6,67103,1138,60.27022385597229
2026-09-09T06:44:08.658803+00:00,ENCHANTED_DIAMOND_BLOCK,202850.5,205104.8,48,27,60.27022385597229
2026-09-09T06:44:08.658803+00:00,NULL_SPHERE,267.7,365.4,5760,1750,60.27022385597229
2026-09-09T06:44:08.658803+00:00,NULL_OVOID,140000.1,168948.3,7,5,60.27022385597229
2026-09-09T06:44:08.658803+00:00,RECOMBOBULATOR_3000,9912458.2,10107661.9,14,2,60.27022385597229
2026-09-09T06:44:08.658803+00:00,SUMMONING_EYE,1184769.6,1309974.7,5,2,60.27022385597229
2026-09-09T06:45:08.900326+00:00,BOOSTER_COOKIE,11800000.0,12243998.0,69,9,60.24872446060181
2026-09-09T06:45:08.900326+00:00,ENCHANTED_DIAMOND,1281.1,1297.3,69455,487,60.24872446060181
2026-09-09T06:45:08.900326+00:00,ENCHANTED_DIAMOND_BLOCK,202850.0,205104.5,394,5,60.24872446060181
2026-09-09T06:45:08.900326+00:00,NULL_SPHERE,267.7,365.4,986,1750,60.24872446060181
2026-09-09T06:45:08.900326+00:00,NULL_OVOID,140000.2,168948.8,96,377,60.24872446060181
2026-09-09T06:45:08.900326+00:00,RECOMBOBULATOR_3000,9912459.3,10107660.5,4,16,60.24872446060181
2026-09-09T06:45:08.900326+00:00,SUMMONING_EYE,1184770.1,1297453.8,7,1,60.24872446060181
2026-09-09T06:46:09.188820+00:00,BOOSTER_COOKIE,11800000.0,12243998.0,69,9,60.27638077735901
2026-09-09T06:46:09.188820+00:00,ENCHANTED_DIAMOND,1281.1,1297.3,69455,487,60.27638077735901
2026-09-09T06:46:09.188820+00:00,ENCHANTED_DIAMOND_BLOCK,202850.0,205104.5,394,5,60.27638077735901
2026-09-09T06:46:09.188820+00:00,NULL_SPHERE,267.7,365.4,986,1750,60.27638077735901
2026-09-09T06:46:09.188820+00:00,NULL_OVOID,140000.2,168948.8,96,377,60.27638077735901
2026-09-09T06:46:09.188820+00:00,RECOMBOBULATOR_3000,9912459.3,10107660.5,4,16,60.27638077735901
2026-09-09T06:46:09.188820+00:00,SUMMONING_EYE,1184770.1,1297453.8,7,1,60.27638077735901
2026-09-09T06:47:09.437536+00:00,BOOSTER_COOKIE,11800000.0,12243998.0,69,9,60.249972343444824
2026-09-09T06:47:09.437536+00:00,ENCHANTED_DIAMOND,1281.1,1297.3,69455,487,60.249972343444824
2026-09-09T06:47:09.437536+00:00,ENCHANTED_DIAMOND_BLOCK,202850.0,205104.5,394,5,60.249972343444824
2026-09-09T06:47:09.437536+00:00,NULL_SPHERE,267.7,365.4,986,1750,60.249972343444824
2026-09-09T06:47:09.437536+00:00,NULL_OVOID,140000.2,168948.8,96,377,60.249972343444824
2026-09-09T06:47:09.437536+00:00,RECOMBOBULATOR_3000,9912459.3,10107660.5,4,16,60.249972343444824
2026-09-09T06:47:09.437536+00:00,SUMMONING_EYE,1184770.1,1297453.8,7,1,60.249972343444824
2026-09-09T06:48:09.677097+00:00,BOOSTER_COOKIE,11800000.0,12243998.0,69,9,60.23731017112732
2026-09-09T06:48:09.677097+00:00,ENCHANTED_DIAMOND,1281.1,1297.3,69455,487,60.23731017112732
2026-09-09T06:48:09.677097+00:00,ENCHANTED_DIAMOND_BLOCK,202850.0,205104.5,394,5,60.23731017112732
2026-09-09T06:48:09.677097+00:00,NULL_SPHERE,267.7,365.4,986,1750,60.23731017112732
2026-09-09T06:48:09.677097+00:00,NULL_OVOID,140000.2,168948.8,96,377,60.23731017112732
2026-09-09T06:48:09.677097+00:00,RECOMBOBULATOR_3000,9912459.3,10107660.5,4,16,60.23731017112732
2026-09-09T06:48:09.677097+00:00,SUMMONING_EYE,1184770.1,1297453.8,7,1,60.23731017112732
2026-09-09T06:49:09.910817+00:00,BOOSTER_COOKIE,11800000.0,12243998.0,69,9,60.23713684082031
2026-09-09T06:49:09.910817+00:00,ENCHANTED_DIAMOND,1281.1,1297.3,69455,487,60.23713684082031
2026-09-09T06:49:09.910817+00:00,ENCHANTED_DIAMOND_BLOCK,202850.0,205104.5,394,5,60.23713684082031
2026-09-09T06:49:09.910817+00:00,NULL_SPHERE,267.7,365.4,986,1750,60.23713684082031
2026-09-09T06:49:09.910817+00:00,NULL_OVOID,140000.2,168948.8,96,377,60.23713684082031
2026-09-09T06:49:09.910817+00:00,RECOMBOBULATOR_3000,9912459.3,10107660.5,4,16,60.23713684082031
2026-09-09T06:49:09.910817+00:00,SUMMONING_EYE,1184770.1,1297453.8,7,1,60.23713684082031
2026-09-09T06:50:10.164045+00:00,BOOSTER_COOKIE,11822201.2,12243997.3,1,10,60.24987578392029
2026-09-09T06:50:10.164045+00:00,ENCHANTED_DIAMOND,1281.3,1298.2,29999,32,60.24987578392029
2026-09-09T06:50:10.164045+00:00,ENCHANTED_DIAMOND_BLOCK,202850.2,205104.8,12,139,60.24987578392029
2026-09-09T06:50:10.164045+00:00,NULL_SPHERE,267.7,365.4,56815,512,60.24987578392029
2026-09-09T06:50:10.164045+00:00,NULL_OVOID,140000.2,168948.7,96,354,60.24987578392029
2026-09-09T06:50:10.164045+00:00,RECOMBOBULATOR_3000,9912454.2,10107659.4,44,27,60.24987578392029
2026-09-09T06:50:10.164045+00:00,SUMMONING_EYE,1184770.9,1297453.3,4,1,60.24987578392029
2026-09-09T06:51:10.432609+00:00,BOOSTER_COOKIE,11822201.2,12243997.3,1,10,60.27064085006714
2026-09-09T06:51:10.432609+00:00,ENCHANTED_DIAMOND,1281.3,1298.2,29999,32,60.27064085006714
2026-09-09T06:51:10.432609+00:00,ENCHANTED_DIAMOND_BLOCK,202850.2,205104.8,12,139,60.27064085006714
2026-09-09T06:51:10.432609+00:00,NULL_SPHERE,267.7,365.4,56815,512,60.27064085006714
2026-09-09T06:51:10.432609+00:00,NULL_OVOID,140000.2,168948.7,96,354,60.27064085006714
2026-09-09T06:51:10.432609+00:00,RECOMBOBULATOR_3000,9912454.2,10107659.4,44,27,60.27064085006714
2026-09-09T06:51:10.432609+00:00,SUMMONING_EYE,1184770.9,1297453.3,4,1,60.27064085006714
2026-09-09T06:52:10.695482+00:00,BOOSTER_COOKIE,11822201.2,12243997.3,1,10,60.26223087310791
2026-09-09T06:52:10.695482+00:00,ENCHANTED_DIAMOND,1281.3,1298.2,29999,32,60.26223087310791
2026-09-09T06:52:10.695482+00:00,ENCHANTED_DIAMOND_BLOCK,202850.2,205104.8,12,139,60.26223087310791
2026-09-09T06:52:10.695482+00:00,NULL_SPHERE,267.7,365.4,56815,512,60.26223087310791
2026-09-09T06:52:10.695482+00:00,NULL_OVOID,140000.2,168948.7,96,354,60.26223087310791
2026-09-09T06:52:10.695482+00:00,RECOMBOBULATOR_3000,9912454.2,10107659.4,44,27,60.26223087310791
2026-09-09T06:52:10.695482+00:00,SUMMONING_EYE,1184770.9,1297453.3,4,1,60.26223087310791
2026-09-09T06:53:10.946844+00:00,BOOSTER_COOKIE,11822201.2,12243997.3,1,10,60.253671646118164
2026-09-09T06:53:10.946844+00:00,ENCHANTED_DIAMOND,1281.3,1298.2,29999,32,60.253671646118164
2026-09-09T06:53:10.946844+00:00,ENCHANTED_DIAMOND_BLOCK,202850.2,205104.8,12,139,60.253671646118164
2026-09-09T06:53:10.946844+00:00,NULL_SPHERE,267.7,365.4,56815,512,60.253671646118164
2026-09-09T06:53:10.946844+00:00,NULL_OVOID,140000.2,168948.7,96,354,60.253671646118164
2026-09-09T06:53:10.946844+00:00,RECOMBOBULATOR_3000,9912454.2,10107659.4,44,27,60.253671646118164
2026-09-09T06:53:10.946844+00:00,SUMMONING_EYE,1184770.9,1297453.3,4,1,60.253671646118164
2026-09-09T06:54:11.194277+00:00,BOOSTER_COOKIE,11822201.2,12243997.3,1,10,60.24445724487305
2026-09-09T06:54:11.194277+00:00,ENCHANTED_DIAMOND,1281.3,1298.2,29999,32,60.24445724487305
2026-09-09T06:54:11.194277+00:00,ENCHANTED_DIAMOND_BLOCK,202850.2,205104.8,12,139,60.24445724487305
2026-09-09T06:54:11.194277+00:00,NULL_SPHERE,267.7,365.4,56815,512,60.24445724487305
2026-09-09T06:54:11.194277+00:00,NULL_OVOID,140000.2,168948.7,96,354,60.24445724487305
2026-09-09T06:54:11.194277+00:00,RECOMBOBULATOR_3000,9912454.2,10107659.4,44,27,60.24445724487305
2026-09-09T06:54:11.194277+00:00,SUMMONING_EYE,1184770.9,1297453.3,4,1,60.24445724487305
2026-09-09T06:55:11.437026+00:00,BOOSTER_COOKIE,11843292.7,12243996.8,1,36,60.24220061302185
2026-09-09T06:55:11.437026+00:00,ENCHANTED_DIAMOND,1281.3,1347.0,29376,1119,60.24220061302185
2026-09-09T06:55:11.437026+00:00,ENCHANTED_DIAMOND_BLOCK,202850.2,205104.7,6,549,60.24220061302185
2026-09-09T06:55:11.437026+00:00,NULL_SPHERE,272.7,366.0,64000,209,60.24220061302185
2026-09-09T06:55:11.437026+00:00,NULL_OVOID,140000.3,168948.7,66,343,60.24220061302185
2026-09-09T06:55:11.437026+00:00,RECOMBOBULATOR_3000,9912454.4,10107657.6,8,3,60.24220061302185
2026-09-09T06:55:11.437026+00:00,SUMMONING_EYE,1184771.5,1297452.9,32,8,60.24220061302185
2026-09-09T06:56:11.717471+00:00,BOOSTER_COOKIE,11843292.7,12243996.8,1,36,60.284926891326904
2026-09-09T06:56:11.717471+00:00,ENCHANTED_DIAMOND,1281.3,1347.0,29376,1119,60.284926891326904
2026-09-09T06:56:11.717471+00:00,ENCHANTED_DIAMOND_BLOCK,202850.2,205104.7,6,549,60.284926891326904
2026-09-09T06:56:11.717471+00:00,NULL_SPHERE,272.7,366.0,64000,209,60.284926891326904
2026-09-09T06:56:11.717471+00:00,NULL_OVOID,140000.3,168948.7,66,343,60.284926891326904
2026-09-09T06:56:11.717471+00:00,RECOMBOBULATOR_3000,9912454.4,10107657.6,8,3,60.284926891326904
2026-09-09T06:56:11.717471+00:00,SUMMONING_EYE,1184771.5,1297452.9,32,8,60.284926891326904
2026-09-09T06:57:11.973962+00:00,BOOSTER_COOKIE,11843292.7,12243996.8,1,36,60.25685143470764
2026-09-09T06:57:11.973962+00:00,ENCHANTED_DIAMOND,1281.3,1347.0,29376,1119,60.25685143470764
2026-09-09T06:57:11.973962+00:00,ENCHANTED_DIAMOND_BLOCK,202850.2,205104.7,6,549,60.25685143470764
2026-09-09T06:57:11.973962+00:00,NULL_SPHERE,272.7,366.0,64000,209,60.25685143470764
2026-09-09T06:57:11.973962+00:00,NULL_OVOID,140000.3,168948.7,66,343,60.25685143470764
2026-09-09T06:57:11.973962+00:00,RECOMBOBULATOR_3000,9912454.4,10107657.6,8,3,60.25685143470764
2026-09-09T06:57:11.973962+00:00,SUMMONING_EYE,1184771.5,1297452.9,32,8,60.25685143470764
2026-09-09T06:58:12.267418+00:00,BOOSTER_COOKIE,11843292.7,12243996.8,1,36,60.287293910980225
2026-09-09T06:58:12.267418+00:00,ENCHANTED_DIAMOND,1281.3,1347.0,29376,1119,60.287293910980225
2026-09-09T06:58:12.267418+00:00,ENCHANTED_DIAMOND_BLOCK,202850.2,205104.7,6,549,60.287293910980225
2026-09-09T06:58:12.267418+00:00,NULL_SPHERE,272.7,366.0,64000,209,60.287293910980225
2026-09-09T06:58:12.267418+00:00,NULL_OVOID,140000.3,168948.7,66,343,60.287293910980225
2026-09-09T06:58:12.267418+00:00,RECOMBOBULATOR_3000,9912454.4,10107657.6,8,3,60.287293910980225
2026-09-09T06:58:12.267418+00:00,SUMMONING_EYE,1184771.5,1297452.9,32,8,60.287293910980225
2026-09-09T06:59:12.488097+00:00,BOOSTER_COOKIE,11843292.7,12243996.8,1,36,60.22256135940552
2026-09-09T06:59:12.488097+00:00,ENCHANTED_DIAMOND,1281.3,1347.0,29376,1119,60.22256135940552
2026-09-09T06:59:12.488097+00:00,ENCHANTED_DIAMOND_BLOCK,202850.2,205104.7,6,549,60.22256135940552
2026-09-09T06:59:12.488097+00:00,NULL_SPHERE,272.7,366.0,64000,209,60.22256135940552
2026-09-09T06:59:12.488097+00:00,NULL_OVOID,140000.3,168948.7,66,343,60.22256135940552
2026-09-09T06:59:12.488097+00:00,RECOMBOBULATOR_3000,9912454.4,10107657.6,8,3,60.22256135940552
2026-09-09T06:59:12.488097+00:00,SUMMONING_EYE,1184771.5,1297452.9,32,8,60.22256135940552
2026-09-09T07:00:12.744991+00:00,BOOSTER_COOKIE,11882362.5,12243996.0,1,8,60.2576904296875
2026-09-09T07:00:12.744991+00:00,ENCHANTED_DIAMOND,1281.3,1347.1,24479,1275,60.2576904296875
2026-09-09T07:00:12.744991+00:00,ENCHANTED_DIAMOND_BLOCK,202830.9,205104.7,296,505,60.2576904296875
2026-09-09T07:00:12.744991+00:00,NULL_SPHERE,277.4,366.0,13188,81,60.2576904296875
2026-09-09T07:00:12.744991+00:00,NULL_OVOID,140000.3,168948.5,66,2009,60.2576904296875
2026-09-09T07:00:12.744991+00:00,RECOMBOBULATOR_3000,9912454.8,10107657.3,1,2,60.2576904296875
2026-09-09T07:00:12.744991+00:00,SUMMONING_EYE,1184771.8,1297452.1,28,1,60.2576904296875
2026-09-09T07:01:13.032709+00:00,BOOSTER_COOKIE,11882362.5,12243996.0,1,8,60.289424896240234
2026-09-09T07:01:13.032709+00:00,ENCHANTED_DIAMOND,1281.3,1347.1,24479,1275,60.289424896240234
2026-09-09T07:01:13.032709+00:00,ENCHANTED_DIAMOND_BLOCK,202830.9,205104.7,296,505,60.289424896240234
2026-09-09T07:01:13.032709+00:00,NULL_SPHERE,277.4,366.0,13188,81,60.289424896240234
2026-09-09T07:01:13.032709+00:00,NULL_OVOID,140000.3,168948.5,66,2009,60.289424896240234
2026-09-09T07:01:13.032709+00:00,RECOMBOBULATOR_3000,9912454.8,10107657.3,1,2,60.289424896240234
2026-09-09T07:01:13.032709+00:00,SUMMONING_EYE,1184771.8,1297452.1,28,1,60.289424896240234
2026-09-09T07:02:13.314427+00:00,BOOSTER_COOKIE,11882362.5,12243996.0,1,8,60.27972769737244
2026-09-09T07:02:13.314427+00:00,ENCHANTED_DIAMOND,1281.3,1347.1,24479,1275,60.27972769737244
2026-09-09T07:02:13.314427+00:00,ENCHANTED_DIAMOND_BLOCK,202830.9,205104.7,296,505,60.27972769737244
2026-09-09T07:02:13.314427+00:00,NULL_SPHERE,277.4,366.0,13188,81,60.27972769737244
2026-09-09T07:02:13.314427+00:00,NULL_OVOID,140000.3,168948.5,66,2009,60.27972769737244
2026-09-09T07:02:13.314427+00:00,RECOMBOBULATOR_3000,9912454.8,10107657.3,1,2,60.27972769737244
2026-09-09T07:02:13.314427+00:00,SUMMONING_EYE,1184771.8,1297452.1,28,1,60.27972769737244
2026-09-09T07:03:13.574775+00:00,BOOSTER_COOKIE,11882362.5,12243996.0,1,8,60.25979685783386
2026-09-09T07:03:13.574775+00:00,ENCHANTED_DIAMOND,1281.3,1347.1,24479,1275,60.25979685783386
2026-09-09T07:03:13.574775+00:00,ENCHANTED_DIAMOND_BLOCK,202830.9,205104.7,296,505,60.25979685783386
2026-09-09T07:03:13.574775+00:00,NULL_SPHERE,277.4,366.0,13188,81,60.25979685783386
2026-09-09T07:03:13.574775+00:00,NULL_OVOID,140000.3,168948.5,66,2009,60.25979685783386
2026-09-09T07:03:13.574775+00:00,RECOMBOBULATOR_3000,9912454.8,10107657.3,1,2,60.25979685783386
2026-09-09T07:03:13.574775+00:00,SUMMONING_EYE,1184771.8,1297452.1,28,1,60.25979685783386
2026-09-09T07:04:13.823649+00:00,BOOSTER_COOKIE,11882362.5,12243996.0,1,8,60.25023365020752
2026-09-09T07:04:13.823649+00:00,ENCHANTED_DIAMOND,1281.3,1347.1,24479,1275,60.25023365020752
2026-09-09T07:04:13.823649+00:00,ENCHANTED_DIAMOND_BLOCK,202830.9,205104.7,296,505,60.25023365020752
2026-09-09T07:04:13.823649+00:00,NULL_SPHERE,277.4,366.0,13188,81,60.25023365020752
2026-09-09T07:04:13.823649+00:00,NULL_OVOID,140000.3,168948.5,66,2009,60.25023365020752
2026-09-09T07:04:13.823649+00:00,RECOMBOBULATOR_3000,9912454.8,10107657.3,1,2,60.25023365020752
2026-09-09T07:04:13.823649+00:00,SUMMONING_EYE,1184771.8,1297452.1,28,1,60.25023365020752
2026-09-09T07:05:14.111302+00:00,BOOSTER_COOKIE,11900445.1,12243995.6,1,5,60.286895751953125
2026-09-09T07:05:14.111302+00:00,ENCHANTED_DIAMOND,1281.3,1347.0,22472,29,60.286895751953125
2026-09-09T07:05:14.111302+00:00,ENCHANTED_DIAMOND_BLOCK,202830.9,205104.7,92,83,60.286895751953125
2026-09-09T07:05:14.111302+00:00,NULL_SPHERE,272.7,366.0,55217,81,60.286895751953125
2026-09-09T07:05:14.111302+00:00,NULL_OVOID,140000.2,168948.5,96,1979,60.286895751953125
2026-09-09T07:05:14.111302+00:00,RECOMBOBULATOR_3000,9912455.0,10107656.8,1,8,60.286895751953125
2026-09-09T07:05:14.111302+00:00,SUMMONING_EYE,1184772.3,1286183.7,5,1,60.286895751953125
2026-09-09T07:06:14.369005+00:00,BOOSTER_COOKIE,11900445.1,12243995.6,1,5,60.25727844238281
2026-09-09T07:06:14.369005+00:00,ENCHANTED_DIAMOND,1281.3,1347.0,22472,29,60.25727844238281
2026-09-09T07:06:14.369005+00:00,ENCHANTED_DIAMOND_BLOCK,202830.9,205104.7,92,83,60.25727844238281
2026-09-09T07:06:14.369005+00:00,NULL_SPHERE,272.7,366.0,55217,81,60.25727844238281
2026-09-09T07:06:14.369005+00:00,NULL_OVOID,140000.2,168948.5,96,1979,60.25727844238281
2026-09-09T07:06:14.369005+00:00,RECOMBOBULATOR_3000,9912455.0,10107656.8,1,8,60.25727844238281
2026-09-09T07:06:14.369005+00:00,SUMMONING_EYE,1184772.3,1286183.7,5,1,60.25727844238281
2026-09-09T07:07:14.617182+00:00,BOOSTER_COOKIE,11900445.1,12243995.6,1,5,60.24957299232483
2026-09-09T07:07:14.617182+00:00,ENCHANTED_DIAMOND,1281.3,1347.0,22472,29,60.24957299232483
2026-09-09T07:07:14.617182+00:00,ENCHANTED_DIAMOND_BLOCK,202830.9,205104.7,92,83,60.24957299232483
2026-09-09T07:07:14.617182+00:00,NULL_SPHERE,272.7,366.0,55217,81,60.24957299232483
2026-09-09T07:07:14.617182+00:00,NULL_OVOID,140000.2,168948.5,96,1979,60.24957299232483
2026-09-09T07:07:14.617182+00:00,RECOMBOBULATOR_3000,9912455.0,10107656.8,1,8,60.24957299232483
2026-09-09T07:07:14.617182+00:00,SUMMONING_EYE,1184772.3,1286183.7,5,1,60.24957299232483
2026-09-09T07:08:14.913589+00:00,BOOSTER_COOKIE,11900445.1,12243995.6,1,5,60.29437875747681
2026-09-09T07:08:14.913589+00:00,ENCHANTED_DIAMOND,1281.3,1347.0,22472,29,60.29437875747681
2026-09-09T07:08:14.913589+00:00,ENCHANTED_DIAMOND_BLOCK,202830.9,205104.7,92,83,60.29437875747681
2026-09-09T07:08:14.913589+00:00,NULL_SPHERE,272.7,366.0,55217,81,60.29437875747681
2026-09-09T07:08:14.913589+00:00,NULL_OVOID,140000.2,168948.5,96,1979,60.29437875747681
2026-09-09T07:08:14.913589+00:00,RECOMBOBULATOR_3000,9912455.0,10107656.8,1,8,60.29437875747681
2026-09-09T07:08:14.913589+00:00,SUMMONING_EYE,1184772.3,1286183.7,5,1,60.29437875747681
2026-09-09T07:09:15.141624+00:00,BOOSTER_COOKIE,11900445.1,12243995.6,1,5,60.23494029045105
2026-09-09T07:09:15.141624+00:00,ENCHANTED_DIAMOND,1281.3,1347.0,22472,29,60.23494029045105
2026-09-09T07:09:15.141624+00:00,ENCHANTED_DIAMOND_BLOCK,202830.9,205104.7,92,83,60.23494029045105
2026-09-09T07:09:15.141624+00:00,NULL_SPHERE,272.7,366.0,55217,81,60.23494029045105
2026-09-09T07:09:15.141624+00:00,NULL_OVOID,140000.2,168948.5,96,1979,60.23494029045105
2026-09-09T07:09:15.141624+00:00,RECOMBOBULATOR_3000,9912455.0,10107656.8,1,8,60.23494029045105
2026-09-09T07:09:15.141624+00:00,SUMMONING_EYE,1184772.3,1286183.7,5,1,60.23494029045105
2026-09-09T07:10:15.427134+00:00,BOOSTER_COOKIE,11900446.9,12243995.3,5,1,60.27866339683533
2026-09-09T07:10:15.427134+00:00,ENCHANTED_DIAMOND,1281.3,1347.1,20072,419,60.27866339683533
2026-09-09T07:10:15.427134+00:00,ENCHANTED_DIAMOND_BLOCK,202831.1,205104.9,38,315,60.27866339683533
2026-09-09T07:10:15.427134+00:00,NULL_SPHERE,272.7,365.9,51549,1095,60.27866339683533
2026-09-09T07:10:15.427134+00:00,NULL_OVOID,140000.3,168948.5,198,1807,60.27866339683533
2026-09-09T07:10:15.427134+00:00,RECOMBOBULATOR_3000,9912454.2,10107656.0,24,1,60.27866339683533
2026-09-09T07:10:15.427134+00:00,SUMMONING_EYE,1184772.6,1297450.0,1,8,60.27866339683533
2026-09-09T07:11:15.678717+00:00,BOOSTER_COOKIE,11900446.9,12243995.3,5,1,60.25232172012329
2026-09-09T07:11:15.678717+00:00,ENCHANTED_DIAMOND,1281.3,1347.1,20072,419,60.25232172012329
2026-09-09T07:11:15.678717+00:00,ENCHANTED_DIAMOND_BLOCK,202831.1,205104.9,38,315,60.25232172012329
2026-09-09T07:11:15.678717+00:00,NULL_SPHERE,272.7,365.9,51549,1095,60.25232172012329
2026-09-09T07:11:15.678717+00:00,NULL_OVOID,140000.3,168948.5,198,1807,60.25232172012329
2026-09-09T07:11:15.678717+00:00,RECOMBOBULATOR_3000,9912454.2,10107656.0,24,1,60.25232172012329
2026-09-09T07:11:15.678717+00:00,SUMMONING_EYE,1184772.6,1297450.0,1,8,60.25232172012329
2026-09-09T07:12:15.898250+00:00,BOOSTER_COOKIE,11900446.9,12243995.3,5,1,60.22032904624939
2026-09-09T07:12:15.898250+00:00,ENCHANTED_DIAMOND,1281.3,1347.1,20072,419,60.22032904624939
2026-09-09T07:12:15.898250+00:00,ENCHANTED_DIAMOND_BLOCK,202831.1,205104.9,38,315,60.22032904624939
2026-09-09T07:12:15.898250+00:00,NULL_SPHERE,272.7,365.9,51549,1095,60.22032904624939
2026-09-09T07:12:15.898250+00:00,NULL_OVOID,140000.3,168948.5,198,1807,60.22032904624939
2026-09-09T07:12:15.898250+00:00,RECOMBOBULATOR_3000,9912454.2,10107656.0,24,1,60.22032904624939
2026-09-09T07:12:15.898250+00:00,SUMMONING_EYE,1184772.6,1297450.0,1,8,60.22032904624939
2026-09-09T07:13:16.184365+00:00,BOOSTER_COOKIE,11900446.9,12243995.3,5,1,60.28862190246582
2026-09-09T07:13:16.184365+00:00,ENCHANTED_DIAMOND,1281.3,1347.1,20072,419,60.28862190246582
2026-09-09T07:13:16.184365+00:00,ENCHANTED_DIAMOND_BLOCK,202831.1,205104.9,38,315,60.28862190246582
2026-09-09T07:13:16.184365+00:00,NULL_SPHERE,272.7,365.9,51549,1095,60.28862190246582
2026-09-09T07:13:16.184365+00:00,NULL_OVOID,140000.3,168948.5,198,1807,60.28862190246582
2026-09-09T07:13:16.184365+00:00,RECOMBOBULATOR_3000,9912454.2,10107656.0,24,1,60.28862190246582
2026-09-09T07:13:16.184365+00:00,SUMMONING_EYE,1184772.6,1297450.0,1,8,60.28862190246582
2026-09-09T07:14:16.475636+00:00,BOOSTER_COOKIE,11900446.9,12243995.3,5,1,60.28888273239136
2026-09-09T07:14:16.475636+00:00,ENCHANTED_DIAMOND,1281.3,1347.1,20072,419,60.28888273239136
2026-09-09T07:14:16.475636+00:00,ENCHANTED_DIAMOND_BLOCK,202831.1,205104.9,38,315,60.28888273239136
2026-09-09T07:14:16.475636+00:00,NULL_SPHERE,272.7,365.9,51549,1095,60.28888273239136
2026-09-09T07:14:16.475636+00:00,NULL_OVOID,140000.3,168948.5,198,1807,60.28888273239136
2026-09-09T07:14:16.475636+00:00,RECOMBOBULATOR_3000,9912454.2,10107656.0,24,1,60.28888273239136
2026-09-09T07:14:16.475636+00:00,SUMMONING_EYE,1184772.6,1297450.0,1,8,60.28888273239136
2026-09-09T07:15:16.763998+00:00,BOOSTER_COOKIE,11917625.6,12243994.5,1,2,60.28631639480591
2026-09-09T07:15:16.763998+00:00,ENCHANTED_DIAMOND,1281.3,1349.0,6728,13866,60.28631639480591
2026-09-09T07:15:16.763998+00:00,ENCHANTED_DIAMOND_BLOCK,202658.1,205104.9,788,226,60.28631639480591
2026-09-09T07:15:16.763998+00:00,NULL_SPHERE,272.7,365.9,44583,1095,60.28631639480591
2026-09-09T07:15:16.763998+00:00,NULL_OVOID,140000.5,168948.5,32,1068,60.28631639480591
2026-09-09T07:15:16.763998+00:00,RECOMBOBULATOR_3000,9912454.8,10107654.9,3,3,60.28631639480591
2026-09-09T07:15:16.763998+00:00,SUMMONING_EYE,1184773.1,1297449.2,7,9,60.28631639480591
2026-09-09T07:16:17.013983+00:00,BOOSTER_COOKIE,11917625.6,12243994.5,1,2,60.252445697784424
2026-09-09T07:16:17.013983+00:00,ENCHANTED_DIAMOND,1281.3,1349.0,6728,13866,60.252445697784424
2026-09-09T07:16:17.013983+00:00,ENCHANTED_DIAMOND_BLOCK,202658.1,205104.9,788,226,60.252445697784424
2026-09-09T07:16:17.013983+00:00,NULL_SPHERE,272.7,365.9,44583,1095,60.252445697784424
2026-09-09T07:16:17.013983+00:00,NULL_OVOID,140000.5,168948.5,32,1068,60.252445697784424
2026-09-09T07:16:17.013983+00:00,RECOMBOBULATOR_3000,9912454.8,10107654.9,3,3,60.252445697784424
2026-09-09T07:16:17.013983+00:00,SUMMONING_EYE,1184773.1,1297449.2,7,9,60.252445697784424
2026-09-09T07:17:17.276809+00:00,BOOSTER_COOKIE,11917625.6,12243994.5,1,2,60.260796785354614
2026-09-09T07:17:17.276809+00:00,ENCHANTED_DIAMOND,1281.3,1349.0,6728,13866,60.260796785354614
2026-09-09T07:17:17.276809+00:00,ENCHANTED_DIAMOND_BLOCK,202658.1,205104.9,788,226,60.260796785354614
2026-09-09T07:17:17.276809+00:00,NULL_SPHERE,272.7,365.9,44583,1095,60.260796785354614
2026-09-09T07:17:17.276809+00:00,NULL_OVOID,140000.5,168948.5,32,1068,60.260796785354614
2026-09-09T07:17:17.276809+00:00,RECOMBOBULATOR_3000,9912454.8,10107654.9,3,3,60.260796785354614
2026-09-09T07:17:17.276809+00:00,SUMMONING_EYE,1184773.1,1297449.2,7,9,60.260796785354614
2026-09-09T07:18:17.513373+00:00,BOOSTER_COOKIE,11917625.6,12243994.5,1,2,60.23731589317322
2026-09-09T07:18:17.513373+00:00,ENCHANTED_DIAMOND,1281.3,1349.0,6728,13866,60.23731589317322
2026-09-09T07:18:17.513373+00:00,ENCHANTED_DIAMOND_BLOCK,202658.1,205104.9,788,226,60.23731589317322
2026-09-09T07:18:17.513373+00:00,NULL_SPHERE,272.7,365.9,44583,1095,60.23731589317322
2026-09-09T07:18:17.513373+00:00,NULL_OVOID,140000.5,168948.5,32,1068,60.23731589317322
2026-09-09T07:18:17.513373+00:00,RECOMBOBULATOR_3000,9912454.8,10107654.9,3,3,60.23731589317322
2026-09-09T07:18:17.513373+00:00,SUMMONING_EYE,1184773.1,1297449.2,7,9,60.23731589317322
2026-09-09T07:19:17.764228+00:00,BOOSTER_COOKIE,11917625.6,12243994.5,1,2,60.25079321861267
2026-09-09T07:19:17.764228+00:00,ENCHANTED_DIAMOND,1281.3,1349.0,6728,13866,60.25079321861267
2026-09-09T07:19:17.764228+00:00,ENCHANTED_DIAMOND_BLOCK,202658.1,205104.9,788,226,60.25079321861267
2026-09-09T07:19:17.764228+00:00,NULL_SPHERE,272.7,365.9,44583,1095,60.25079321861267
2026-09-09T07:19:17.764228+00:00,NULL_OVOID,140000.5,168948.5,32,1068,60.25079321861267
2026-09-09T07:19:17.764228+00:00,RECOMBOBULATOR_3000,9912454.8,10107654.9,3,3,60.25079321861267
2026-09-09T07:19:17.764228+00:00,SUMMONING_EYE,1184773.1,1297449.2,7,9,60.25079321861267
2026-09-09T07:20:18.082244+00:00,BOOSTER_COOKIE,11900448.0,12243994.5,5,7,60.31809854507446
2026-09-09T07:20:18.082244+00:00,ENCHANTED_DIAMOND,1281.1,1349.0,55152,3064,60.31809854507446
2026-09-09T07:20:18.082244+00:00,ENCHANTED_DIAMOND_BLOCK,202658.1,205104.7,218,2,60.31809854507446
2026-09-09T07:20:18.082244+00:00,NULL_SPHERE,272.9,365.9,70900,1095,60.31809854507446
2026-09-09T07:20:18.082244+00:00,NULL_OVOID,140000.5,168948.5,32,1068,60.31809854507446
2026-09-09T07:20:18.082244+00:00,RECOMBOBULATOR_3000,9912455.8,10107655.3,1,2,60.31809854507446
2026-09-09T07:20:18.082244+00:00,SUMMONING_EYE,1184773.2,1297448.1,41,4,60.31809854507446
2026-09-09T07:21:18.342666+00:00,BOOSTER_COOKIE,11900448.0,12243994.5,5,7,60.265480756759644
2026-09-09T07:21:18.342666+00:00,ENCHANTED_DIAMOND,1281.1,1349.0,55152,3064,60.265480756759644
2026-09-09T07:21:18.342666+00:00,ENCHANTED_DIAMOND_BLOCK,202658.1,205104.7,218,2,60.265480756759644
2026-09-09T07:21:18.342666+00:00,NULL_SPHERE,272.9,365.9,70900,1095,60.265480756759644
2026-09-09T07:21:18.342666+00:00,NULL_OVOID,140000.5,168948.5,32,1068,60.265480756759644
2026-09-09T07:21:18.342666+00:00,RECOMBOBULATOR_3000,9912455.8,10107655.3,1,2,60.265480756759644
2026-09-09T07:21:18.342666+00:00,SUMMONING_EYE,1184773.2,1297448.1,41,4,60.265480756759644
2026-09-09T07:22:18.600411+00:00,BOOSTER_COOKIE,11900448.0,12243994.5,5,7,60.2531418800354
2026-09-09T07:22:18.600411+00:00,ENCHANTED_DIAMOND,1281.1,1349.0,55152,3064,60.2531418800354
2026-09-09T07:22:18.600411+00:00,ENCHANTED_DIAMOND_BLOCK,202658.1,205104.7,218,2,60.2531418800354
2026-09-09T07:22:18.600411+00:00,NULL_SPHERE,272.9,365.9,70900,1095,60.2531418800354
2026-09-09T07:22:18.600411+00:00,NULL_OVOID,140000.5,168948.5,32,1068,60.2531418800354
2026-09-09T07:22:18.600411+00:00,RECOMBOBULATOR_3000,9912455.8,10107655.3,1,2,60.2531418800354
2026-09-09T07:22:18.600411+00:00,SUMMONING_EYE,1184773.2,1297448.1,41,4,60.2531418800354
2026-09-09T07:23:18.832286+00:00,BOOSTER_COOKIE,11900448.0,12243994.5,5,7,60.23060655593872
2026-09-09T07:23:18.832286+00:00,ENCHANTED_DIAMOND,1281.1,1349.0,55152,3064,60.23060655593872
2026-09-09T07:23:18.832286+00:00,ENCHANTED_DIAMOND_BLOCK,202658.1,205104.7,218,2,60.23060655593872
2026-09-09T07:23:18.832286+00:00,NULL_SPHERE,272.9,365.9,70900,1095,60.23060655593872
2026-09-09T07:23:18.832286+00:00,NULL_OVOID,140000.5,168948.5,32,1068,60.23060655593872
2026-09-09T07:23:18.832286+00:00,RECOMBOBULATOR_3000,9912455.8,10107655.3,1,2,60.23060655593872
2026-09-09T07:23:18.832286+00:00,SUMMONING_EYE,1184773.2,1297448.1,41,4,60.23060655593872
2026-09-09T07:24:19.121757+00:00,BOOSTER_COOKIE,11900448.0,12243994.5,5,7,60.28915309906006
2026-09-09T07:24:19.121757+00:00,ENCHANTED_DIAMOND,1281.1,1349.0,55152,3064,60.28915309906006
2026-09-09T07:24:19.121757+00:00,ENCHANTED_DIAMOND_BLOCK,202658.1,205104.7,218,2,60.28915309906006
2026-09-09T07:24:19.121757+00:00,NULL_SPHERE,272.9,365.9,70900,1095,60.28915309906006
2026-09-09T07:24:19.121757+00:00,NULL_OVOID,140000.5,168948.5,32,1068,60.28915309906006
2026-09-09T07:24:19.121757+00:00,RECOMBOBULATOR_3000,9912455.8,10107655.3,1,2,60.28915309906006
2026-09-09T07:24:19.121757+00:00,SUMMONING_EYE,1184773.2,1297448.1,41,4,60.28915309906006
2026-09-09T07:25:19.394128+00:00,BOOSTER_COOKIE,11917627.2,12272194.1,1,9,60.27210259437561
2026-09-09T07:25:19.394128+00:00,ENCHANTED_DIAMOND,1281.2,1349.5,66943,65,60.27210259437561
2026-09-09T07:25:19.394128+00:00,ENCHANTED_DIAMOND_BLOCK,202500.0,205104.3,4639,2,60.27210259437561
2026-09-09T07:25:19.394128+00:00,NULL_SPHERE,277.7,365.9,6956,1095,60.27210259437561
2026-09-09T07:25:19.394128+00:00,NULL_OVOID,140000.5,168948.4,32,344,60.27210259437561
2026-09-09T07:25:19.394128+00:00,RECOMBOBULATOR_3000,9912456.2,10107659.3,1,1,60.27210259437561
2026-09-09T07:25:19.394128+00:00,SUMMONING_EYE,1190407.3,1297447.3,25,3,60.27210259437561
2026-09-09T07:26:19.638136+00:00,BOOSTER_COOKIE,11917627.2,12272194.1,1,9,60.24549317359924
2026-09-09T07:26:19.638136+00:00,ENCHANTED_DIAMOND,1281.2,1349.5,66943,65,60.24549317359924
2026-09-09T07:26:19.638136+00:00,ENCHANTED_DIAMOND_BLOCK,202500.0,205104.3,4639,2,60.24549317359924
2026-09-09T07:26:19.638136+00:00,NULL_SPHERE,277.7,365.9,6956,1095,60.24549317359924
2026-09-09T07:26:19.638136+00:00,NULL_OVOID,140000.5,168948.4,32,344,60.24549317359924
2026-09-09T07:26:19.638136+00:00,RECOMBOBULATOR_3000,9912456.2,10107659.3,1,1,60.24549317359924
2026-09-09T07:26:19.638136+00:00,SUMMONING_EYE,1190407.3,1297447.3,25,3,60.24549317359924
2026-09-09T07:27:19.885142+00:00,BOOSTER_COOKIE,11917627.2,12272194.1,1,9,60.252856492996216
2026-09-09T07:27:19.885142+00:00,ENCHANTED_DIAMOND,1281.2,1349.5,66943,65,60.252856492996216
2026-09-09T07:27:19.885142+00:00,ENCHANTED_DIAMOND_BLOCK,202500.0,205104.3,4639,2,60.252856492996216
2026-09-09T07:27:19.885142+00:00,NULL_SPHERE,277.7,365.9,6956,1095,60.252856492996216
2026-09-09T07:27:19.885142+00:00,NULL_OVOID,140000.5,168948.4,32,344,60.252856492996216
2026-09-09T07:27:19.885142+00:00,RECOMBOBULATOR_3000,9912456.2,10107659.3,1,1,60.252856492996216
2026-09-09T07:27:19.885142+00:00,SUMMONING_EYE,1190407.3,1297447.3,25,3,60.252856492996216
2026-09-09T07:28:20.151848+00:00,BOOSTER_COOKIE,11917627.2,12272194.1,1,9,60.25920033454895
2026-09-09T07:28:20.151848+00:00,ENCHANTED_DIAMOND,1281.2,1349.5,66943,65,60.25920033454895
2026-09-09T07:28:20.151848+00:00,ENCHANTED_DIAMOND_BLOCK,202500.0,205104.3,4639,2,60.25920033454895
2026-09-09T07:28:20.151848+00:00,NULL_SPHERE,277.7,365.9,6956,1095,60.25920033454895
2026-09-09T07:28:20.151848+00:00,NULL_OVOID,140000.5,168948.4,32,344,60.25920033454895
2026-09-09T07:28:20.151848+00:00,RECOMBOBULATOR_3000,9912456.2,10107659.3,1,1,60.25920033454895
2026-09-09T07:28:20.151848+00:00,SUMMONING_EYE,1190407.3,1297447.3,25,3,60.25920033454895
2026-09-09T07:29:20.443842+00:00,BOOSTER_COOKIE,11917627.2,12272194.1,1,9,60.295907497406006
2026-09-09T07:29:20.443842+00:00,ENCHANTED_DIAMOND,1281.2,1349.5,66943,65,60.295907497406006
2026-09-09T07:29:20.443842+00:00,ENCHANTED_DIAMOND_BLOCK,202500.0,205104.3,4639,2,60.295907497406006
2026-09-09T07:29:20.443842+00:00,NULL_SPHERE,277.7,365.9,6956,1095,60.295907497406006
2026-09-09T07:29:20.443842+00:00,NULL_OVOID,140000.5,168948.4,32,344,60.295907497406006
2026-09-09T07:29:20.443842+00:00,RECOMBOBULATOR_3000,9912456.2,10107659.3,1,1,60.295907497406006
2026-09-09T07:29:20.443842+00:00,SUMMONING_EYE,1190407.3,1297447.3,25,3,60.295907497406006
2026-09-09T07:30:20.709514+00:00,BOOSTER_COOKIE,11935356.4,12272194.3,1,3,60.26373887062073
2026-09-09T07:30:20.709514+00:00,ENCHANTED_DIAMOND,1281.2,1350.0,62507,12162,60.26373887062073
2026-09-09T07:30:20.709514+00:00,ENCHANTED_DIAMOND_BLOCK,202500.0,205104.1,2907,486,60.26373887062073
2026-09-09T07:30:20.709514+00:00,NULL_SPHERE,277.6,365.7,64033,883,60.26373887062073
2026-09-09T07:30:20.709514+00:00,NULL_OVOID,140000.7,168948.4,32,274,60.26373887062073
2026-09-09T07:30:20.709514+00:00,RECOMBOBULATOR_3000,9912456.4,10107663.9,9,11,60.26373887062073
2026-09-09T07:30:20.709514+00:00,SUMMONING_EYE,1190407.5,1297446.5,2,1,60.26373887062073
2026-09-09T07:31:20.977915+00:00,BOOSTER_COOKIE,11935356.4,12272194.3,1,3,60.26920199394226
2026-09-09T07:31:20.977915+00:00,ENCHANTED_DIAMOND,1281.2,1350.0,62507,12162,60.26920199394226
2026-09-09T07:31:20.977915+00:00,ENCHANTED_DIAMOND_BLOCK,202500.0,205104.1,2907,486,60.26920199394226
2026-09-09T07:31:20.977915+00:00,NULL_SPHERE,277.6,365.7,64033,883,60.26920199394226
2026-09-09T07:31:20.977915+00:00,NULL_OVOID,140000.7,168948.4,32,274,60.26920199394226
2026-09-09T07:31:20.977915+00:00,RECOMBOBULATOR_3000,9912456.4,10107663.9,9,11,60.26920199394226
2026-09-09T07:31:20.977915+00:00,SUMMONING_EYE,1190407.5,1297446.5,2,1,60.26920199394226
2026-09-09T07:32:21.230546+00:00,BOOSTER_COOKIE,11935356.4,12272194.3,1,3,60.25242829322815
2026-09-09T07:32:21.230546+00:00,ENCHANTED_DIAMOND,1281.2,1350.0,62507,12162,60.25242829322815
2026-09-09T07:32:21.230546+00:00,ENCHANTED_DIAMOND_BLOCK,202500.0,205104.1,2907,486,60.25242829322815
2026-09-09T07:32:21.230546+00:00,NULL_SPHERE,277.6,365.7,64033,883,60.25242829322815
2026-09-09T07:32:21.230546+00:00,NULL_OVOID,140000.7,168948.4,32,274,60.25242829322815
2026-09-09T07:32:21.230546+00:00,RECOMBOBULATOR_3000,9912456.4,10107663.9,9,11,60.25242829322815
2026-09-09T07:32:21.230546+00:00,SUMMONING_EYE,1190407.5,1297446.5,2,1,60.25242829322815
2026-09-09T07:33:21.459962+00:00,BOOSTER_COOKIE,11935356.4,12272194.3,1,3,60.23592710494995
2026-09-09T07:33:21.459962+00:00,ENCHANTED_DIAMOND,1281.2,1350.0,62507,12162,60.23592710494995
2026-09-09T07:33:21.459962+00:00,ENCHANTED_DIAMOND_BLOCK,202500.0,205104.1,2907,486,60.23592710494995
2026-09-09T07:33:21.459962+00:00,NULL_SPHERE,277.6,365.7,64033,883,60.23592710494995
2026-09-09T07:33:21.459962+00:00,NULL_OVOID,140000.7,168948.4,32,274,60.23592710494995
2026-09-09T07:33:21.459962+00:00,RECOMBOBULATOR_3000,9912456.4,10107663.9,9,11,60.23592710494995
2026-09-09T07:33:21.459962+00:00,SUMMONING_EYE,1190407.5,1297446.5,2,1,60.23592710494995
2026-09-09T07:34:21.697140+00:00,BOOSTER_COOKIE,11935356.4,12272194.3,1,3,60.22978115081787
2026-09-09T07:34:21.697140+00:00,ENCHANTED_DIAMOND,1281.2,1350.0,62507,12162,60.22978115081787
2026-09-09T07:34:21.697140+00:00,ENCHANTED_DIAMOND_BLOCK,202500.0,205104.1,2907,486,60.22978115081787
2026-09-09T07:34:21.697140+00:00,NULL_SPHERE,277.6,365.7,64033,883,60.22978115081787
2026-09-09T07:34:21.697140+00:00,NULL_OVOID,140000.7,168948.4,32,274,60.22978115081787
2026-09-09T07:34:21.697140+00:00,RECOMBOBULATOR_3000,9912456.4,10107663.9,9,11,60.22978115081787
2026-09-09T07:34:21.697140+00:00,SUMMONING_EYE,1190407.5,1297446.5,2,1,60.22978115081787
2026-09-09T07:35:21.959112+00:00,BOOSTER_COOKIE,11900446.9,12272193.8,1,9,60.261462926864624
2026-09-09T07:35:21.959112+00:00,ENCHANTED_DIAMOND,1281.2,1349.6,45908,490,60.261462926864624
2026-09-09T07:35:21.959112+00:00,ENCHANTED_DIAMOND_BLOCK,202500.0,205103.8,1804,43,60.261462926864624
2026-09-09T07:35:21.959112+00:00,NULL_SPHERE,277.8,365.7,51156,563,60.261462926864624
2026-09-09T07:35:21.959112+00:00,NULL_OVOID,140000.8,168948.3,200,427,60.261462926864624
2026-09-09T07:35:21.959112+00:00,RECOMBOBULATOR_3000,9912456.5,10107663.8,10,16,60.261462926864624
2026-09-09T07:35:21.959112+00:00,SUMMONING_EYE,1190407.6,1297445.6,5,4,60.261462926864624
2026-09-09T07:36:22.199556+00:00,BOOSTER_COOKIE,11900446.9,12272193.8,1,9,60.240604877471924
2026-09-09T07:36:22.199556+00:00,ENCHANTED_DIAMOND,1281.2,1349.6,45908,490,60.240604877471924
2026-09-09T07:36:22.199556+00:00,ENCHANTED_DIAMOND_BLOCK,202500.0,205103.8,1804,43,60.240604877471924
2026-09-09T07:36:22.199556+00:00,NULL_SPHERE,277.8,365.7,51156,563,60.240604877471924
2026-09-09T07:36:22.199556+00:00,NULL_OVOID,140000.8,168948.3,200,427,60.240604877471924
2026-09-09T07:36:22.199556+00:00,RECOMBOBULATOR_3000,9912456.5,10107663.8,10,16,60.240604877471924
2026-09-09T07:36:22.199556+00:00,SUMMONING_EYE,1190407.6,1297445.6,5,4,60.240604877471924
2026-09-09T07:37:22.434291+00:00,BOOSTER_COOKIE,11900446.9,12272193.8,1,9,60.238903522491455
2026-09-09T07:37:22.434291+00:00,ENCHANTED_DIAMOND,1281.2,1349.6,45908,490,60.238903522491455
2026-09-09T07:37:22.434291+00:00,ENCHANTED_DIAMOND_BLOCK,202500.0,205103.8,1804,43,60.238903522491455
2026-09-09T07:37:22.434291+00:00,NULL_SPHERE,277.8,365.7,51156,563,60.238903522491455
2026-09-09T07:37:22.434291+00:00,NULL_OVOID,140000.8,168948.3,200,427,60.238903522491455
2026-09-09T07:37:22.434291+00:00,RECOMBOBULATOR_3000,9912456.5,10107663.8,10,16,60.238903522491455
2026-09-09T07:37:22.434291+00:00,SUMMONING_EYE,1190407.6,1297445.6,5,4,60.238903522491455
2026-09-09T07:38:22.684386+00:00,BOOSTER_COOKIE,11900446.9,12272193.8,1,9,60.24770927429199
2026-09-09T07:38:22.684386+00:00,ENCHANTED_DIAMOND,1281.2,1349.6,45908,490,60.24770927429199
2026-09-09T07:38:22.684386+00:00,ENCHANTED_DIAMOND_BLOCK,202500.0,205103.8,1804,43,60.24770927429199
2026-09-09T07:38:22.684386+00:00,NULL_SPHERE,277.8,365.7,51156,563,60.24770927429199
2026-09-09T07:38:22.684386+00:00,NULL_OVOID,140000.8,168948.3,200,427,60.24770927429199
2026-09-09T07:38:22.684386+00:00,RECOMBOBULATOR_3000,9912456.5,10107663.8,10,16,60.24770927429199
2026-09-09T07:38:22.684386+00:00,SUMMONING_EYE,1190407.6,1297445.6,5,4,60.24770927429199
2026-09-09T07:39:22.948396+00:00,BOOSTER_COOKIE,11900446.9,12272193.8,1,9,60.2619469165802
2026-09-09T07:39:22.948396+00:00,ENCHANTED_DIAMOND,1281.2,1349.6,45908,490,60.2619469165802
2026-09-09T07:39:22.948396+00:00,ENCHANTED_DIAMOND_BLOCK,202500.0,205103.8,1804,43,60.2619469165802
2026-09-09T07:39:22.948396+00:00,NULL_SPHERE,277.8,365.7,51156,563,60.2619469165802
2026-09-09T07:39:22.948396+00:00,NULL_OVOID,140000.8,168948.3,200,427,60.2619469165802
2026-09-09T07:39:22.948396+00:00,RECOMBOBULATOR_3000,9912456.5,10107663.8,10,16,60.2619469165802
2026-09-09T07:39:22.948396+00:00,SUMMONING_EYE,1190407.6,1297445.6,5,4,60.2619469165802
2026-09-09T07:40:23.261838+00:00,BOOSTER_COOKIE,11900447.7,12272192.7,5,9,60.313313245773315
2026-09-09T07:40:23.261838+00:00,ENCHANTED_DIAMOND,1284.3,1342.5,142189,29,60.313313245773315
2026-09-09T07:40:23.261838+00:00,ENCHANTED_DIAMOND_BLOCK,202500.0,205103.8,1280,432,60.313313245773315
2026-09-09T07:40:23.261838+00:00,NULL_SPHERE,277.8,365.6,29773,1139,60.313313245773315
2026-09-09T07:40:23.261838+00:00,NULL_OVOID,140001.0,168948.3,448,403,60.313313245773315
2026-09-09T07:40:23.261838+00:00,RECOMBOBULATOR_3000,9922217.0,10107663.4,1,2,60.313313245773315
2026-09-09T07:40:23.261838+00:00,SUMMONING_EYE,1190407.6,1297444.9,29,19,60.313313245773315
2026-09-09T07:41:23.529789+00:00,BOOSTER_COOKIE,11900447.7,12272192.7,5,9,60.268465518951416
2026-09-09T07:41:23.529789+00:00,ENCHANTED_DIAMOND,1284.3,1342.5,142189,29,60.268465518951416
2026-09-09T07:41:23.529789+00:00,ENCHANTED_DIAMOND_BLOCK,202500.0,205103.8,1280,432,60.268465518951416
2026-09-09T07:41:23.529789+00:00,NULL_SPHERE,277.8,365.6,29773,1139,60.268465518951416
2026-09-09T07:41:23.529789+00:00,NULL_OVOID,140001.0,168948.3,448,403,60.268465518951416
2026-09-09T07:41:23.529789+00:00,RECOMBOBULATOR_3000,9922217.0,10107663.4,1,2,60.268465518951416
2026-09-09T07:41:23.529789+00:00,SUMMONING_EYE,1190407.6,1297444.9,29,19,60.268465518951416
2026-09-09T07:42:23.785718+00:00,BOOSTER_COOKIE,11900447.7,12272192.7,5,9,60.25731301307678
2026-09-09T07:42:23.785718+00:00,ENCHANTED_DIAMOND,1284.3,1342.5,142189,29,60.25731301307678
2026-09-09T07:42:23.785718+00:00,ENCHANTED_DIAMOND_BLOCK,202500.0,205103.8,1280,432,60.25731301307678
2026-09-09T07:42:23.785718+00:00,NULL_SPHERE,277.8,365.6,29773,1139,60.25731301307678
2026-09-09T07:42:23.785718+00:00,NULL_OVOID,140001.0,168948.3,448,403,60.25731301307678
2026-09-09T07:42:23.785718+00:00,RECOMBOBULATOR_3000,9922217.0,10107663.4,1,2,60.25731301307678
2026-09-09T07:42:23.785718+00:00,SUMMONING_EYE,1190407.6,1297444.9,29,19,60.25731301307678
2026-09-09T07:43:24.035628+00:00,BOOSTER_COOKIE,11900447.7,12272192.7,5,9,60.25101089477539
2026-09-09T07:43:24.035628+00:00,ENCHANTED_DIAMOND,1284.3,1342.5,142189,29,60.25101089477539
2026-09-09T07:43:24.035628+00:00,ENCHANTED_DIAMOND_BLOCK,202500.0,205103.8,1280,432,60.25101089477539
2026-09-09T07:43:24.035628+00:00,NULL_SPHERE,277.8,365.6,29773,1139,60.25101089477539
2026-09-09T07:43:24.035628+00:00,NULL_OVOID,140001.0,168948.3,448,403,60.25101089477539
2026-09-09T07:43:24.035628+00:00,RECOMBOBULATOR_3000,9922217.0,10107663.4,1,2,60.25101089477539
2026-09-09T07:43:24.035628+00:00,SUMMONING_EYE,1190407.6,1297444.9,29,19,60.25101089477539
2026-09-09T07:44:24.306971+00:00,BOOSTER_COOKIE,11900447.7,12272192.7,5,9,60.26892375946045
2026-09-09T07:44:24.306971+00:00,ENCHANTED_DIAMOND,1284.3,1342.5,142189,29,60.26892375946045
2026-09-09T07:44:24.306971+00:00,ENCHANTED_DIAMOND_BLOCK,202500.0,205103.8,1280,432,60.26892375946045
2026-09-09T07:44:24.306971+00:00,NULL_SPHERE,277.8,365.6,29773,1139,60.26892375946045
2026-09-09T07:44:24.306971+00:00,NULL_OVOID,140001.0,168948.3,448,403,60.26892375946045
2026-09-09T07:44:24.306971+00:00,RECOMBOBULATOR_3000,9922217.0,10107663.4,1,2,60.26892375946045
2026-09-09T07:44:24.306971+00:00,SUMMONING_EYE,1190407.6,1297444.9,29,19,60.26892375946045
2026-09-09T07:45:24.567248+00:00,BOOSTER_COOKIE,11750002.2,12272192.5,1,2,60.26455998420715
2026-09-09T07:45:24.567248+00:00,ENCHANTED_DIAMOND,1284.3,1350.0,131434,3858,60.26455998420715
2026-09-09T07:45:24.567248+00:00,ENCHANTED_DIAMOND_BLOCK,202500.1,205104.1,7289,248,60.26455998420715
2026-09-09T07:45:24.567248+00:00,NULL_SPHERE,277.8,365.6,20643,1139,60.26455998420715
2026-09-09T07:45:24.567248+00:00,NULL_OVOID,140001.0,168948.3,448,403,60.26455998420715
2026-09-09T07:45:24.567248+00:00,RECOMBOBULATOR_3000,9912456.9,10107663.9,3,1,60.26455998420715
2026-09-09T07:45:24.567248+00:00,SUMMONING_EYE,1190408.6,1297444.3,32,29,60.26455998420715
2026-09-09T07:46:24.839167+00:00,BOOSTER_COOKIE,11750002.2,12272192.5,1,2,60.26961636543274
2026-09-09T07:46:24.839167+00:00,ENCHANTED_DIAMOND,1284.3,1350.0,131434,3858,60.26961636543274
2026-09-09T07:46:24.839167+00:00,ENCHANTED_DIAMOND_BLOCK,202500.1,205104.1,7289,248,60.26961636543274
2026-09-09T07:46:24.839167+00:00,NULL_SPHERE,277.8,365.6,20643,1139,60.26961636543274
2026-09-09T07:46:24.839167+00:00,NULL_OVOID,140001.0,168948.3,448,403,60.26961636543274
2026-09-09T07:46:24.839167+00:00,RECOMBOBULATOR_3000,9912456.9,10107663.9,3,1,60.26961636543274
2026-09-09T07:46:24.839167+00:00,SUMMONING_EYE,1190408.6,1297444.3,32,29,60.26961636543274
2026-09-09T07:47:25.123179+00:00,BOOSTER_COOKIE,11750002.2,12272192.5,1,2,60.28266358375549
2026-09-09T07:47:25.123179+00:00,ENCHANTED_DIAMOND,1284.3,1350.0,131434,3858,60.28266358375549
2026-09-09T07:47:25.123179+00:00,ENCHANTED_DIAMOND_BLOCK,202500.1,205104.1,7289,248,60.28266358375549
2026-09-09T07:47:25.123179+00:00,NULL_SPHERE,277.8,365.6,20643,1139,60.28266358375549
2026-09-09T07:47:25.123179+00:00,NULL_OVOID,140001.0,168948.3,448,403,60.28266358375549
2026-09-09T07:47:25.123179+00:00,RECOMBOBULATOR_3000,9912456.9,10107663.9,3,1,60.28266358375549
2026-09-09T07:47:25.123179+00:00,SUMMONING_EYE,1190408.6,1297444.3,32,29,60.28266358375549
2026-09-09T07:48:25.388745+00:00,BOOSTER_COOKIE,11750002.2,12272192.5,1,2,60.263548374176025
2026-09-09T07:48:25.388745+00:00,ENCHANTED_DIAMOND,1284.3,1350.0,131434,3858,60.263548374176025
2026-09-09T07:48:25.388745+00:00,ENCHANTED_DIAMOND_BLOCK,202500.1,205104.1,7289,248,60.263548374176025
2026-09-09T07:48:25.388745+00:00,NULL_SPHERE,277.8,365.6,20643,1139,60.263548374176025
2026-09-09T07:48:25.388745+00:00,NULL_OVOID,140001.0,168948.3,448,403,60.263548374176025
2026-09-09T07:48:25.388745+00:00,RECOMBOBULATOR_3000,9912456.9,10107663.9,3,1,60.263548374176025
2026-09-09T07:48:25.388745+00:00,SUMMONING_EYE,1190408.6,1297444.3,32,29,60.263548374176025
2026-09-09T07:49:25.642358+00:00,BOOSTER_COOKIE,11750002.2,12272192.5,1,2,60.25361490249634
2026-09-09T07:49:25.642358+00:00,ENCHANTED_DIAMOND,1284.3,1350.0,131434,3858,60.25361490249634
2026-09-09T07:49:25.642358+00:00,ENCHANTED_DIAMOND_BLOCK,202500.1,205104.1,7289,248,60.25361490249634
2026-09-09T07:49:25.642358+00:00,NULL_SPHERE,277.8,365.6,20643,1139,60.25361490249634
2026-09-09T07:49:25.642358+00:00,NULL_OVOID,140001.0,168948.3,448,403,60.25361490249634
2026-09-09T07:49:25.642358+00:00,RECOMBOBULATOR_3000,9912456.9,10107663.9,3,1,60.25361490249634
2026-09-09T07:49:25.642358+00:00,SUMMONING_EYE,1190408.6,1297444.3,32,29,60.25361490249634
2026-09-09T07:50:26.034778+00:00,BOOSTER_COOKIE,11824480.9,12272192.2,1,30,60.3914635181427
2026-09-09T07:50:26.034778+00:00,ENCHANTED_DIAMOND,1284.3,1350.0,115731,3408,60.3914635181427
2026-09-09T07:50:26.034778+00:00,ENCHANTED_DIAMOND_BLOCK,202500.1,205105.5,5317,1199,60.3914635181427
2026-09-09T07:50:26.034778+00:00,NULL_SPHERE,277.8,359.9,10868,1038,60.3914635181427
2026-09-09T07:50:26.034778+00:00,NULL_OVOID,140001.0,168948.2,448,1060,60.3914635181427
2026-09-09T07:50:26.034778+00:00,RECOMBOBULATOR_3000,9912457.2,10107664.2,1,4,60.3914635181427
2026-09-09T07:50:26.034778+00:00,SUMMONING_EYE,1190409.7,1286740.2,32,6,60.3914635181427
2026-09-09T07:51:26.312300+00:00,BOOSTER_COOKIE,11824480.9,12272192.2,1,30,60.27927303314209
2026-09-09T07:51:26.312300+00:00,ENCHANTED_DIAMOND,1284.3,1350.0,115731,3408,60.27927303314209
2026-09-09T07:51:26.312300+00:00,ENCHANTED_DIAMOND_BLOCK,202500.1,205105.5,5317,1199,60.27927303314209
2026-09-09T07:51:26.312300+00:00,NULL_SPHERE,277.8,359.9,10868,1038,60.27927303314209
2026-09-09T07:51:26.312300+00:00,NULL_OVOID,140001.0,168948.2,448,1060,60.27927303314209
2026-09-09T07:51:26.312300+00:00,RECOMBOBULATOR_3000,9912457.2,10107664.2,1,4,60.27927303314209
2026-09-09T07:51:26.312300+00:00,SUMMONING_EYE,1190409.7,1286740.2,32,6,60.27927303314209
2026-09-09T07:52:26.585736+00:00,BOOSTER_COOKIE,11824480.9,12272192.2,1,30,60.2734808921814
2026-09-09T07:52:26.585736+00:00,ENCHANTED_DIAMOND,1284.3,1350.0,115731,3408,60.2734808921814
2026-09-09T07:52:26.585736+00:00,ENCHANTED_DIAMOND_BLOCK,202500.1,205105.5,5317,1199,60.2734808921814
2026-09-09T07:52:26.585736+00:00,NULL_SPHERE,277.8,359.9,10868,1038,60.2734808921814
2026-09-09T07:52:26.585736+00:00,NULL_OVOID,140001.0,168948.2,448,1060,60.2734808921814
2026-09-09T07:52:26.585736+00:00,RECOMBOBULATOR_3000,9912457.2,10107664.2,1,4,60.2734808921814
2026-09-09T07:52:26.585736+00:00,SUMMONING_EYE,1190409.7,1286740.2,32,6,60.2734808921814
2026-09-09T07:53:26.854778+00:00,BOOSTER_COOKIE,11824480.9,12272192.2,1,30,60.268906593322754
2026-09-09T07:53:26.854778+00:00,ENCHANTED_DIAMOND,1284.3,1350.0,115731,3408,60.268906593322754
2026-09-09T07:53:26.854778+00:00,ENCHANTED_DIAMOND_BLOCK,202500.1,205105.5,5317,1199,60.268906593322754
2026-09-09T07:53:26.854778+00:00,NULL_SPHERE,277.8,359.9,10868,1038,60.268906593322754
2026-09-09T07:53:26.854778+00:00,NULL_OVOID,140001.0,168948.2,448,1060,60.268906593322754
2026-09-09T07:53:26.854778+00:00,RECOMBOBULATOR_3000,9912457.2,10107664.2,1,4,60.268906593322754
2026-09-09T07:53:26.854778+00:00,SUMMONING_EYE,1190409.7,1286740.2,32,6,60.268906593322754
2026-09-09T07:54:27.131197+00:00,BOOSTER_COOKIE,11824480.9,12272192.2,1,30,60.27643656730652
2026-09-09T07:54:27.131197+00:00,ENCHANTED_DIAMOND,1284.3,1350.0,115731,3408,60.27643656730652
2026-09-09T07:54:27.131197+00:00,ENCHANTED_DIAMOND_BLOCK,202500.1,205105.5,5317,1199,60.27643656730652
2026-09-09T07:54:27.131197+00:00,NULL_SPHERE,277.8,359.9,10868,1038,60.27643656730652
2026-09-09T07:54:27.131197+00:00,NULL_OVOID,140001.0,168948.2,448,1060,60.27643656730652
2026-09-09T07:54:27.131197+00:00,RECOMBOBULATOR_3000,9912457.2,10107664.2,1,4,60.27643656730652
2026-09-09T07:54:27.131197+00:00,SUMMONING_EYE,1190409.7,1286740.2,32,6,60.27643656730652
2026-09-09T07:55:27.433068+00:00,BOOSTER_COOKIE,11750002.8,12272191.0,5,1,60.30155611038208
2026-09-09T07:55:27.433068+00:00,ENCHANTED_DIAMOND,1284.7,1349.9,68167,1000,60.30155611038208
2026-09-09T07:55:27.433068+00:00,ENCHANTED_DIAMOND_BLOCK,202500.2,205105.4,321,58,60.30155611038208
2026-09-09T07:55:27.433068+00:00,NULL_SPHERE,277.9,359.9,65871,1038,60.30155611038208
2026-09-09T07:55:27.433068+00:00,NULL_OVOID,140001.0,168948.1,448,176,60.30155611038208
2026-09-09T07:55:27.433068+00:00,RECOMBOBULATOR_3000,9912457.4,10107665.1,5,5,60.30155611038208
2026-09-09T07:55:27.433068+00:00,SUMMONING_EYE,1190410.5,1286739.5,20,2,60.30155611038208
2026-09-09T07:56:27.689191+00:00,BOOSTER_COOKIE,11750002.8,12272191.0,5,1,60.259740114212036
2026-09-09T07:56:27.689191+00:00,ENCHANTED_DIAMOND,1284.7,1349.9,68167,1000,60.259740114212036
2026-09-09T07:56:27.689191+00:00,ENCHANTED_DIAMOND_BLOCK,202500.2,205105.4,321,58,60.259740114212036
2026-09-09T07:56:27.689191+00:00,NULL_SPHERE,277.9,359.9,65871,1038,60.259740114212036
2026-09-09T07:56:27.689191+00:00,NULL_OVOID,140001.0,168948.1,448,176,60.259740114212036
2026-09-09T07:56:27.689191+00:00,RECOMBOBULATOR_3000,9912457.4,10107665.1,5,5,60.259740114212036
2026-09-09T07:56:27.689191+00:00,SUMMONING_EYE,1190410.5,1286739.5,20,2,60.259740114212036
2026-09-09T07:57:27.929728+00:00,BOOSTER_COOKIE,11750002.8,12272191.0,5,1,60.241748094558716
2026-09-09T07:57:27.929728+00:00,ENCHANTED_DIAMOND,1284.7,1349.9,68167,1000,60.241748094558716
2026-09-09T07:57:27.929728+00:00,ENCHANTED_DIAMOND_BLOCK,202500.2,205105.4,321,58,60.241748094558716
2026-09-09T07:57:27.929728+00:00,NULL_SPHERE,277.9,359.9,65871,1038,60.241748094558716
2026-09-09T07:57:27.929728+00:00,NULL_OVOID,140001.0,168948.1,448,176,60.241748094558716
2026-09-09T07:57:27.929728+00:00,RECOMBOBULATOR_3000,9912457.4,10107665.1,5,5,60.241748094558716
2026-09-09T07:57:27.929728+00:00,SUMMONING_EYE,1190410.5,1286739.5,20,2,60.241748094558716
2026-09-09T07:58:28.216074+00:00,BOOSTER_COOKIE,11750002.8,12272191.0,5,1,60.282026052474976
2026-09-09T07:58:28.216074+00:00,ENCHANTED_DIAMOND,1284.7,1349.9,68167,1000,60.282026052474976
2026-09-09T07:58:28.216074+00:00,ENCHANTED_DIAMOND_BLOCK,202500.2,205105.4,321,58,60.282026052474976
2026-09-09T07:58:28.216074+00:00,NULL_SPHERE,277.9,359.9,65871,1038,60.282026052474976
2026-09-09T07:58:28.216074+00:00,NULL_OVOID,140001.0,168948.1,448,176,60.282026052474976
2026-09-09T07:58:28.216074+00:00,RECOMBOBULATOR_3000,9912457.4,10107665.1,5,5,60.282026052474976
2026-09-09T07:58:28.216074+00:00,SUMMONING_EYE,1190410.5,1286739.5,20,2,60.282026052474976
2026-09-09T07:59:28.473767+00:00,BOOSTER_COOKIE,11750002.8,12272191.0,5,1,60.260308027267456
2026-09-09T07:59:28.473767+00:00,ENCHANTED_DIAMOND,1284.7,1349.9,68167,1000,60.260308027267456
2026-09-09T07:59:28.473767+00:00,ENCHANTED_DIAMOND_BLOCK,202500.2,205105.4,321,58,60.260308027267456
2026-09-09T07:59:28.473767+00:00,NULL_SPHERE,277.9,359.9,65871,1038,60.260308027267456
2026-09-09T07:59:28.473767+00:00,NULL_OVOID,140001.0,168948.1,448,176,60.260308027267456
2026-09-09T07:59:28.473767+00:00,RECOMBOBULATOR_3000,9912457.4,10107665.1,5,5,60.260308027267456
2026-09-09T07:59:28.473767+00:00,SUMMONING_EYE,1190410.5,1286739.5,20,2,60.260308027267456
2026-09-09T08:00:28.735029+00:00,BOOSTER_COOKIE,11750003.5,12272190.3,1,29,60.25814867019653
2026-09-09T08:00:28.735029+00:00,ENCHANTED_DIAMOND,1284.8,1645.8,4905,292,60.25814867019653
2026-09-09T08:00:28.735029+00:00,ENCHANTED_DIAMOND_BLOCK,202500.3,205105.4,9,20,60.25814867019653
2026-09-09T08:00:28.735029+00:00,NULL_SPHERE,278.0,360.0,633,489334,60.25814867019653
2026-09-09T08:00:28.735029+00:00,NULL_OVOID,140001.0,168948.0,447,365,60.25814867019653
2026-09-09T08:00:28.735029+00:00,RECOMBOBULATOR_3000,9912457.6,10107665.0,1,1,60.25814867019653
2026-09-09T08:00:28.735029+00:00,SUMMONING_EYE,1190411.2,1286739.4,6,5,60.25814867019653
2026-09-09T08:01:28.989348+00:00,BOOSTER_COOKIE,11750003.5,12272190.3,1,29,60.2546443939209
2026-09-09T08:01:28.989348+00:00,ENCHANTED_DIAMOND,1284.8,1645.8,4905,292,60.2546443939209
2026-09-09T08:01:28.989348+00:00,ENCHANTED_DIAMOND_BLOCK,202500.3,205105.4,9,20,60.2546443939209
2026-09-09T08:01:28.989348+00:00,NULL_SPHERE,278.0,360.0,633,489334,60.2546443939209
2026-09-09T08:01:28.989348+00:00,NULL_OVOID,140001.0,168948.0,447,365,60.2546443939209
2026-09-09T08:01:28.989348+00:00,RECOMBOBULATOR_3000,9912457.6,10107665.0,1,1,60.2546443939209
2026-09-09T08:01:28.989348+00:00,SUMMONING_EYE,1190411.2,1286739.4,6,5,60.2546443939209
2026-09-09T08:02:29.244796+00:00,BOOSTER_COOKIE,11750003.5,12272190.3,1,29,60.255833864212036
2026-09-09T08:02:29.244796+00:00,ENCHANTED_DIAMOND,1284.8,1645.8,4905,292,60.255833864212036
2026-09-09T08:02:29.244796+00:00,ENCHANTED_DIAMOND_BLOCK,202500.3,205105.4,9,20,60.255833864212036
2026-09-09T08:02:29.244796+00:00,NULL_SPHERE,278.0,360.0,633,489334,60.255833864212036
2026-09-09T08:02:29.244796+00:00,NULL_OVOID,140001.0,168948.0,447,365,60.255833864212036
2026-09-09T08:02:29.244796+00:00,RECOMBOBULATOR_3000,9912457.6,10107665.0,1,1,60.255833864212036
2026-09-09T08:02:29.244796+00:00,SUMMONING_EYE,1190411.2,1286739.4,6,5,60.255833864212036
2026-09-09T08:03:29.496576+00:00,BOOSTER_COOKIE,11750003.5,12272190.3,1,29,60.2511625289917
2026-09-09T08:03:29.496576+00:00,ENCHANTED_DIAMOND,1284.8,1645.8,4905,292,60.2511625289917
2026-09-09T08:03:29.496576+00:00,ENCHANTED_DIAMOND_BLOCK,202500.3,205105.4,9,20,60.2511625289917
2026-09-09T08:03:29.496576+00:00,NULL_SPHERE,278.0,360.0,633,489334,60.2511625289917
2026-09-09T08:03:29.496576+00:00,NULL_OVOID,140001.0,168948.0,447,365,60.2511625289917
2026-09-09T08:03:29.496576+00:00,RECOMBOBULATOR_3000,9912457.6,10107665.0,1,1,60.2511625289917
2026-09-09T08:03:29.496576+00:00,SUMMONING_EYE,1190411.2,1286739.4,6,5,60.2511625289917
2026-09-09T08:04:29.755698+00:00,BOOSTER_COOKIE,11750003.5,12272190.3,1,29,60.25888800621033
2026-09-09T08:04:29.755698+00:00,ENCHANTED_DIAMOND,1284.8,1645.8,4905,292,60.25888800621033
2026-09-09T08:04:29.755698+00:00,ENCHANTED_DIAMOND_BLOCK,202500.3,205105.4,9,20,60.25888800621033
2026-09-09T08:04:29.755698+00:00,NULL_SPHERE,278.0,360.0,633,489334,60.25888800621033
2026-09-09T08:04:29.755698+00:00,NULL_OVOID,140001.0,168948.0,447,365,60.25888800621033
2026-09-09T08:04:29.755698+00:00,RECOMBOBULATOR_3000,9912457.6,10107665.0,1,1,60.25888800621033
2026-09-09T08:04:29.755698+00:00,SUMMONING_EYE,1190411.2,1286739.4,6,5,60.25888800621033
2026-09-09T08:05:30.004675+00:00,BOOSTER_COOKIE,11776111.7,12272188.8,8,15,60.250585079193115
2026-09-09T08:05:30.004675+00:00,ENCHANTED_DIAMOND,1284.7,1599.9,52696,151,60.250585079193115
2026-09-09T08:05:30.004675+00:00,ENCHANTED_DIAMOND_BLOCK,202500.2,205105.5,681,620,60.250585079193115
2026-09-09T08:05:30.004675+00:00,NULL_SPHERE,277.8,360.0,3044,489332,60.250585079193115
2026-09-09T08:05:30.004675+00:00,NULL_OVOID,140001.0,168948.0,439,224,60.250585079193115
2026-09-09T08:05:30.004675+00:00,RECOMBOBULATOR_3000,9912457.5,10107665.1,5,1,60.250585079193115
2026-09-09T08:05:30.004675+00:00,SUMMONING_EYE,1190411.1,1286738.9,35,10,60.250585079193115
2026-09-09T08:06:30.227734+00:00,BOOSTER_COOKIE,11776111.7,12272188.8,8,15,60.221139669418335
2026-09-09T08:06:30.227734+00:00,ENCHANTED_DIAMOND,1284.7,1599.9,52696,151,60.221139669418335
2026-09-09T08:06:30.227734+00:00,ENCHANTED_DIAMOND_BLOCK,202500.2,205105.5,681,620,60.221139669418335
2026-09-09T08:06:30.227734+00:00,NULL_SPHERE,277.8,360.0,3044,489332,60.221139669418335
2026-09-09T08:06:30.227734+00:00,NULL_OVOID,140001.0,168948.0,439,224,60.221139669418335
2026-09-09T08:06:30.227734+00:00,RECOMBOBULATOR_3000,9912457.5,10107665.1,5,1,60.221139669418335
2026-09-09T08:06:30.227734+00:00,SUMMONING_EYE,1190411.1,1286738.9,35,10,60.221139669418335
2026-09-09T08:07:30.475398+00:00,BOOSTER_COOKIE,11776111.7,12272188.8,8,15,60.24944043159485
2026-09-09T08:07:30.475398+00:00,ENCHANTED_DIAMOND,1284.7,1599.9,52696,151,60.24944043159485
2026-09-09T08:07:30.475398+00:00,ENCHANTED_DIAMOND_BLOCK,202500.2,205105.5,681,620,60.24944043159485
2026-09-09T08:07:30.475398+00:00,NULL_SPHERE,277.8,360.0,3044,489332,60.24944043159485
2026-09-09T08:07:30.475398+00:00,NULL_OVOID,140001.0,168948.0,439,224,60.24944043159485
2026-09-09T08:07:30.475398+00:00,RECOMBOBULATOR_3000,9912457.5,10107665.1,5,1,60.24944043159485
2026-09-09T08:07:30.475398+00:00,SUMMONING_EYE,1190411.1,1286738.9,35,10,60.24944043159485
2026-09-09T08:08:30.733616+00:00,BOOSTER_COOKIE,11776111.7,12272188.8,8,15,60.257145404815674
2026-09-09T08:08:30.733616+00:00,ENCHANTED_DIAMOND,1284.7,1599.9,52696,151,60.257145404815674
2026-09-09T08:08:30.733616+00:00,ENCHANTED_DIAMOND_BLOCK,202500.2,205105.5,681,620,60.257145404815674
2026-09-09T08:08:30.733616+00:00,NULL_SPHERE,277.8,360.0,3044,489332,60.257145404815674
2026-09-09T08:08:30.733616+00:00,NULL_OVOID,140001.0,168948.0,439,224,60.257145404815674
2026-09-09T08:08:30.733616+00:00,RECOMBOBULATOR_3000,9912457.5,10107665.1,5,1,60.257145404815674
2026-09-09T08:08:30.733616+00:00,SUMMONING_EYE,1190411.1,1286738.9,35,10,60.257145404815674
2026-09-09T08:09:31.006874+00:00,BOOSTER_COOKIE,11776111.7,12272188.8,8,15,60.28058934211731
2026-09-09T08:09:31.006874+00:00,ENCHANTED_DIAMOND,1284.7,1599.9,52696,151,60.28058934211731
2026-09-09T08:09:31.006874+00:00,ENCHANTED_DIAMOND_BLOCK,202500.2,205105.5,681,620,60.28058934211731
2026-09-09T08:09:31.006874+00:00,NULL_SPHERE,277.8,360.0,3044,489332,60.28058934211731
2026-09-09T08:09:31.006874+00:00,NULL_OVOID,140001.0,168948.0,439,224,60.28058934211731
2026-09-09T08:09:31.006874+00:00,RECOMBOBULATOR_3000,9912457.5,10107665.1,5,1,60.28058934211731
2026-09-09T08:09:31.006874+00:00,SUMMONING_EYE,1190411.1,1286738.9,35,10,60.28058934211731
2026-09-09T08:10:31.279714+00:00,BOOSTER_COOKIE,11850000.6,12272189.2,1,20,60.2655713558197
2026-09-09T08:10:31.279714+00:00,ENCHANTED_DIAMOND,1284.7,1568.3,43636,72,60.2655713558197
2026-09-09T08:10:31.279714+00:00,ENCHANTED_DIAMOND_BLOCK,202500.2,205105.4,363,1,60.2655713558197
2026-09-09T08:10:31.279714+00:00,NULL_SPHERE,277.6,360.0,55676,489332,60.2655713558197
2026-09-09T08:10:31.279714+00:00,NULL_OVOID,140001.0,168948.0,439,145,60.2655713558197
2026-09-09T08:10:31.279714+00:00,RECOMBOBULATOR_3000,9912456.6,10107664.6,1,8,60.2655713558197
2026-09-09T08:10:31.279714+00:00,SUMMONING_EYE,1195228.3,1286738.8,1,19,60.2655713558197
2026-09-09T08:11:31.559551+00:00,BOOSTER_COOKIE,11850000.6,12272189.2,1,20,60.281527042388916
2026-09-09T08:11:31.559551+00:00,ENCHANTED_DIAMOND,1284.7,1568.3,43636,72,60.281527042388916
2026-09-09T08:11:31.559551+00:00,ENCHANTED_DIAMOND_BLOCK,202500.2,205105.4,363,1,60.281527042388916
2026-09-09T08:11:31.559551+00:00,NULL_SPHERE,277.6,360.0,55676,489332,60.281527042388916
2026-09-09T08:11:31.559551+00:00,NULL_OVOID,140001.0,168948.0,439,145,60.281527042388916
2026-09-09T08:11:31.559551+00:00,RECOMBOBULATOR_3000,9912456.6,10107664.6,1,8,60.281527042388916
2026-09-09T08:11:31.559551+00:00,SUMMONING_EYE,1195228.3,1286738.8,1,19,60.281527042388916
2026-09-09T08:12:31.815022+00:00,BOOSTER_COOKIE,11850000.6,12272189.2,1,20,60.25381517410278
2026-09-09T08:12:31.815022+00:00,ENCHANTED_DIAMOND,1284.7,1568.3,43636,72,60.25381517410278
2026-09-09T08:12:31.815022+00:00,ENCHANTED_DIAMOND_BLOCK,202500.2,205105.4,363,1,60.25381517410278
2026-09-09T08:12:31.815022+00:00,NULL_SPHERE,277.6,360.0,55676,489332,60.25381517410278
2026-09-09T08:12:31.815022+00:00,NULL_OVOID,140001.0,168948.0,439,145,60.25381517410278
2026-09-09T08:12:31.815022+00:00,RECOMBOBULATOR_3000,9912456.6,10107664.6,1,8,60.25381517410278
2026-09-09T08:12:31.815022+00:00,SUMMONING_EYE,1195228.3,1286738.8,1,19,60.25381517410278
2026-09-09T08:13:32.084864+00:00,BOOSTER_COOKIE,11850000.6,12272189.2,1,20,60.27205538749695
2026-09-09T08:13:32.084864+00:00,ENCHANTED_DIAMOND,1284.7,1568.3,43636,72,60.27205538749695
2026-09-09T08:13:32.084864+00:00,ENCHANTED_DIAMOND_BLOCK,202500.2,205105.4,363,1,60.27205538749695
2026-09-09T08:13:32.084864+00:00,NULL_SPHERE,277.6,360.0,55676,489332,60.27205538749695
2026-09-09T08:13:32.084864+00:00,NULL_OVOID,140001.0,168948.0,439,145,60.27205538749695
2026-09-09T08:13:32.084864+00:00,RECOMBOBULATOR_3000,9912456.6,10107664.6,1,8,60.27205538749695
2026-09-09T08:13:32.084864+00:00,SUMMONING_EYE,1195228.3,1286738.8,1,19,60.27205538749695
2026-09-09T08:14:32.316585+00:00,BOOSTER_COOKIE,11850000.6,12272189.2,1,20,60.22816562652588
2026-09-09T08:14:32.316585+00:00,ENCHANTED_DIAMOND,1284.7,1568.3,43636,72,60.22816562652588
2026-09-09T08:14:32.316585+00:00,ENCHANTED_DIAMOND_BLOCK,202500.2,205105.4,363,1,60.22816562652588
2026-09-09T08:14:32.316585+00:00,NULL_SPHERE,277.6,360.0,55676,489332,60.22816562652588
2026-09-09T08:14:32.316585+00:00,NULL_OVOID,140001.0,168948.0,439,145,60.22816562652588
2026-09-09T08:14:32.316585+00:00,RECOMBOBULATOR_3000,9912456.6,10107664.6,1,8,60.22816562652588
2026-09-09T08:14:32.316585+00:00,SUMMONING_EYE,1195228.3,1286738.8,1,19,60.22816562652588
2026-09-09T08:15:32.559575+00:00,BOOSTER_COOKIE,11850001.9,12272189.0,15,47,60.24722409248352
2026-09-09T08:15:32.559575+00:00,ENCHANTED_DIAMOND,1284.8,1567.8,15015,20,60.24722409248352
2026-09-09T08:15:32.559575+00:00,ENCHANTED_DIAMOND_BLOCK,202500.1,205105.2,4606,16,60.24722409248352
2026-09-09T08:15:32.559575+00:00,NULL_SPHERE,277.7,360.0,614,489236,60.24722409248352
2026-09-09T08:15:32.559575+00:00,NULL_OVOID,140001.1,168947.9,26,400,60.24722409248352
2026-09-09T08:15:32.559575+00:00,RECOMBOBULATOR_3000,9912456.6,10107664.1,8,3,60.24722409248352
2026-09-09T08:15:32.559575+00:00,SUMMONING_EYE,1195229.3,1277587.6,32,1,60.24722409248352
2026-09-09T08:16:32.822102+00:00,BOOSTER_COOKIE,11850001.9,12272189.0,15,47,60.25990653038025
2026-09-09T08:16:32.822102+00:00,ENCHANTED_DIAMOND,1284.8,1567.8,15015,20,60.25990653038025
2026-09-09T08:16:32.822102+00:00,ENCHANTED_DIAMOND_BLOCK,202500.1,205105.2,4606,16,60.25990653038025
2026-09-09T08:16:32.822102+00:00,NULL_SPHERE,277.7,360.0,614,489236,60.25990653038025
2026-09-09T08:16:32.822102+00:00,NULL_OVOID,140001.1,168947.9,26,400,60.25990653038025
2026-09-09T08:16:32.822102+00:00,RECOMBOBULATOR_3000,9912456.6,10107664.1,8,3,60.25990653038025
2026-09-09T08:16:32.822102+00:00,SUMMONING_EYE,1195229.3,1277587.6,32,1,60.25990653038025
2026-09-09T08:17:33.052215+00:00,BOOSTER_COOKIE,11850001.9,12272189.0,15,47,60.23081016540527
2026-09-09T08:17:33.052215+00:00,ENCHANTED_DIAMOND,1284.8,1567.8,15015,20,60.23081016540527
2026-09-09T08:17:33.052215+00:00,ENCHANTED_DIAMOND_BLOCK,202500.1,205105.2,4606,16,60.23081016540527
2026-09-09T08:17:33.052215+00:00,NULL_SPHERE,277.7,360.0,614,489236,60.23081016540527
2026-09-09T08:17:33.052215+00:00,NULL_OVOID,140001.1,168947.9,26,400,60.23081016540527
2026-09-09T08:17:33.052215+00:00,RECOMBOBULATOR_3000,9912456.6,10107664.1,8,3,60.23081016540527
2026-09-09T08:17:33.052215+00:00,SUMMONING_EYE,1195229.3,1277587.6,32,1,60.23081016540527
2026-09-09T08:18:33.326110+00:00,BOOSTER_COOKIE,11850001.9,12272189.0,15,47,60.27333188056946
2026-09-09T08:18:33.326110+00:00,ENCHANTED_DIAMOND,1284.8,1567.8,15015,20,60.27333188056946
2026-09-09T08:18:33.326110+00:00,ENCHANTED_DIAMOND_BLOCK,202500.1,205105.2,4606,16,60.27333188056946
2026-09-09T08:18:33.326110+00:00,NULL_SPHERE,277.7,360.0,614,489236,60.27333188056946
2026-09-09T08:18:33.326110+00:00,NULL_OVOID,140001.1,168947.9,26,400,60.27333188056946
2026-09-09T08:18:33.326110+00:00,RECOMBOBULATOR_3000,9912456.6,10107664.1,8,3,60.27333188056946
2026-09-09T08:18:33.326110+00:00,SUMMONING_EYE,1195229.3,1277587.6,32,1,60.27333188056946
2026-09-09T08:19:33.573041+00:00,BOOSTER_COOKIE,11850001.9,12272189.0,15,47,60.245850563049316
2026-09-09T08:19:33.573041+00:00,ENCHANTED_DIAMOND,1284.8,1567.8,15015,20,60.245850563049316
2026-09-09T08:19:33.573041+00:00,ENCHANTED_DIAMOND_BLOCK,202500.1,205105.2,4606,16,60.245850563049316
2026-09-09T08:19:33.573041+00:00,NULL_SPHERE,277.7,360.0,614,489236,60.245850563049316
2026-09-09T08:19:33.573041+00:00,NULL_OVOID,140001.1,168947.9,26,400,60.245850563049316
2026-09-09T08:19:33.573041+00:00,RECOMBOBULATOR_3000,9912456.6,10107664.1,8,3,60.245850563049316
2026-09-09T08:19:33.573041+00:00,SUMMONING_EYE,1195229.3,1277587.6,32,1,60.245850563049316
2026-09-09T08:20:33.842081+00:00,BOOSTER_COOKIE,11871112.5,12272188.9,1,4,60.275458574295044
2026-09-09T08:20:33.842081+00:00,ENCHANTED_DIAMOND,1284.9,1567.2,44002,1408,60.275458574295044
2026-09-09T08:20:33.842081+00:00,ENCHANTED_DIAMOND_BLOCK,202500.2,205105.5,641,300,60.275458574295044
2026-09-09T08:20:33.842081+00:00,NULL_SPHERE,277.6,359.8,16052,1,60.275458574295044
2026-09-09T08:20:33.842081+00:00,NULL_OVOID,140001.1,168947.9,26,336,60.275458574295044
2026-09-09T08:20:33.842081+00:00,RECOMBOBULATOR_3000,9912456.5,10107663.9,9,1,60.275458574295044
2026-09-09T08:20:33.842081+00:00,SUMMONING_EYE,1195229.6,1297445.3,24,6,60.275458574295044
2026-09-09T08:21:34.132630+00:00,BOOSTER_COOKIE,11871112.5,12272188.9,1,4,60.29197669029236
2026-09-09T08:21:34.132630+00:00,ENCHANTED_DIAMOND,1284.9,1567.2,44002,1408,60.29197669029236
2026-09-09T08:21:34.132630+00:00,ENCHANTED_DIAMOND_BLOCK,202500.2,205105.5,641,300,60.29197669029236
2026-09-09T08:21:34.132630+00:00,NULL_SPHERE,277.6,359.8,16052,1,60.29197669029236
2026-09-09T08:21:34.132630+00:00,NULL_OVOID,140001.1,168947.9,26,336,60.29197669029236
2026-09-09T08:21:34.132630+00:00,RECOMBOBULATOR_3000,9912456.5,10107663.9,9,1,60.29197669029236
2026-09-09T08:21:34.132630+00:00,SUMMONING_EYE,1195229.6,1297445.3,24,6,60.29197669029236
2026-09-09T08:22:34.388096+00:00,BOOSTER_COOKIE,11871112.5,12272188.9,1,4,60.25695252418518
2026-09-09T08:22:34.388096+00:00,ENCHANTED_DIAMOND,1284.9,1567.2,44002,1408,60.25695252418518
2026-09-09T08:22:34.388096+00:00,ENCHANTED_DIAMOND_BLOCK,202500.2,205105.5,641,300,60.25695252418518
2026-09-09T08:22:34.388096+00:00,NULL_SPHERE,277.6,359.8,16052,1,60.25695252418518
2026-09-09T08:22:34.388096+00:00,NULL_OVOID,140001.1,168947.9,26,336,60.25695252418518
2026-09-09T08:22:34.388096+00:00,RECOMBOBULATOR_3000,9912456.5,10107663.9,9,1,60.25695252418518
2026-09-09T08:22:34.388096+00:00,SUMMONING_EYE,1195229.6,1297445.3,24,6,60.25695252418518
2026-09-09T08:23:34.661821+00:00,BOOSTER_COOKIE,11871112.5,12272188.9,1,4,60.26436924934387
2026-09-09T08:23:34.661821+00:00,ENCHANTED_DIAMOND,1284.9,1567.2,44002,1408,60.26436924934387
2026-09-09T08:23:34.661821+00:00,ENCHANTED_DIAMOND_BLOCK,202500.2,205105.5,641,300,60.26436924934387
2026-09-09T08:23:34.661821+00:00,NULL_SPHERE,277.6,359.8,16052,1,60.26436924934387
2026-09-09T08:23:34.661821+00:00,NULL_OVOID,140001.1,168947.9,26,336,60.26436924934387
2026-09-09T08:23:34.661821+00:00,RECOMBOBULATOR_3000,9912456.5,10107663.9,9,1,60.26436924934387
2026-09-09T08:23:34.661821+00:00,SUMMONING_EYE,1195229.6,1297445.3,24,6,60.26436924934387
2026-09-09T08:24:34.897770+00:00,BOOSTER_COOKIE,11871112.5,12272188.9,1,4,60.23597693443298
2026-09-09T08:24:34.897770+00:00,ENCHANTED_DIAMOND,1284.9,1567.2,44002,1408,60.23597693443298
2026-09-09T08:24:34.897770+00:00,ENCHANTED_DIAMOND_BLOCK,202500.2,205105.5,641,300,60.23597693443298
2026-09-09T08:24:34.897770+00:00,NULL_SPHERE,277.6,359.8,16052,1,60.23597693443298
2026-09-09T08:24:34.897770+00:00,NULL_OVOID,140001.1,168947.9,26,336,60.23597693443298
2026-09-09T08:24:34.897770+00:00,RECOMBOBULATOR_3000,9912456.5,10107663.9,9,1,60.23597693443298
2026-09-09T08:24:34.897770+00:00,SUMMONING_EYE,1195229.6,1297445.3,24,6,60.23597693443298
2026-09-09T08:25:35.147780+00:00,BOOSTER_COOKIE,11871113.5,12272188.0,2,121,60.250038385391235
2026-09-09T08:25:35.147780+00:00,ENCHANTED_DIAMOND,1285.0,1538.8,19853,1583,60.250038385391235
2026-09-09T08:25:35.147780+00:00,ENCHANTED_DIAMOND_BLOCK,202500.1,205105.4,3885,21,60.250038385391235
2026-09-09T08:25:35.147780+00:00,NULL_SPHERE,277.6,359.8,2699,1,60.250038385391235
2026-09-09T08:25:35.147780+00:00,NULL_OVOID,140001.1,168947.7,440,240,60.250038385391235
2026-09-09T08:25:35.147780+00:00,RECOMBOBULATOR_3000,9912456.5,10107665.4,2,1,60.250038385391235
2026-09-09T08:25:35.147780+00:00,SUMMONING_EYE,1200340.8,1297447.0,4,9,60.250038385391235
2026-09-09T08:26:35.509402+00:00,BOOSTER_COOKIE,11871113.5,12272188.0,2,121,60.363253593444824
2026-09-09T08:26:35.509402+00:00,ENCHANTED_DIAMOND,1285.0,1538.8,19853,1583,60.363253593444824
2026-09-09T08:26:35.509402+00:00,ENCHANTED_DIAMOND_BLOCK,202500.1,205105.4,3885,21,60.363253593444824
2026-09-09T08:26:35.509402+00:00,NULL_SPHERE,277.6,359.8,2699,1,60.363253593444824
2026-09-09T08:26:35.509402+00:00,NULL_OVOID,140001.1,168947.7,440,240,60.363253593444824
2026-09-09T08:26:35.509402+00:00,RECOMBOBULATOR_3000,9912456.5,10107665.4,2,1,60.363253593444824
2026-09-09T08:26:35.509402+00:00,SUMMONING_EYE,1200340.8,1297447.0,4,9,60.363253593444824
2026-09-09T08:27:35.731690+00:00,BOOSTER_COOKIE,11871113.5,12272188.0,2,121,60.22121739387512
2026-09-09T08:27:35.731690+00:00,ENCHANTED_DIAMOND,1285.0,1538.8,19853,1583,60.22121739387512
2026-09-09T08:27:35.731690+00:00,ENCHANTED_DIAMOND_BLOCK,202500.1,205105.4,3885,21,60.22121739387512
2026-09-09T08:27:35.731690+00:00,NULL_SPHERE,277.6,359.8,2699,1,60.22121739387512
2026-09-09T08:27:35.731690+00:00,NULL_OVOID,140001.1,168947.7,440,240,60.22121739387512
2026-09-09T08:27:35.731690+00:00,RECOMBOBULATOR_3000,9912456.5,10107665.4,2,1,60.22121739387512
2026-09-09T08:27:35.731690+00:00,SUMMONING_EYE,1200340.8,1297447.0,4,9,60.22121739387512
2026-09-09T08:28:36.022926+00:00,BOOSTER_COOKIE,11871113.5,12272188.0,2,121,60.29039144515991
2026-09-09T08:28:36.022926+00:00,ENCHANTED_DIAMOND,1285.0,1538.8,19853,1583,60.29039144515991
2026-09-09T08:28:36.022926+00:00,ENCHANTED_DIAMOND_BLOCK,202500.1,205105.4,3885,21,60.29039144515991
2026-09-09T08:28:36.022926+00:00,NULL_SPHERE,277.6,359.8,2699,1,60.29039144515991
2026-09-09T08:28:36.022926+00:00,NULL_OVOID,140001.1,168947.7,440,240,60.29039144515991
2026-09-09T08:28:36.022926+00:00,RECOMBOBULATOR_3000,9912456.5,10107665.4,2,1,60.29039144515991
2026-09-09T08:28:36.022926+00:00,SUMMONING_EYE,1200340.8,1297447.0,4,9,60.29039144515991
2026-09-09T08:29:36.254141+00:00,BOOSTER_COOKIE,11871113.5,12272188.0,2,121,60.23325324058533
2026-09-09T08:29:36.254141+00:00,ENCHANTED_DIAMOND,1285.0,1538.8,19853,1583,60.23325324058533
2026-09-09T08:29:36.254141+00:00,ENCHANTED_DIAMOND_BLOCK,202500.1,205105.4,3885,21,60.23325324058533
2026-09-09T08:29:36.254141+00:00,NULL_SPHERE,277.6,359.8,2699,1,60.23325324058533
2026-09-09T08:29:36.254141+00:00,NULL_OVOID,140001.1,168947.7,440,240,60.23325324058533
2026-09-09T08:29:36.254141+00:00,RECOMBOBULATOR_3000,9912456.5,10107665.4,2,1,60.23325324058533
2026-09-09T08:29:36.254141+00:00,SUMMONING_EYE,1200340.8,1297447.0,4,9,60.23325324058533
2026-09-09T08:30:36.522971+00:00,BOOSTER_COOKIE,11871114.5,12272187.6,2,9,60.26857376098633
2026-09-09T08:30:36.522971+00:00,ENCHANTED_DIAMOND,1285.2,1538.6,15301,867,60.26857376098633
2026-09-09T08:30:36.522971+00:00,ENCHANTED_DIAMOND_BLOCK,202630.4,205105.5,917,137,60.26857376098633
2026-09-09T08:30:36.522971+00:00,NULL_SPHERE,273.1,359.8,71645,1,60.26857376098633
2026-09-09T08:30:36.522971+00:00,NULL_OVOID,140001.1,168947.7,440,240,60.26857376098633
2026-09-09T08:30:36.522971+00:00,RECOMBOBULATOR_3000,9912456.7,10107664.9,1,4,60.26857376098633
2026-09-09T08:30:36.522971+00:00,SUMMONING_EYE,1214191.6,1297451.9,33,10,60.26857376098633
2026-09-09T08:31:36.745608+00:00,BOOSTER_COOKIE,11871114.5,12272187.6,2,9,60.22544074058533
2026-09-09T08:31:36.745608+00:00,ENCHANTED_DIAMOND,1285.2,1538.6,15301,867,60.22544074058533
2026-09-09T08:31:36.745608+00:00,ENCHANTED_DIAMOND_BLOCK,202630.4,205105.5,917,137,60.22544074058533
2026-09-09T08:31:36.745608+00:00,NULL_SPHERE,273.1,359.8,71645,1,60.22544074058533
2026-09-09T08:31:36.745608+00:00,NULL_OVOID,140001.1,168947.7,440,240,60.22544074058533
2026-09-09T08:31:36.745608+00:00,RECOMBOBULATOR_3000,9912456.7,10107664.9,1,4,60.22544074058533
2026-09-09T08:31:36.745608+00:00,SUMMONING_EYE,1214191.6,1297451.9,33,10,60.22544074058533
2026-09-09T08:32:36.968531+00:00,BOOSTER_COOKIE,11871114.5,12272187.6,2,9,60.21979784965515
2026-09-09T08:32:36.968531+00:00,ENCHANTED_DIAMOND,1285.2,1538.6,15301,867,60.21979784965515
2026-09-09T08:32:36.968531+00:00,ENCHANTED_DIAMOND_BLOCK,202630.4,205105.5,917,137,60.21979784965515
2026-09-09T08:32:36.968531+00:00,NULL_SPHERE,273.1,359.8,71645,1,60.21979784965515
2026-09-09T08:32:36.968531+00:00,NULL_OVOID,140001.1,168947.7,440,240,60.21979784965515
2026-09-09T08:32:36.968531+00:00,RECOMBOBULATOR_3000,9912456.7,10107664.9,1,4,60.21979784965515
2026-09-09T08:32:36.968531+00:00,SUMMONING_EYE,1214191.6,1297451.9,33,10,60.21979784965515
2026-09-09T08:33:37.241256+00:00,BOOSTER_COOKIE,11871114.5,12272187.6,2,9,60.27665138244629
2026-09-09T08:33:37.241256+00:00,ENCHANTED_DIAMOND,1285.2,1538.6,15301,867,60.27665138244629
2026-09-09T08:33:37.241256+00:00,ENCHANTED_DIAMOND_BLOCK,202630.4,205105.5,917,137,60.27665138244629
2026-09-09T08:33:37.241256+00:00,NULL_SPHERE,273.1,359.8,71645,1,60.27665138244629
2026-09-09T08:33:37.241256+00:00,NULL_OVOID,140001.1,168947.7,440,240,60.27665138244629
2026-09-09T08:33:37.241256+00:00,RECOMBOBULATOR_3000,9912456.7,10107664.9,1,4,60.27665138244629
2026-09-09T08:33:37.241256+00:00,SUMMONING_EYE,1214191.6,1297451.9,33,10,60.27665138244629
2026-09-09T08:34:37.507655+00:00,BOOSTER_COOKIE,11871114.5,12272187.6,2,9,60.26236701011658
2026-09-09T08:34:37.507655+00:00,ENCHANTED_DIAMOND,1285.2,1538.6,15301,867,60.26236701011658
2026-09-09T08:34:37.507655+00:00,ENCHANTED_DIAMOND_BLOCK,202630.4,205105.5,917,137,60.26236701011658
2026-09-09T08:34:37.507655+00:00,NULL_SPHERE,273.1,359.8,71645,1,60.26236701011658
2026-09-09T08:34:37.507655+00:00,NULL_OVOID,140001.1,168947.7,440,240,60.26236701011658
2026-09-09T08:34:37.507655+00:00,RECOMBOBULATOR_3000,9912456.7,10107664.9,1,4,60.26236701011658
2026-09-09T08:34:37.507655+00:00,SUMMONING_EYE,1214191.6,1297451.9,33,10,60.26236701011658
2026-09-09T08:35:37.732752+00:00,BOOSTER_COOKIE,11871114.3,12272187.3,1,17,60.224576234817505
2026-09-09T08:35:37.732752+00:00,ENCHANTED_DIAMOND,1285.2,1567.6,54858,339,60.224576234817505
2026-09-09T08:35:37.732752+00:00,ENCHANTED_DIAMOND_BLOCK,202500.3,204844.8,15,178,60.224576234817505
2026-09-09T08:35:37.732752+00:00,NULL_SPHERE,273.2,359.8,55478,1,60.224576234817505
2026-09-09T08:35:37.732752+00:00,NULL_OVOID,140001.1,168947.7,439,187,60.224576234817505
2026-09-09T08:35:37.732752+00:00,RECOMBOBULATOR_3000,9912456.8,10107665.2,4,2,60.224576234817505
2026-09-09T08:35:37.732752+00:00,SUMMONING_EYE,1214191.7,1289125.3,1,4,60.224576234817505
2026-09-09T08:36:37.970309+00:00,BOOSTER_COOKIE,11871114.3,12272187.3,1,17,60.23679304122925
2026-09-09T08:36:37.970309+00:00,ENCHANTED_DIAMOND,1285.2,1567.6,54858,339,60.23679304122925
2026-09-09T08:36:37.970309+00:00,ENCHANTED_DIAMOND_BLOCK,202500.3,204844.8,15,178,60.23679304122925
2026-09-09T08:36:37.970309+00:00,NULL_SPHERE,273.2,359.8,55478,1,60.23679304122925
2026-09-09T08:36:37.970309+00:00,NULL_OVOID,140001.1,168947.7,439,187,60.23679304122925
2026-09-09T08:36:37.970309+00:00,RECOMBOBULATOR_3000,9912456.8,10107665.2,4,2,60.23679304122925
2026-09-09T08:36:37.970309+00:00,SUMMONING_EYE,1214191.7,1289125.3,1,4,60.23679304122925
2026-09-09T08:37:38.338681+00:00,BOOSTER_COOKIE,11871114.3,12272187.3,1,17,60.367217779159546
2026-09-09T08:37:38.338681+00:00,ENCHANTED_DIAMOND,1285.2,1567.6,54858,339,60.367217779159546
2026-09-09T08:37:38.338681+00:00,ENCHANTED_DIAMOND_BLOCK,202500.3,204844.8,15,178,60.367217779159546
2026-09-09T08:37:38.338681+00:00,NULL_SPHERE,273.2,359.8,55478,1,60.367217779159546
2026-09-09T08:37:38.338681+00:00,NULL_OVOID,140001.1,168947.7,439,187,60.367217779159546
2026-09-09T08:37:38.338681+00:00,RECOMBOBULATOR_3000,9912456.8,10107665.2,4,2,60.367217779159546
2026-09-09T08:37:38.338681+00:00,SUMMONING_EYE,1214191.7,1289125.3,1,4,60.367217779159546
2026-09-09T08:38:38.604070+00:00,BOOSTER_COOKIE,11871114.3,12272187.3,1,17,60.268773555755615
2026-09-09T08:38:38.604070+00:00,ENCHANTED_DIAMOND,1285.2,1567.6,54858,339,60.268773555755615
2026-09-09T08:38:38.604070+00:00,ENCHANTED_DIAMOND_BLOCK,202500.3,204844.8,15,178,60.268773555755615
2026-09-09T08:38:38.604070+00:00,NULL_SPHERE,273.2,359.8,55478,1,60.268773555755615
2026-09-09T08:38:38.604070+00:00,NULL_OVOID,140001.1,168947.7,439,187,60.268773555755615
2026-09-09T08:38:38.604070+00:00,RECOMBOBULATOR_3000,9912456.8,10107665.2,4,2,60.268773555755615
2026-09-09T08:38:38.604070+00:00,SUMMONING_EYE,1214191.7,1289125.3,1,4,60.268773555755615
2026-09-09T08:39:38.843813+00:00,BOOSTER_COOKIE,11871114.3,12272187.3,1,17,60.238003969192505
2026-09-09T08:39:38.843813+00:00,ENCHANTED_DIAMOND,1285.2,1567.6,54858,339,60.238003969192505
2026-09-09T08:39:38.843813+00:00,ENCHANTED_DIAMOND_BLOCK,202500.3,204844.8,15,178,60.238003969192505
2026-09-09T08:39:38.843813+00:00,NULL_SPHERE,273.2,359.8,55478,1,60.238003969192505
2026-09-09T08:39:38.843813+00:00,NULL_OVOID,140001.1,168947.7,439,187,60.238003969192505
2026-09-09T08:39:38.843813+00:00,RECOMBOBULATOR_3000,9912456.8,10107665.2,4,2,60.238003969192505
2026-09-09T08:39:38.843813+00:00,SUMMONING_EYE,1214191.7,1289125.3,1,4,60.238003969192505
2026-09-09T08:40:39.094793+00:00,BOOSTER_COOKIE,11850001.3,12272186.6,13,4,60.25106763839722
2026-09-09T08:40:39.094793+00:00,ENCHANTED_DIAMOND,1285.3,1567.5,7588,1524,60.25106763839722
2026-09-09T08:40:39.094793+00:00,ENCHANTED_DIAMOND_BLOCK,202500.1,204844.3,2092,5,60.25106763839722
2026-09-09T08:40:39.094793+00:00,NULL_SPHERE,273.4,359.9,4852,55,60.25106763839722
2026-09-09T08:40:39.094793+00:00,NULL_OVOID,140001.1,168947.7,407,155,60.25106763839722
2026-09-09T08:40:39.094793+00:00,RECOMBOBULATOR_3000,9912457.0,10107665.3,1,1,60.25106763839722
2026-09-09T08:40:39.094793+00:00,SUMMONING_EYE,1214191.9,1289124.8,4,3,60.25106763839722
2026-09-09T08:41:39.508983+00:00,BOOSTER_COOKIE,11850001.3,12272186.6,13,4,60.41623306274414
2026-09-09T08:41:39.508983+00:00,ENCHANTED_DIAMOND,1285.3,1567.5,7588,1524,60.41623306274414
2026-09-09T08:41:39.508983+00:00,ENCHANTED_DIAMOND_BLOCK,202500.1,204844.3,2092,5,60.41623306274414
2026-09-09T08:41:39.508983+00:00,NULL_SPHERE,273.4,359.9,4852,55,60.41623306274414
2026-09-09T08:41:39.508983+00:00,NULL_OVOID,140001.1,168947.7,407,155,60.41623306274414
2026-09-09T08:41:39.508983+00:00,RECOMBOBULATOR_3000,9912457.0,10107665.3,1,1,60.41623306274414
2026-09-09T08:41:39.508983+00:00,SUMMONING_EYE,1214191.9,1289124.8,4,3,60.41623306274414
2026-09-09T08:42:39.764128+00:00,BOOSTER_COOKIE,11850001.3,12272186.6,13,4,60.252992391586304
2026-09-09T08:42:39.764128+00:00,ENCHANTED_DIAMOND,1285.3,1567.5,7588,1524,60.252992391586304
2026-09-09T08:42:39.764128+00:00,ENCHANTED_DIAMOND_BLOCK,202500.1,204844.3,2092,5,60.252992391586304
2026-09-09T08:42:39.764128+00:00,NULL_SPHERE,273.4,359.9,4852,55,60.252992391586304
2026-09-09T08:42:39.764128+00:00,NULL_OVOID,140001.1,168947.7,407,155,60.252992391586304
2026-09-09T08:42:39.764128+00:00,RECOMBOBULATOR_3000,9912457.0,10107665.3,1,1,60.252992391586304
2026-09-09T08:42:39.764128+00:00,SUMMONING_EYE,1214191.9,1289124.8,4,3,60.252992391586304
2026-09-09T08:43:40.057106+00:00,BOOSTER_COOKIE,11850001.3,12272186.6,13,4,60.29245734214783
2026-09-09T08:43:40.057106+00:00,ENCHANTED_DIAMOND,1285.3,1567.5,7588,1524,60.29245734214783
2026-09-09T08:43:40.057106+00:00,ENCHANTED_DIAMOND_BLOCK,202500.1,204844.3,2092,5,60.29245734214783
2026-09-09T08:43:40.057106+00:00,NULL_SPHERE,273.4,359.9,4852,55,60.29245734214783
2026-09-09T08:43:40.057106+00:00,NULL_OVOID,140001.1,168947.7,407,155,60.29245734214783
2026-09-09T08:43:40.057106+00:00,RECOMBOBULATOR_3000,9912457.0,10107665.3,1,1,60.29245734214783
2026-09-09T08:43:40.057106+00:00,SUMMONING_EYE,1214191.9,1289124.8,4,3,60.29245734214783
2026-09-09T08:44:40.310759+00:00,BOOSTER_COOKIE,11850001.3,12272186.6,13,4,60.25388526916504
2026-09-09T08:44:40.310759+00:00,ENCHANTED_DIAMOND,1285.3,1567.5,7588,1524,60.25388526916504
2026-09-09T08:44:40.310759+00:00,ENCHANTED_DIAMOND_BLOCK,202500.1,204844.3,2092,5,60.25388526916504
2026-09-09T08:44:40.310759+00:00,NULL_SPHERE,273.4,359.9,4852,55,60.25388526916504
2026-09-09T08:44:40.310759+00:00,NULL_OVOID,140001.1,168947.7,407,155,60.25388526916504
2026-09-09T08:44:40.310759+00:00,RECOMBOBULATOR_3000,9912457.0,10107665.3,1,1,60.25388526916504
2026-09-09T08:44:40.310759+00:00,SUMMONING_EYE,1214191.9,1289124.8,4,3,60.25388526916504
2026-09-09T08:45:40.564584+00:00,BOOSTER_COOKIE,11850001.4,12272186.0,5,76,60.25969123840332
2026-09-09T08:45:40.564584+00:00,ENCHANTED_DIAMOND,1285.2,1567.3,49593,59,60.25969123840332
2026-09-09T08:45:40.564584+00:00,ENCHANTED_DIAMOND_BLOCK,202500.1,204844.4,1561,69,60.25969123840332
2026-09-09T08:45:40.564584+00:00,NULL_SPHERE,273.5,360.0,46066,486957,60.25969123840332
2026-09-09T08:45:40.564584+00:00,NULL_OVOID,140001.1,168947.5,407,155,60.25969123840332
2026-09-09T08:45:40.564584+00:00,RECOMBOBULATOR_3000,9912457.0,10107666.3,5,1,60.25969123840332
2026-09-09T08:45:40.564584+00:00,SUMMONING_EYE,1214192.2,1309979.0,1,193,60.25969123840332
2026-09-09T08:46:40.814980+00:00,BOOSTER_COOKIE,11850001.4,12272186.0,5,76,60.24729585647583
2026-09-09T08:46:40.814980+00:00,ENCHANTED_DIAMOND,1285.2,1567.3,49593,59,60.24729585647583
2026-09-09T08:46:40.814980+00:00,ENCHANTED_DIAMOND_BLOCK,202500.1,204844.4,1561,69,60.24729585647583
2026-09-09T08:46:40.814980+00:00,NULL_SPHERE,273.5,360.0,46066,486957,60.24729585647583
2026-09-09T08:46:40.814980+00:00,NULL_OVOID,140001.1,168947.5,407,155,60.24729585647583
2026-09-09T08:46:40.814980+00:00,RECOMBOBULATOR_3000,9912457.0,10107666.3,5,1,60.24729585647583
2026-09-09T08:46:40.814980+00:00,SUMMONING_EYE,1214192.2,1309979.0,1,193,60.24729585647583
2026-09-09T08:47:41.081296+00:00,BOOSTER_COOKIE,11850001.4,12272186.0,5,76,60.2645058631897
2026-09-09T08:47:41.081296+00:00,ENCHANTED_DIAMOND,1285.2,1567.3,49593,59,60.2645058631897
2026-09-09T08:47:41.081296+00:00,ENCHANTED_DIAMOND_BLOCK,202500.1,204844.4,1561,69,60.2645058631897
2026-09-09T08:47:41.081296+00:00,NULL_SPHERE,273.5,360.0,46066,486957,60.2645058631897
2026-09-09T08:47:41.081296+00:00,NULL_OVOID,140001.1,168947.5,407,155,60.2645058631897
2026-09-09T08:47:41.081296+00:00,RECOMBOBULATOR_3000,9912457.0,10107666.3,5,1,60.2645058631897
2026-09-09T08:47:41.081296+00:00,SUMMONING_EYE,1214192.2,1309979.0,1,193,60.2645058631897
2026-09-09T08:48:41.334272+00:00,BOOSTER_COOKIE,11850001.4,12272186.0,5,76,60.25289297103882
2026-09-09T08:48:41.334272+00:00,ENCHANTED_DIAMOND,1285.2,1567.3,49593,59,60.25289297103882
2026-09-09T08:48:41.334272+00:00,ENCHANTED_DIAMOND_BLOCK,202500.1,204844.4,1561,69,60.25289297103882
2026-09-09T08:48:41.334272+00:00,NULL_SPHERE,273.5,360.0,46066,486957,60.25289297103882
2026-09-09T08:48:41.334272+00:00,NULL_OVOID,140001.1,168947.5,407,155,60.25289297103882
2026-09-09T08:48:41.334272+00:00,RECOMBOBULATOR_3000,9912457.0,10107666.3,5,1,60.25289297103882
2026-09-09T08:48:41.334272+00:00,SUMMONING_EYE,1214192.2,1309979.0,1,193,60.25289297103882
2026-09-09T08:49:41.581178+00:00,BOOSTER_COOKIE,11850001.4,12272186.0,5,76,60.249003887176514
2026-09-09T08:49:41.581178+00:00,ENCHANTED_DIAMOND,1285.2,1567.3,49593,59,60.249003887176514
2026-09-09T08:49:41.581178+00:00,ENCHANTED_DIAMOND_BLOCK,202500.1,204844.4,1561,69,60.249003887176514
2026-09-09T08:49:41.581178+00:00,NULL_SPHERE,273.5,360.0,46066,486957,60.249003887176514
2026-09-09T08:49:41.581178+00:00,NULL_OVOID,140001.1,168947.5,407,155,60.249003887176514
2026-09-09T08:49:41.581178+00:00,RECOMBOBULATOR_3000,9912457.0,10107666.3,5,1,60.249003887176514
2026-09-09T08:49:41.581178+00:00,SUMMONING_EYE,1214192.2,1309979.0,1,193,60.249003887176514
2026-09-09T08:50:41.865707+00:00,BOOSTER_COOKIE,11750002.6,12272185.4,1,1,60.28065609931946
2026-09-09T08:50:41.865707+00:00,ENCHANTED_DIAMOND,1285.5,1567.1,51662,1024,60.28065609931946
2026-09-09T08:50:41.865707+00:00,ENCHANTED_DIAMOND_BLOCK,202500.2,204844.3,3,1,60.28065609931946
2026-09-09T08:50:41.865707+00:00,NULL_SPHERE,273.5,360.0,36300,484877,60.28065609931946
2026-09-09T08:50:41.865707+00:00,NULL_OVOID,140001.1,168947.5,407,154,60.28065609931946
2026-09-09T08:50:41.865707+00:00,RECOMBOBULATOR_3000,9912457.5,10107667.5,4,1,60.28065609931946
2026-09-09T08:50:41.865707+00:00,SUMMONING_EYE,1214192.3,1309978.9,29,7,60.28065609931946
2026-09-09T08:51:42.153006+00:00,BOOSTER_COOKIE,11750002.6,12272185.4,1,1,60.2884407043457
2026-09-09T08:51:42.153006+00:00,ENCHANTED_DIAMOND,1285.5,1567.1,51662,1024,60.2884407043457
2026-09-09T08:51:42.153006+00:00,ENCHANTED_DIAMOND_BLOCK,202500.2,204844.3,3,1,60.2884407043457
2026-09-09T08:51:42.153006+00:00,NULL_SPHERE,273.5,360.0,36300,484877,60.2884407043457
2026-09-09T08:51:42.153006+00:00,NULL_OVOID,140001.1,168947.5,407,154,60.2884407043457
2026-09-09T08:51:42.153006+00:00,RECOMBOBULATOR_3000,9912457.5,10107667.5,4,1,60.2884407043457
2026-09-09T08:51:42.153006+00:00,SUMMONING_EYE,1214192.3,1309978.9,29,7,60.2884407043457
2026-09-09T08:52:42.388954+00:00,BOOSTER_COOKIE,11750002.6,12272185.4,1,1,60.23509359359741
2026-09-09T08:52:42.388954+00:00,ENCHANTED_DIAMOND,1285.5,1567.1,51662,1024,60.23509359359741
2026-09-09T08:52:42.388954+00:00,ENCHANTED_DIAMOND_BLOCK,202500.2,204844.3,3,1,60.23509359359741
2026-09-09T08:52:42.388954+00:00,NULL_SPHERE,273.5,360.0,36300,484877,60.23509359359741
2026-09-09T08:52:42.388954+00:00,NULL_OVOID,140001.1,168947.5,407,154,60.23509359359741
2026-09-09T08:52:42.388954+00:00,RECOMBOBULATOR_3000,9912457.5,10107667.5,4,1,60.23509359359741
2026-09-09T08:52:42.388954+00:00,SUMMONING_EYE,1214192.3,1309978.9,29,7,60.23509359359741
2026-09-09T08:53:42.635237+00:00,BOOSTER_COOKIE,11750002.6,12272185.4,1,1,60.24608850479126
2026-09-09T08:53:42.635237+00:00,ENCHANTED_DIAMOND,1285.5,1567.1,51662,1024,60.24608850479126
2026-09-09T08:53:42.635237+00:00,ENCHANTED_DIAMOND_BLOCK,202500.2,204844.3,3,1,60.24608850479126
2026-09-09T08:53:42.635237+00:00,NULL_SPHERE,273.5,360.0,36300,484877,60.24608850479126
2026-09-09T08:53:42.635237+00:00,NULL_OVOID,140001.1,168947.5,407,154,60.24608850479126
2026-09-09T08:53:42.635237+00:00,RECOMBOBULATOR_3000,9912457.5,10107667.5,4,1,60.24608850479126
2026-09-09T08:53:42.635237+00:00,SUMMONING_EYE,1214192.3,1309978.9,29,7,60.24608850479126
2026-09-09T08:54:42.906403+00:00,BOOSTER_COOKIE,11750002.6,12272185.4,1,1,60.272685527801514
2026-09-09T08:54:42.906403+00:00,ENCHANTED_DIAMOND,1285.5,1567.1,51662,1024,60.272685527801514
2026-09-09T08:54:42.906403+00:00,ENCHANTED_DIAMOND_BLOCK,202500.2,204844.3,3,1,60.272685527801514
2026-09-09T08:54:42.906403+00:00,NULL_SPHERE,273.5,360.0,36300,484877,60.272685527801514
2026-09-09T08:54:42.906403+00:00,NULL_OVOID,140001.1,168947.5,407,154,60.272685527801514
2026-09-09T08:54:42.906403+00:00,RECOMBOBULATOR_3000,9912457.5,10107667.5,4,1,60.272685527801514
2026-09-09T08:54:42.906403+00:00,SUMMONING_EYE,1214192.3,1309978.9,29,7,60.272685527801514
2026-09-09T08:55:43.186311+00:00,BOOSTER_COOKIE,11776111.5,12272184.8,30,21,60.27975916862488
2026-09-09T08:55:43.186311+00:00,ENCHANTED_DIAMOND,1285.6,1567.7,51331,16,60.27975916862488
2026-09-09T08:55:43.186311+00:00,ENCHANTED_DIAMOND_BLOCK,202500.0,205105.7,1056,1196,60.27975916862488
2026-09-09T08:55:43.186311+00:00,NULL_SPHERE,273.5,360.0,32988,484877,60.27975916862488
2026-09-09T08:55:43.186311+00:00,NULL_OVOID,140001.1,168947.4,407,69,60.27975916862488
2026-09-09T08:55:43.186311+00:00,RECOMBOBULATOR_3000,9912456.9,10107667.2,3,5,60.27975916862488
2026-09-09T08:55:43.186311+00:00,SUMMONING_EYE,1214192.4,1309978.5,30,6,60.27975916862488
2026-09-09T08:56:43.454379+00:00,BOOSTER_COOKIE,11776111.5,12272184.8,30,21,60.267664670944214
2026-09-09T08:56:43.454379+00:00,ENCHANTED_DIAMOND,1285.6,1567.7,51331,16,60.267664670944214
2026-09-09T08:56:43.454379+00:00,ENCHANTED_DIAMOND_BLOCK,202500.0,205105.7,1056,1196,60.267664670944214
2026-09-09T08:56:43.454379+00:00,NULL_SPHERE,273.5,360.0,32988,484877,60.267664670944214
2026-09-09T08:56:43.454379+00:00,NULL_OVOID,140001.1,168947.4,407,69,60.267664670944214
2026-09-09T08:56:43.454379+00:00,RECOMBOBULATOR_3000,9912456.9,10107667.2,3,5,60.267664670944214
2026-09-09T08:56:43.454379+00:00,SUMMONING_EYE,1214192.4,1309978.5,30,6,60.267664670944214
2026-09-09T08:57:43.715527+00:00,BOOSTER_COOKIE,11776111.5,12272184.8,30,21,60.26975131034851
2026-09-09T08:57:43.715527+00:00,ENCHANTED_DIAMOND,1285.6,1567.7,51331,16,60.26975131034851
2026-09-09T08:57:43.715527+00:00,ENCHANTED_DIAMOND_BLOCK,202500.0,205105.7,1056,1196,60.26975131034851
2026-09-09T08:57:43.715527+00:00,NULL_SPHERE,273.5,360.0,32988,484877,60.26975131034851
2026-09-09T08:57:43.715527+00:00,NULL_OVOID,140001.1,168947.4,407,69,60.26975131034851
2026-09-09T08:57:43.715527+00:00,RECOMBOBULATOR_3000,9912456.9,10107667.2,3,5,60.26975131034851
2026-09-09T08:57:43.715527+00:00,SUMMONING_EYE,1214192.4,1309978.5,30,6,60.26975131034851
2026-09-09T08:58:43.958248+00:00,BOOSTER_COOKIE,11776111.5,12272184.8,30,21,60.24619913101196
2026-09-09T08:58:43.958248+00:00,ENCHANTED_DIAMOND,1285.6,1567.7,51331,16,60.24619913101196
2026-09-09T08:58:43.958248+00:00,ENCHANTED_DIAMOND_BLOCK,202500.0,205105.7,1056,1196,60.24619913101196
2026-09-09T08:58:43.958248+00:00,NULL_SPHERE,273.5,360.0,32988,484877,60.24619913101196
2026-09-09T08:58:43.958248+00:00,NULL_OVOID,140001.1,168947.4,407,69,60.24619913101196
2026-09-09T08:58:43.958248+00:00,RECOMBOBULATOR_3000,9912456.9,10107667.2,3,5,60.24619913101196
2026-09-09T08:58:43.958248+00:00,SUMMONING_EYE,1214192.4,1309978.5,30,6,60.24619913101196
2026-09-09T08:59:44.227007+00:00,BOOSTER_COOKIE,11776111.5,12272184.8,30,21,60.25673031806946
2026-09-09T08:59:44.227007+00:00,ENCHANTED_DIAMOND,1285.6,1567.7,51331,16,60.25673031806946
2026-09-09T08:59:44.227007+00:00,ENCHANTED_DIAMOND_BLOCK,202500.0,205105.7,1056,1196,60.25673031806946
2026-09-09T08:59:44.227007+00:00,NULL_SPHERE,273.5,360.0,32988,484877,60.25673031806946
2026-09-09T08:59:44.227007+00:00,NULL_OVOID,140001.1,168947.4,407,69,60.25673031806946
2026-09-09T08:59:44.227007+00:00,RECOMBOBULATOR_3000,9912456.9,10107667.2,3,5,60.25673031806946
2026-09-09T08:59:44.227007+00:00,SUMMONING_EYE,1214192.4,1309978.5,30,6,60.25673031806946
2026-09-09T09:00:44.485151+00:00,BOOSTER_COOKIE,11776112.5,12272184.6,2,29,60.259159088134766
2026-09-09T09:00:44.485151+00:00,ENCHANTED_DIAMOND,1285.9,1567.6,27972,197,60.259159088134766
2026-09-09T09:00:44.485151+00:00,ENCHANTED_DIAMOND_BLOCK,202065.8,205105.7,3619,128,60.259159088134766
2026-09-09T09:00:44.485151+00:00,NULL_SPHERE,273.6,360.0,729,484877,60.259159088134766
2026-09-09T09:00:44.485151+00:00,NULL_OVOID,141448.4,168947.2,32,122,60.259159088134766
2026-09-09T09:00:44.485151+00:00,RECOMBOBULATOR_3000,9912457.4,10107667.1,8,6,60.259159088134766
2026-09-09T09:00:44.485151+00:00,SUMMONING_EYE,1214193.0,1309978.8,1,5,60.259159088134766
2026-09-09T09:01:44.759481+00:00,BOOSTER_COOKIE,11776112.5,12272184.6,2,29,60.27461767196655
2026-09-09T09:01:44.759481+00:00,ENCHANTED_DIAMOND,1285.9,1567.6,27972,197,60.27461767196655
2026-09-09T09:01:44.759481+00:00,ENCHANTED_DIAMOND_BLOCK,202065.8,205105.7,3619,128,60.27461767196655
2026-09-09T09:01:44.759481+00:00,NULL_SPHERE,273.6,360.0,729,484877,60.27461767196655
2026-09-09T09:01:44.759481+00:00,NULL_OVOID,141448.4,168947.2,32,122,60.27461767196655
2026-09-09T09:01:44.759481+00:00,RECOMBOBULATOR_3000,9912457.4,10107667.1,8,6,60.27461767196655
2026-09-09T09:01:44.759481+00:00,SUMMONING_EYE,1214193.0,1309978.8,1,5,60.27461767196655
2026-09-09T09:02:45.018969+00:00,BOOSTER_COOKIE,11776112.5,12272184.6,2,29,60.2611243724823
2026-09-09T09:02:45.018969+00:00,ENCHANTED_DIAMOND,1285.9,1567.6,27972,197,60.2611243724823
2026-09-09T09:02:45.018969+00:00,ENCHANTED_DIAMOND_BLOCK,202065.8,205105.7,3619,128,60.2611243724823
2026-09-09T09:02:45.018969+00:00,NULL_SPHERE,273.6,360.0,729,484877,60.2611243724823
2026-09-09T09:02:45.018969+00:00,NULL_OVOID,141448.4,168947.2,32,122,60.2611243724823
2026-09-09T09:02:45.018969+00:00,RECOMBOBULATOR_3000,9912457.4,10107667.1,8,6,60.2611243724823
2026-09-09T09:02:45.018969+00:00,SUMMONING_EYE,1214193.0,1309978.8,1,5,60.2611243724823
2026-09-09T09:03:45.384549+00:00,BOOSTER_COOKIE,11776112.5,12272184.6,2,29,60.36420822143555
2026-09-09T09:03:45.384549+00:00,ENCHANTED_DIAMOND,1285.9,1567.6,27972,197,60.36420822143555
2026-09-09T09:03:45.384549+00:00,ENCHANTED_DIAMOND_BLOCK,202065.8,205105.7,3619,128,60.36420822143555
2026-09-09T09:03:45.384549+00:00,NULL_SPHERE,273.6,360.0,729,484877,60.36420822143555
2026-09-09T09:03:45.384549+00:00,NULL_OVOID,141448.4,168947.2,32,122,60.36420822143555
2026-09-09T09:03:45.384549+00:00,RECOMBOBULATOR_3000,9912457.4,10107667.1,8,6,60.36420822143555
2026-09-09T09:03:45.384549+00:00,SUMMONING_EYE,1214193.0,1309978.8,1,5,60.36420822143555
2026-09-09T09:04:45.615265+00:00,BOOSTER_COOKIE,11776112.5,12272184.6,2,29,60.23014831542969
2026-09-09T09:04:45.615265+00:00,ENCHANTED_DIAMOND,1285.9,1567.6,27972,197,60.23014831542969
2026-09-09T09:04:45.615265+00:00,ENCHANTED_DIAMOND_BLOCK,202065.8,205105.7,3619,128,60.23014831542969
2026-09-09T09:04:45.615265+00:00,NULL_SPHERE,273.6,360.0,729,484877,60.23014831542969
2026-09-09T09:04:45.615265+00:00,NULL_OVOID,141448.4,168947.2,32,122,60.23014831542969
2026-09-09T09:04:45.615265+00:00,RECOMBOBULATOR_3000,9912457.4,10107667.1,8,6,60.23014831542969
2026-09-09T09:04:45.615265+00:00,SUMMONING_EYE,1214193.0,1309978.8,1,5,60.23014831542969
2026-09-09T09:05:45.865188+00:00,BOOSTER_COOKIE,11824480.6,12272184.2,1,13,60.252259731292725
2026-09-09T09:05:45.865188+00:00,ENCHANTED_DIAMOND,1286.0,1566.9,1392,1216,60.252259731292725
2026-09-09T09:05:45.865188+00:00,ENCHANTED_DIAMOND_BLOCK,202065.8,205105.9,1852,454,60.252259731292725
2026-09-09T09:05:45.865188+00:00,NULL_SPHERE,273.3,359.9,11090,1068,60.252259731292725
2026-09-09T09:05:45.865188+00:00,NULL_OVOID,141448.4,168947.2,32,418,60.252259731292725
2026-09-09T09:05:45.865188+00:00,RECOMBOBULATOR_3000,9912457.9,10128598.8,15,3,60.252259731292725
2026-09-09T09:05:45.865188+00:00,SUMMONING_EYE,1214192.9,1309977.8,20,1,60.252259731292725
2026-09-09T09:06:46.124801+00:00,BOOSTER_COOKIE,11824480.6,12272184.2,1,13,60.25537610054016
2026-09-09T09:06:46.124801+00:00,ENCHANTED_DIAMOND,1286.0,1566.9,1392,1216,60.25537610054016
2026-09-09T09:06:46.124801+00:00,ENCHANTED_DIAMOND_BLOCK,202065.8,205105.9,1852,454,60.25537610054016
2026-09-09T09:06:46.124801+00:00,NULL_SPHERE,273.3,359.9,11090,1068,60.25537610054016
2026-09-09T09:06:46.124801+00:00,NULL_OVOID,141448.4,168947.2,32,418,60.25537610054016
2026-09-09T09:06:46.124801+00:00,RECOMBOBULATOR_3000,9912457.9,10128598.8,15,3,60.25537610054016
2026-09-09T09:06:46.124801+00:00,SUMMONING_EYE,1214192.9,1309977.8,20,1,60.25537610054016
2026-09-09T09:07:46.363511+00:00,BOOSTER_COOKIE,11824480.6,12272184.2,1,13,60.24140477180481
2026-09-09T09:07:46.363511+00:00,ENCHANTED_DIAMOND,1286.0,1566.9,1392,1216,60.24140477180481
2026-09-09T09:07:46.363511+00:00,ENCHANTED_DIAMOND_BLOCK,202065.8,205105.9,1852,454,60.24140477180481
2026-09-09T09:07:46.363511+00:00,NULL_SPHERE,273.3,359.9,11090,1068,60.24140477180481
2026-09-09T09:07:46.363511+00:00,NULL_OVOID,141448.4,168947.2,32,418,60.24140477180481
2026-09-09T09:07:46.363511+00:00,RECOMBOBULATOR_3000,9912457.9,10128598.8,15,3,60.24140477180481
2026-09-09T09:07:46.363511+00:00,SUMMONING_EYE,1214192.9,1309977.8,20,1,60.24140477180481
2026-09-09T09:08:46.598864+00:00,BOOSTER_COOKIE,11824480.6,12272184.2,1,13,60.232072591781616
2026-09-09T09:08:46.598864+00:00,ENCHANTED_DIAMOND,1286.0,1566.9,1392,1216,60.232072591781616
2026-09-09T09:08:46.598864+00:00,ENCHANTED_DIAMOND_BLOCK,202065.8,205105.9,1852,454,60.232072591781616
2026-09-09T09:08:46.598864+00:00,NULL_SPHERE,273.3,359.9,11090,1068,60.232072591781616
2026-09-09T09:08:46.598864+00:00,NULL_OVOID,141448.4,168947.2,32,418,60.232072591781616
2026-09-09T09:08:46.598864+00:00,RECOMBOBULATOR_3000,9912457.9,10128598.8,15,3,60.232072591781616
2026-09-09T09:08:46.598864+00:00,SUMMONING_EYE,1214192.9,1309977.8,20,1,60.232072591781616
2026-09-09T09:09:46.815192+00:00,BOOSTER_COOKIE,11824480.6,12272184.2,1,13,60.21805953979492
2026-09-09T09:09:46.815192+00:00,ENCHANTED_DIAMOND,1286.0,1566.9,1392,1216,60.21805953979492
2026-09-09T09:09:46.815192+00:00,ENCHANTED_DIAMOND_BLOCK,202065.8,205105.9,1852,454,60.21805953979492
2026-09-09T09:09:46.815192+00:00,NULL_SPHERE,273.3,359.9,11090,1068,60.21805953979492
2026-09-09T09:09:46.815192+00:00,NULL_OVOID,141448.4,168947.2,32,418,60.21805953979492
2026-09-09T09:09:46.815192+00:00,RECOMBOBULATOR_3000,9912457.9,10128598.8,15,3,60.21805953979492
2026-09-09T09:09:46.815192+00:00,SUMMONING_EYE,1214192.9,1309977.8,20,1,60.21805953979492
2026-09-09T09:10:47.081797+00:00,BOOSTER_COOKIE,11846867.5,12272187.9,1,2,60.27083921432495
2026-09-09T09:10:47.081797+00:00,ENCHANTED_DIAMOND,1285.9,1537.9,24861,3635,60.27083921432495
2026-09-09T09:10:47.081797+00:00,ENCHANTED_DIAMOND_BLOCK,202066.0,205105.8,969,22,60.27083921432495
2026-09-09T09:10:47.081797+00:00,NULL_SPHERE,273.2,359.9,22927,1068,60.27083921432495
2026-09-09T09:10:47.081797+00:00,NULL_OVOID,141448.5,168947.2,128,406,60.27083921432495
2026-09-09T09:10:47.081797+00:00,RECOMBOBULATOR_3000,9912458.5,10128598.8,1,3,60.27083921432495
2026-09-09T09:10:47.081797+00:00,SUMMONING_EYE,1214192.9,1300398.4,11,21,60.27083921432495
2026-09-09T09:11:47.334918+00:00,BOOSTER_COOKIE,11846867.5,12272187.9,1,2,60.24851369857788
2026-09-09T09:11:47.334918+00:00,ENCHANTED_DIAMOND,1285.9,1537.9,24861,3635,60.24851369857788
2026-09-09T09:11:47.334918+00:00,ENCHANTED_DIAMOND_BLOCK,202066.0,205105.8,969,22,60.24851369857788
2026-09-09T09:11:47.334918+00:00,NULL_SPHERE,273.2,359.9,22927,1068,60.24851369857788
2026-09-09T09:11:47.334918+00:00,NULL_OVOID,141448.5,168947.2,128,406,60.24851369857788
2026-09-09T09:11:47.334918+00:00,RECOMBOBULATOR_3000,9912458.5,10128598.8,1,3,60.24851369857788
2026-09-09T09:11:47.334918+00:00,SUMMONING_EYE,1214192.9,1300398.4,11,21,60.24851369857788
2026-09-09T09:12:47.634549+00:00,BOOSTER_COOKIE,11846867.5,12272187.9,1,2,60.29935574531555
2026-09-09T09:12:47.634549+00:00,ENCHANTED_DIAMOND,1285.9,1537.9,24861,3635,60.29935574531555
2026-09-09T09:12:47.634549+00:00,ENCHANTED_DIAMOND_BLOCK,202066.0,205105.8,969,22,60.29935574531555
2026-09-09T09:12:47.634549+00:00,NULL_SPHERE,273.2,359.9,22927,1068,60.29935574531555
2026-09-09T09:12:47.634549+00:00,NULL_OVOID,141448.5,168947.2,128,406,60.29935574531555
2026-09-09T09:12:47.634549+00:00,RECOMBOBULATOR_3000,9912458.5,10128598.8,1,3,60.29935574531555
2026-09-09T09:12:47.634549+00:00,SUMMONING_EYE,1214192.9,1300398.4,11,21,60.29935574531555
2026-09-09T09:13:47.893394+00:00,BOOSTER_COOKIE,11846867.5,12272187.9,1,2,60.25979685783386
2026-09-09T09:13:47.893394+00:00,ENCHANTED_DIAMOND,1285.9,1537.9,24861,3635,60.25979685783386
2026-09-09T09:13:47.893394+00:00,ENCHANTED_DIAMOND_BLOCK,202066.0,205105.8,969,22,60.25979685783386
2026-09-09T09:13:47.893394+00:00,NULL_SPHERE,273.2,359.9,22927,1068,60.25979685783386
2026-09-09T09:13:47.893394+00:00,NULL_OVOID,141448.5,168947.2,128,406,60.25979685783386
2026-09-09T09:13:47.893394+00:00,RECOMBOBULATOR_3000,9912458.5,10128598.8,1,3,60.25979685783386
2026-09-09T09:13:47.893394+00:00,SUMMONING_EYE,1214192.9,1300398.4,11,21,60.25979685783386
2026-09-09T09:14:48.154175+00:00,BOOSTER_COOKIE,11846867.5,12272187.9,1,2,60.260390520095825
2026-09-09T09:14:48.154175+00:00,ENCHANTED_DIAMOND,1285.9,1537.9,24861,3635,60.260390520095825
2026-09-09T09:14:48.154175+00:00,ENCHANTED_DIAMOND_BLOCK,202066.0,205105.8,969,22,60.260390520095825
2026-09-09T09:14:48.154175+00:00,NULL_SPHERE,273.2,359.9,22927,1068,60.260390520095825
2026-09-09T09:14:48.154175+00:00,NULL_OVOID,141448.5,168947.2,128,406,60.260390520095825
2026-09-09T09:14:48.154175+00:00,RECOMBOBULATOR_3000,9912458.5,10128598.8,1,3,60.260390520095825
2026-09-09T09:14:48.154175+00:00,SUMMONING_EYE,1214192.9,1300398.4,11,21,60.260390520095825
2026-09-09T09:15:48.453138+00:00,BOOSTER_COOKIE,11846868.9,12272188.0,1,66,60.29760026931763
2026-09-09T09:15:48.453138+00:00,ENCHANTED_DIAMOND,1286.0,1537.7,49137,80,60.29760026931763
2026-09-09T09:15:48.453138+00:00,ENCHANTED_DIAMOND_BLOCK,202066.0,205105.3,503,130,60.29760026931763
2026-09-09T09:15:48.453138+00:00,NULL_SPHERE,273.2,359.9,2156,1068,60.29760026931763
2026-09-09T09:15:48.453138+00:00,NULL_OVOID,141448.6,168947.1,1920,913,60.29760026931763
2026-09-09T09:15:48.453138+00:00,RECOMBOBULATOR_3000,9912458.8,10128598.7,5,1,60.29760026931763
2026-09-09T09:15:48.453138+00:00,SUMMONING_EYE,1190410.4,1291776.7,15,7,60.29760026931763
2026-09-09T09:16:48.735327+00:00,BOOSTER_COOKIE,11846868.9,12272188.0,1,66,60.28674268722534
2026-09-09T09:16:48.735327+00:00,ENCHANTED_DIAMOND,1286.0,1537.7,49137,80,60.28674268722534
2026-09-09T09:16:48.735327+00:00,ENCHANTED_DIAMOND_BLOCK,202066.0,205105.3,503,130,60.28674268722534
2026-09-09T09:16:48.735327+00:00,NULL_SPHERE,273.2,359.9,2156,1068,60.28674268722534
2026-09-09T09:16:48.735327+00:00,NULL_OVOID,141448.6,168947.1,1920,913,60.28674268722534
2026-09-09T09:16:48.735327+00:00,RECOMBOBULATOR_3000,9912458.8,10128598.7,5,1,60.28674268722534
2026-09-09T09:16:48.735327+00:00,SUMMONING_EYE,1190410.4,1291776.7,15,7,60.28674268722534
2026-09-09T09:17:48.954065+00:00,BOOSTER_COOKIE,11846868.9,12272188.0,1,66,60.21386981010437
2026-09-09T09:17:48.954065+00:00,ENCHANTED_DIAMOND,1286.0,1537.7,49137,80,60.21386981010437
2026-09-09T09:17:48.954065+00:00,ENCHANTED_DIAMOND_BLOCK,202066.0,205105.3,503,130,60.21386981010437
2026-09-09T09:17:48.954065+00:00,NULL_SPHERE,273.2,359.9,2156,1068,60.21386981010437
2026-09-09T09:17:48.954065+00:00,NULL_OVOID,141448.6,168947.1,1920,913,60.21386981010437
2026-09-09T09:17:48.954065+00:00,RECOMBOBULATOR_3000,9912458.8,10128598.7,5,1,60.21386981010437
2026-09-09T09:17:48.954065+00:00,SUMMONING_EYE,1190410.4,1291776.7,15,7,60.21386981010437
2026-09-09T09:18:49.177708+00:00,BOOSTER_COOKIE,11846868.9,12272188.0,1,66,60.22538185119629
2026-09-09T09:18:49.177708+00:00,ENCHANTED_DIAMOND,1286.0,1537.7,49137,80,60.22538185119629
2026-09-09T09:18:49.177708+00:00,ENCHANTED_DIAMOND_BLOCK,202066.0,205105.3,503,130,60.22538185119629
2026-09-09T09:18:49.177708+00:00,NULL_SPHERE,273.2,359.9,2156,1068,60.22538185119629
2026-09-09T09:18:49.177708+00:00,NULL_OVOID,141448.6,168947.1,1920,913,60.22538185119629
2026-09-09T09:18:49.177708+00:00,RECOMBOBULATOR_3000,9912458.8,10128598.7,5,1,60.22538185119629
2026-09-09T09:18:49.177708+00:00,SUMMONING_EYE,1190410.4,1291776.7,15,7,60.22538185119629
2026-09-09T09:19:49.434021+00:00,BOOSTER_COOKIE,11846868.9,12272188.0,1,66,60.25552678108215
2026-09-09T09:19:49.434021+00:00,ENCHANTED_DIAMOND,1286.0,1537.7,49137,80,60.25552678108215
2026-09-09T09:19:49.434021+00:00,ENCHANTED_DIAMOND_BLOCK,202066.0,205105.3,503,130,60.25552678108215
2026-09-09T09:19:49.434021+00:00,NULL_SPHERE,273.2,359.9,2156,1068,60.25552678108215
2026-09-09T09:19:49.434021+00:00,NULL_OVOID,141448.6,168947.1,1920,913,60.25552678108215
2026-09-09T09:19:49.434021+00:00,RECOMBOBULATOR_3000,9912458.8,10128598.7,5,1,60.25552678108215
2026-09-09T09:19:49.434021+00:00,SUMMONING_EYE,1190410.4,1291776.7,15,7,60.25552678108215
2026-09-09T09:20:49.690815+00:00,BOOSTER_COOKIE,11868136.4,12272188.0,2,39,60.25693368911743
2026-09-09T09:20:49.690815+00:00,ENCHANTED_DIAMOND,1286.3,1550.0,11750,481536,60.25693368911743
2026-09-09T09:20:49.690815+00:00,ENCHANTED_DIAMOND_BLOCK,202003.0,205105.4,2259,265,60.25693368911743
2026-09-09T09:20:49.690815+00:00,NULL_SPHERE,273.1,359.9,53021,1285,60.25693368911743
2026-09-09T09:20:49.690815+00:00,NULL_OVOID,141448.7,168947.0,32,560,60.25693368911743
2026-09-09T09:20:49.690815+00:00,RECOMBOBULATOR_3000,9912459.2,10128597.8,11,3,60.25693368911743
2026-09-09T09:20:49.690815+00:00,SUMMONING_EYE,1190410.7,1291775.4,1,14,60.25693368911743
2026-09-09T09:21:49.925942+00:00,BOOSTER_COOKIE,11868136.4,12272188.0,2,39,60.23567080497742
2026-09-09T09:21:49.925942+00:00,ENCHANTED_DIAMOND,1286.3,1550.0,11750,481536,60.23567080497742
2026-09-09T09:21:49.925942+00:00,ENCHANTED_DIAMOND_BLOCK,202003.0,205105.4,2259,265,60.23567080497742
2026-09-09T09:21:49.925942+00:00,NULL_SPHERE,273.1,359.9,53021,1285,60.23567080497742
2026-09-09T09:21:49.925942+00:00,NULL_OVOID,141448.7,168947.0,32,560,60.23567080497742
2026-09-09T09:21:49.925942+00:00,RECOMBOBULATOR_3000,9912459.2,10128597.8,11,3,60.23567080497742
2026-09-09T09:21:49.925942+00:00,SUMMONING_EYE,1190410.7,1291775.4,1,14,60.23567080497742
2026-09-09T09:22:50.205989+00:00,BOOSTER_COOKIE,11868136.4,12272188.0,2,39,60.287384271621704
2026-09-09T09:22:50.205989+00:00,ENCHANTED_DIAMOND,1286.3,1550.0,11750,481536,60.287384271621704
2026-09-09T09:22:50.205989+00:00,ENCHANTED_DIAMOND_BLOCK,202003.0,205105.4,2259,265,60.287384271621704
2026-09-09T09:22:50.205989+00:00,NULL_SPHERE,273.1,359.9,53021,1285,60.287384271621704
2026-09-09T09:22:50.205989+00:00,NULL_OVOID,141448.7,168947.0,32,560,60.287384271621704
2026-09-09T09:22:50.205989+00:00,RECOMBOBULATOR_3000,9912459.2,10128597.8,11,3,60.287384271621704
2026-09-09T09:22:50.205989+00:00,SUMMONING_EYE,1190410.7,1291775.4,1,14,60.287384271621704
2026-09-09T09:23:50.457387+00:00,BOOSTER_COOKIE,11868136.4,12272188.0,2,39,60.24392557144165
2026-09-09T09:23:50.457387+00:00,ENCHANTED_DIAMOND,1286.3,1550.0,11750,481536,60.24392557144165
2026-09-09T09:23:50.457387+00:00,ENCHANTED_DIAMOND_BLOCK,202003.0,205105.4,2259,265,60.24392557144165
2026-09-09T09:23:50.457387+00:00,NULL_SPHERE,273.1,359.9,53021,1285,60.24392557144165
2026-09-09T09:23:50.457387+00:00,NULL_OVOID,141448.7,168947.0,32,560,60.24392557144165
2026-09-09T09:23:50.457387+00:00,RECOMBOBULATOR_3000,9912459.2,10128597.8,11,3,60.24392557144165
2026-09-09T09:23:50.457387+00:00,SUMMONING_EYE,1190410.7,1291775.4,1,14,60.24392557144165
2026-09-09T09:24:50.723821+00:00,BOOSTER_COOKIE,11868136.4,12272188.0,2,39,60.26957893371582
2026-09-09T09:24:50.723821+00:00,ENCHANTED_DIAMOND,1286.3,1550.0,11750,481536,60.26957893371582
2026-09-09T09:24:50.723821+00:00,ENCHANTED_DIAMOND_BLOCK,202003.0,205105.4,2259,265,60.26957893371582
2026-09-09T09:24:50.723821+00:00,NULL_SPHERE,273.1,359.9,53021,1285,60.26957893371582
2026-09-09T09:24:50.723821+00:00,NULL_OVOID,141448.7,168947.0,32,560,60.26957893371582
2026-09-09T09:24:50.723821+00:00,RECOMBOBULATOR_3000,9912459.2,10128597.8,11,3,60.26957893371582
2026-09-09T09:24:50.723821+00:00,SUMMONING_EYE,1190410.7,1291775.4,1,14,60.26957893371582
2026-09-09T09:25:50.945730+00:00,BOOSTER_COOKIE,11888340.3,12272193.0,12,11,60.2203369140625
2026-09-09T09:25:50.945730+00:00,ENCHANTED_DIAMOND,1286.8,1549.4,10022,490,60.2203369140625
2026-09-09T09:25:50.945730+00:00,ENCHANTED_DIAMOND_BLOCK,202003.0,205105.2,1222,20,60.2203369140625
2026-09-09T09:25:50.945730+00:00,NULL_SPHERE,273.2,359.9,18685,1374,60.2203369140625
2026-09-09T09:25:50.945730+00:00,NULL_OVOID,141448.7,168947.0,32,560,60.2203369140625
2026-09-09T09:25:50.945730+00:00,RECOMBOBULATOR_3000,9912459.6,10128597.0,8,2,60.2203369140625
2026-09-09T09:25:50.945730+00:00,SUMMONING_EYE,1190410.3,1291774.0,13,3,60.2203369140625
2026-09-09T09:26:51.204189+00:00,BOOSTER_COOKIE,11888340.3,12272193.0,12,11,60.25646710395813
2026-09-09T09:26:51.204189+00:00,ENCHANTED_DIAMOND,1286.8,1549.4,10022,490,60.25646710395813
2026-09-09T09:26:51.204189+00:00,ENCHANTED_DIAMOND_BLOCK,202003.0,205105.2,1222,20,60.25646710395813
2026-09-09T09:26:51.204189+00:00,NULL_SPHERE,273.2,359.9,18685,1374,60.25646710395813
2026-09-09T09:26:51.204189+00:00,NULL_OVOID,141448.7,168947.0,32,560,60.25646710395813
2026-09-09T09:26:51.204189+00:00,RECOMBOBULATOR_3000,9912459.6,10128597.0,8,2,60.25646710395813
2026-09-09T09:26:51.204189+00:00,SUMMONING_EYE,1190410.3,1291774.0,13,3,60.25646710395813
2026-09-09T09:27:51.489116+00:00,BOOSTER_COOKIE,11888340.3,12272193.0,12,11,60.29036474227905
2026-09-09T09:27:51.489116+00:00,ENCHANTED_DIAMOND,1286.8,1549.4,10022,490,60.29036474227905
2026-09-09T09:27:51.489116+00:00,ENCHANTED_DIAMOND_BLOCK,202003.0,205105.2,1222,20,60.29036474227905
2026-09-09T09:27:51.489116+00:00,NULL_SPHERE,273.2,359.9,18685,1374,60.29036474227905
2026-09-09T09:27:51.489116+00:00,NULL_OVOID,141448.7,168947.0,32,560,60.29036474227905
2026-09-09T09:27:51.489116+00:00,RECOMBOBULATOR_3000,9912459.6,10128597.0,8,2,60.29036474227905
2026-09-09T09:27:51.489116+00:00,SUMMONING_EYE,1190410.3,1291774.0,13,3,60.29036474227905
2026-09-09T09:28:51.766561+00:00,BOOSTER_COOKIE,11888340.3,12272193.0,12,11,60.27641749382019
2026-09-09T09:28:51.766561+00:00,ENCHANTED_DIAMOND,1286.8,1549.4,10022,490,60.27641749382019
2026-09-09T09:28:51.766561+00:00,ENCHANTED_DIAMOND_BLOCK,202003.0,205105.2,1222,20,60.27641749382019
2026-09-09T09:28:51.766561+00:00,NULL_SPHERE,273.2,359.9,18685,1374,60.27641749382019
2026-09-09T09:28:51.766561+00:00,NULL_OVOID,141448.7,168947.0,32,560,60.27641749382019
2026-09-09T09:28:51.766561+00:00,RECOMBOBULATOR_3000,9912459.6,10128597.0,8,2,60.27641749382019
2026-09-09T09:28:51.766561+00:00,SUMMONING_EYE,1190410.3,1291774.0,13,3,60.27641749382019
2026-09-09T09:29:52.020790+00:00,BOOSTER_COOKIE,11888340.3,12272193.0,12,11,60.249863624572754
2026-09-09T09:29:52.020790+00:00,ENCHANTED_DIAMOND,1286.8,1549.4,10022,490,60.249863624572754
2026-09-09T09:29:52.020790+00:00,ENCHANTED_DIAMOND_BLOCK,202003.0,205105.2,1222,20,60.249863624572754
2026-09-09T09:29:52.020790+00:00,NULL_SPHERE,273.2,359.9,18685,1374,60.249863624572754
2026-09-09T09:29:52.020790+00:00,NULL_OVOID,141448.7,168947.0,32,560,60.249863624572754
2026-09-09T09:29:52.020790+00:00,RECOMBOBULATOR_3000,9912459.6,10128597.0,8,2,60.249863624572754
2026-09-09T09:29:52.020790+00:00,SUMMONING_EYE,1190410.3,1291774.0,13,3,60.249863624572754
2026-09-09T09:30:52.257782+00:00,BOOSTER_COOKIE,11888341.2,12272194.3,1,1,60.24369764328003
2026-09-09T09:30:52.257782+00:00,ENCHANTED_DIAMOND,1287.2,1549.0,2208,2176,60.24369764328003
2026-09-09T09:30:52.257782+00:00,ENCHANTED_DIAMOND_BLOCK,202003.2,205105.9,1766,99,60.24369764328003
2026-09-09T09:30:52.257782+00:00,NULL_SPHERE,273.2,359.8,10447,1062,60.24369764328003
2026-09-09T09:30:52.257782+00:00,NULL_OVOID,141448.7,168946.8,31,22,60.24369764328003
2026-09-09T09:30:52.257782+00:00,RECOMBOBULATOR_3000,9923266.9,10128597.0,5,1,60.24369764328003
2026-09-09T09:30:52.257782+00:00,SUMMONING_EYE,1190410.4,1291772.2,31,2,60.24369764328003
2026-09-09T09:31:52.505436+00:00,BOOSTER_COOKIE,11888341.2,12272194.3,1,1,60.24308156967163
2026-09-09T09:31:52.505436+00:00,ENCHANTED_DIAMOND,1287.2,1549.0,2208,2176,60.24308156967163
2026-09-09T09:31:52.505436+00:00,ENCHANTED_DIAMOND_BLOCK,202003.2,205105.9,1766,99,60.24308156967163
2026-09-09T09:31:52.505436+00:00,NULL_SPHERE,273.2,359.8,10447,1062,60.24308156967163
2026-09-09T09:31:52.505436+00:00,NULL_OVOID,141448.7,168946.8,31,22,60.24308156967163
2026-09-09T09:31:52.505436+00:00,RECOMBOBULATOR_3000,9923266.9,10128597.0,5,1,60.24308156967163
2026-09-09T09:31:52.505436+00:00,SUMMONING_EYE,1190410.4,1291772.2,31,2,60.24308156967163
2026-09-09T09:32:52.806001+00:00,BOOSTER_COOKIE,11888341.2,12272194.3,1,1,60.299272298812866
2026-09-09T09:32:52.806001+00:00,ENCHANTED_DIAMOND,1287.2,1549.0,2208,2176,60.299272298812866
2026-09-09T09:32:52.806001+00:00,ENCHANTED_DIAMOND_BLOCK,202003.2,205105.9,1766,99,60.299272298812866
2026-09-09T09:32:52.806001+00:00,NULL_SPHERE,273.2,359.8,10447,1062,60.299272298812866
2026-09-09T09:32:52.806001+00:00,NULL_OVOID,141448.7,168946.8,31,22,60.299272298812866
2026-09-09T09:32:52.806001+00:00,RECOMBOBULATOR_3000,9923266.9,10128597.0,5,1,60.299272298812866
2026-09-09T09:32:52.806001+00:00,SUMMONING_EYE,1190410.4,1291772.2,31,2,60.299272298812866
2026-09-09T09:33:53.056208+00:00,BOOSTER_COOKIE,11888341.2,12272194.3,1,1,60.25634765625
2026-09-09T09:33:53.056208+00:00,ENCHANTED_DIAMOND,1287.2,1549.0,2208,2176,60.25634765625
2026-09-09T09:33:53.056208+00:00,ENCHANTED_DIAMOND_BLOCK,202003.2,205105.9,1766,99,60.25634765625
2026-09-09T09:33:53.056208+00:00,NULL_SPHERE,273.2,359.8,10447,1062,60.25634765625
2026-09-09T09:33:53.056208+00:00,NULL_OVOID,141448.7,168946.8,31,22,60.25634765625
2026-09-09T09:33:53.056208+00:00,RECOMBOBULATOR_3000,9923266.9,10128597.0,5,1,60.25634765625
2026-09-09T09:33:53.056208+00:00,SUMMONING_EYE,1190410.4,1291772.2,31,2,60.25634765625
2026-09-09T09:34:53.290120+00:00,BOOSTER_COOKIE,11888341.2,12272194.3,1,1,60.236135482788086
2026-09-09T09:34:53.290120+00:00,ENCHANTED_DIAMOND,1287.2,1549.0,2208,2176,60.236135482788086
2026-09-09T09:34:53.290120+00:00,ENCHANTED_DIAMOND_BLOCK,202003.2,205105.9,1766,99,60.236135482788086
2026-09-09T09:34:53.290120+00:00,NULL_SPHERE,273.2,359.8,10447,1062,60.236135482788086
2026-09-09T09:34:53.290120+00:00,NULL_OVOID,141448.7,168946.8,31,22,60.236135482788086
2026-09-09T09:34:53.290120+00:00,RECOMBOBULATOR_3000,9923266.9,10128597.0,5,1,60.236135482788086
2026-09-09T09:34:53.290120+00:00,SUMMONING_EYE,1190410.4,1291772.2,31,2,60.236135482788086
2026-09-09T09:35:53.538401+00:00,BOOSTER_COOKIE,11907534.7,12272194.4,12,2,60.24168634414673
2026-09-09T09:35:53.538401+00:00,ENCHANTED_DIAMOND,1287.6,1548.9,29353,3412,60.24168634414673
2026-09-09T09:35:53.538401+00:00,ENCHANTED_DIAMOND_BLOCK,202003.2,205106.3,1727,98,60.24168634414673
2026-09-09T09:35:53.538401+00:00,NULL_SPHERE,273.2,359.8,7810,482,60.24168634414673
2026-09-09T09:35:53.538401+00:00,NULL_OVOID,141448.7,168946.7,31,432,60.24168634414673
2026-09-09T09:35:53.538401+00:00,RECOMBOBULATOR_3000,9923267.4,10128596.9,4,2,60.24168634414673
2026-09-09T09:35:53.538401+00:00,SUMMONING_EYE,1190410.4,1291770.7,30,23,60.24168634414673
2026-09-09T09:36:53.772289+00:00,BOOSTER_COOKIE,11907534.7,12272194.4,12,2,60.231093406677246
2026-09-09T09:36:53.772289+00:00,ENCHANTED_DIAMOND,1287.6,1548.9,29353,3412,60.231093406677246
2026-09-09T09:36:53.772289+00:00,ENCHANTED_DIAMOND_BLOCK,202003.2,205106.3,1727,98,60.231093406677246
2026-09-09T09:36:53.772289+00:00,NULL_SPHERE,273.2,359.8,7810,482,60.231093406677246
2026-09-09T09:36:53.772289+00:00,NULL_OVOID,141448.7,168946.7,31,432,60.231093406677246
2026-09-09T09:36:53.772289+00:00,RECOMBOBULATOR_3000,9923267.4,10128596.9,4,2,60.231093406677246
2026-09-09T09:36:53.772289+00:00,SUMMONING_EYE,1190410.4,1291770.7,30,23,60.231093406677246
2026-09-09T09:37:54.005882+00:00,BOOSTER_COOKIE,11907534.7,12272194.4,12,2,60.23406267166138
2026-09-09T09:37:54.005882+00:00,ENCHANTED_DIAMOND,1287.6,1548.9,29353,3412,60.23406267166138
2026-09-09T09:37:54.005882+00:00,ENCHANTED_DIAMOND_BLOCK,202003.2,205106.3,1727,98,60.23406267166138
2026-09-09T09:37:54.005882+00:00,NULL_SPHERE,273.2,359.8,7810,482,60.23406267166138
2026-09-09T09:37:54.005882+00:00,NULL_OVOID,141448.7,168946.7,31,432,60.23406267166138
2026-09-09T09:37:54.005882+00:00,RECOMBOBULATOR_3000,9923267.4,10128596.9,4,2,60.23406267166138
2026-09-09T09:37:54.005882+00:00,SUMMONING_EYE,1190410.4,1291770.7,30,23,60.23406267166138
2026-09-09T09:38:54.270757+00:00,BOOSTER_COOKIE,11907534.7,12272194.4,12,2,60.26421141624451
2026-09-09T09:38:54.270757+00:00,ENCHANTED_DIAMOND,1287.6,1548.9,29353,3412,60.26421141624451
2026-09-09T09:38:54.270757+00:00,ENCHANTED_DIAMOND_BLOCK,202003.2,205106.3,1727,98,60.26421141624451
2026-09-09T09:38:54.270757+00:00,NULL_SPHERE,273.2,359.8,7810,482,60.26421141624451
2026-09-09T09:38:54.270757+00:00,NULL_OVOID,141448.7,168946.7,31,432,60.26421141624451
2026-09-09T09:38:54.270757+00:00,RECOMBOBULATOR_3000,9923267.4,10128596.9,4,2,60.26421141624451
2026-09-09T09:38:54.270757+00:00,SUMMONING_EYE,1190410.4,1291770.7,30,23,60.26421141624451
2026-09-09T09:39:54.522588+00:00,BOOSTER_COOKIE,11907534.7,12272194.4,12,2,60.253690242767334
2026-09-09T09:39:54.522588+00:00,ENCHANTED_DIAMOND,1287.6,1548.9,29353,3412,60.253690242767334
2026-09-09T09:39:54.522588+00:00,ENCHANTED_DIAMOND_BLOCK,202003.2,205106.3,1727,98,60.253690242767334
2026-09-09T09:39:54.522588+00:00,NULL_SPHERE,273.2,359.8,7810,482,60.253690242767334
2026-09-09T09:39:54.522588+00:00,NULL_OVOID,141448.7,168946.7,31,432,60.253690242767334
2026-09-09T09:39:54.522588+00:00,RECOMBOBULATOR_3000,9923267.4,10128596.9,4,2,60.253690242767334
2026-09-09T09:39:54.522588+00:00,SUMMONING_EYE,1190410.4,1291770.7,30,23,60.253690242767334
2026-09-09T09:40:54.790179+00:00,BOOSTER_COOKIE,11925768.9,12237552.2,12,10,60.267332792282104
2026-09-09T09:40:54.790179+00:00,ENCHANTED_DIAMOND,1288.0,1547.1,50,429,60.267332792282104
2026-09-09T09:40:54.790179+00:00,ENCHANTED_DIAMOND_BLOCK,202003.2,205106.1,1692,68,60.267332792282104
2026-09-09T09:40:54.790179+00:00,NULL_SPHERE,273.3,359.8,48371,482,60.267332792282104
2026-09-09T09:40:54.790179+00:00,NULL_OVOID,141448.7,168947.2,31,8,60.267332792282104
2026-09-09T09:40:54.790179+00:00,RECOMBOBULATOR_3000,9923267.3,10128598.9,9,1,60.267332792282104
2026-09-09T09:40:54.790179+00:00,SUMMONING_EYE,1190410.6,1291769.7,1,1,60.267332792282104
2026-09-09T09:41:55.084564+00:00,BOOSTER_COOKIE,11925768.9,12237552.2,12,10,60.293209075927734
2026-09-09T09:41:55.084564+00:00,ENCHANTED_DIAMOND,1288.0,1547.1,50,429,60.293209075927734
2026-09-09T09:41:55.084564+00:00,ENCHANTED_DIAMOND_BLOCK,202003.2,205106.1,1692,68,60.293209075927734
2026-09-09T09:41:55.084564+00:00,NULL_SPHERE,273.3,359.8,48371,482,60.293209075927734
2026-09-09T09:41:55.084564+00:00,NULL_OVOID,141448.7,168947.2,31,8,60.293209075927734
2026-09-09T09:41:55.084564+00:00,RECOMBOBULATOR_3000,9923267.3,10128598.9,9,1,60.293209075927734
2026-09-09T09:41:55.084564+00:00,SUMMONING_EYE,1190410.6,1291769.7,1,1,60.293209075927734
2026-09-09T09:42:55.358089+00:00,BOOSTER_COOKIE,11925768.9,12237552.2,12,10,60.27163863182068
2026-09-09T09:42:55.358089+00:00,ENCHANTED_DIAMOND,1288.0,1547.1,50,429,60.27163863182068
2026-09-09T09:42:55.358089+00:00,ENCHANTED_DIAMOND_BLOCK,202003.2,205106.1,1692,68,60.27163863182068
2026-09-09T09:42:55.358089+00:00,NULL_SPHERE,273.3,359.8,48371,482,60.27163863182068
2026-09-09T09:42:55.358089+00:00,NULL_OVOID,141448.7,168947.2,31,8,60.27163863182068
2026-09-09T09:42:55.358089+00:00,RECOMBOBULATOR_3000,9923267.3,10128598.9,9,1,60.27163863182068
2026-09-09T09:42:55.358089+00:00,SUMMONING_EYE,1190410.6,1291769.7,1,1,60.27163863182068
2026-09-09T09:43:55.641388+00:00,BOOSTER_COOKIE,11925768.9,12237552.2,12,10,60.28587365150452
2026-09-09T09:43:55.641388+00:00,ENCHANTED_DIAMOND,1288.0,1547.1,50,429,60.28587365150452
2026-09-09T09:43:55.641388+00:00,ENCHANTED_DIAMOND_BLOCK,202003.2,205106.1,1692,68,60.28587365150452
2026-09-09T09:43:55.641388+00:00,NULL_SPHERE,273.3,359.8,48371,482,60.28587365150452
2026-09-09T09:43:55.641388+00:00,NULL_OVOID,141448.7,168947.2,31,8,60.28587365150452
2026-09-09T09:43:55.641388+00:00,RECOMBOBULATOR_3000,9923267.3,10128598.9,9,1,60.28587365150452
2026-09-09T09:43:55.641388+00:00,SUMMONING_EYE,1190410.6,1291769.7,1,1,60.28587365150452
2026-09-09T09:44:55.893215+00:00,BOOSTER_COOKIE,11925768.9,12237552.2,12,10,60.25083374977112
2026-09-09T09:44:55.893215+00:00,ENCHANTED_DIAMOND,1288.0,1547.1,50,429,60.25083374977112
2026-09-09T09:44:55.893215+00:00,ENCHANTED_DIAMOND_BLOCK,202003.2,205106.1,1692,68,60.25083374977112
2026-09-09T09:44:55.893215+00:00,NULL_SPHERE,273.3,359.8,48371,482,60.25083374977112
2026-09-09T09:44:55.893215+00:00,NULL_OVOID,141448.7,168947.2,31,8,60.25083374977112
2026-09-09T09:44:55.893215+00:00,RECOMBOBULATOR_3000,9923267.3,10128598.9,9,1,60.25083374977112
2026-09-09T09:44:55.893215+00:00,SUMMONING_EYE,1190410.6,1291769.7,1,1,60.25083374977112
2026-09-09T09:45:56.119875+00:00,BOOSTER_COOKIE,11925769.8,12341744.5,5,4,60.228044748306274
2026-09-09T09:45:56.119875+00:00,ENCHANTED_DIAMOND,1288.3,1547.0,4302,1984,60.228044748306274
2026-09-09T09:45:56.119875+00:00,ENCHANTED_DIAMOND_BLOCK,202003.2,205105.7,1348,64,60.228044748306274
2026-09-09T09:45:56.119875+00:00,NULL_SPHERE,273.4,359.7,9981,993,60.228044748306274
2026-09-09T09:45:56.119875+00:00,NULL_OVOID,141448.8,168947.1,28,736,60.228044748306274
2026-09-09T09:45:56.119875+00:00,RECOMBOBULATOR_3000,9923267.6,10128599.2,3,8,60.228044748306274
2026-09-09T09:45:56.119875+00:00,SUMMONING_EYE,1190410.5,1291768.4,7,12,60.228044748306274
2026-09-09T09:46:56.389831+00:00,BOOSTER_COOKIE,11925769.8,12341744.5,5,4,60.274468660354614
2026-09-09T09:46:56.389831+00:00,ENCHANTED_DIAMOND,1288.3,1547.0,4302,1984,60.274468660354614
2026-09-09T09:46:56.389831+00:00,ENCHANTED_DIAMOND_BLOCK,202003.2,205105.7,1348,64,60.274468660354614
2026-09-09T09:46:56.389831+00:00,NULL_SPHERE,273.4,359.7,9981,993,60.274468660354614
2026-09-09T09:46:56.389831+00:00,NULL_OVOID,141448.8,168947.1,28,736,60.274468660354614
2026-09-09T09:46:56.389831+00:00,RECOMBOBULATOR_3000,9923267.6,10128599.2,3,8,60.274468660354614
2026-09-09T09:46:56.389831+00:00,SUMMONING_EYE,1190410.5,1291768.4,7,12,60.274468660354614
2026-09-09T09:47:56.607576+00:00,BOOSTER_COOKIE,11925769.8,12341744.5,5,4,60.21261739730835
2026-09-09T09:47:56.607576+00:00,ENCHANTED_DIAMOND,1288.3,1547.0,4302,1984,60.21261739730835
2026-09-09T09:47:56.607576+00:00,ENCHANTED_DIAMOND_BLOCK,202003.2,205105.7,1348,64,60.21261739730835
2026-09-09T09:47:56.607576+00:00,NULL_SPHERE,273.4,359.7,9981,993,60.21261739730835
2026-09-09T09:47:56.607576+00:00,NULL_OVOID,141448.8,168947.1,28,736,60.21261739730835
2026-09-09T09:47:56.607576+00:00,RECOMBOBULATOR_3000,9923267.6,10128599.2,3,8,60.21261739730835
2026-09-09T09:47:56.607576+00:00,SUMMONING_EYE,1190410.5,1291768.4,7,12,60.21261739730835
2026-09-09T09:48:56.858324+00:00,BOOSTER_COOKIE,11925769.8,12341744.5,5,4,60.25125479698181
2026-09-09T09:48:56.858324+00:00,ENCHANTED_DIAMOND,1288.3,1547.0,4302,1984,60.25125479698181
2026-09-09T09:48:56.858324+00:00,ENCHANTED_DIAMOND_BLOCK,202003.2,205105.7,1348,64,60.25125479698181
2026-09-09T09:48:56.858324+00:00,NULL_SPHERE,273.4,359.7,9981,993,60.25125479698181
2026-09-09T09:48:56.858324+00:00,NULL_OVOID,141448.8,168947.1,28,736,60.25125479698181
2026-09-09T09:48:56.858324+00:00,RECOMBOBULATOR_3000,9923267.6,10128599.2,3,8,60.25125479698181
2026-09-09T09:48:56.858324+00:00,SUMMONING_EYE,1190410.5,1291768.4,7,12,60.25125479698181
2026-09-09T09:49:57.096902+00:00,BOOSTER_COOKIE,11925769.8,12341744.5,5,4,60.23904585838318
2026-09-09T09:49:57.096902+00:00,ENCHANTED_DIAMOND,1288.3,1547.0,4302,1984,60.23904585838318
2026-09-09T09:49:57.096902+00:00,ENCHANTED_DIAMOND_BLOCK,202003.2,205105.7,1348,64,60.23904585838318
2026-09-09T09:49:57.096902+00:00,NULL_SPHERE,273.4,359.7,9981,993,60.23904585838318
2026-09-09T09:49:57.096902+00:00,NULL_OVOID,141448.8,168947.1,28,736,60.23904585838318
2026-09-09T09:49:57.096902+00:00,RECOMBOBULATOR_3000,9923267.6,10128599.2,3,8,60.23904585838318
2026-09-09T09:49:57.096902+00:00,SUMMONING_EYE,1190410.5,1291768.4,7,12,60.23904585838318
2026-09-09T09:50:57.341529+00:00,BOOSTER_COOKIE,11925771.1,12341745.9,1,15,60.244752407073975
2026-09-09T09:50:57.341529+00:00,ENCHANTED_DIAMOND,1288.5,1546.5,11482,72,60.244752407073975
2026-09-09T09:50:57.341529+00:00,ENCHANTED_DIAMOND_BLOCK,202004.1,205106.0,23,272,60.244752407073975
2026-09-09T09:50:57.341529+00:00,NULL_SPHERE,273.4,359.7,9825,853,60.244752407073975
2026-09-09T09:50:57.341529+00:00,NULL_OVOID,142823.8,168947.1,32,736,60.244752407073975
2026-09-09T09:50:57.341529+00:00,RECOMBOBULATOR_3000,9923267.8,10128598.8,2,3,60.244752407073975
2026-09-09T09:50:57.341529+00:00,SUMMONING_EYE,1190411.0,1291766.9,32,1,60.244752407073975
2026-09-09T09:51:57.582757+00:00,BOOSTER_COOKIE,11925771.1,12341745.9,1,15,60.240556716918945
2026-09-09T09:51:57.582757+00:00,ENCHANTED_DIAMOND,1288.5,1546.5,11482,72,60.240556716918945
2026-09-09T09:51:57.582757+00:00,ENCHANTED_DIAMOND_BLOCK,202004.1,205106.0,23,272,60.240556716918945
2026-09-09T09:51:57.582757+00:00,NULL_SPHERE,273.4,359.7,9825,853,60.240556716918945
2026-09-09T09:51:57.582757+00:00,NULL_OVOID,142823.8,168947.1,32,736,60.240556716918945
2026-09-09T09:51:57.582757+00:00,RECOMBOBULATOR_3000,9923267.8,10128598.8,2,3,60.240556716918945
2026-09-09T09:51:57.582757+00:00,SUMMONING_EYE,1190411.0,1291766.9,32,1,60.240556716918945
2026-09-09T09:52:57.843378+00:00,BOOSTER_COOKIE,11925771.1,12341745.9,1,15,60.259641885757446
2026-09-09T09:52:57.843378+00:00,ENCHANTED_DIAMOND,1288.5,1546.5,11482,72,60.259641885757446
2026-09-09T09:52:57.843378+00:00,ENCHANTED_DIAMOND_BLOCK,202004.1,205106.0,23,272,60.259641885757446
2026-09-09T09:52:57.843378+00:00,NULL_SPHERE,273.4,359.7,9825,853,60.259641885757446
2026-09-09T09:52:57.843378+00:00,NULL_OVOID,142823.8,168947.1,32,736,60.259641885757446
2026-09-09T09:52:57.843378+00:00,RECOMBOBULATOR_3000,9923267.8,10128598.8,2,3,60.259641885757446
2026-09-09T09:52:57.843378+00:00,SUMMONING_EYE,1190411.0,1291766.9,32,1,60.259641885757446
2026-09-09T09:53:58.114998+00:00,BOOSTER_COOKIE,11925771.1,12341745.9,1,15,60.27211785316467
2026-09-09T09:53:58.114998+00:00,ENCHANTED_DIAMOND,1288.5,1546.5,11482,72,60.27211785316467
2026-09-09T09:53:58.114998+00:00,ENCHANTED_DIAMOND_BLOCK,202004.1,205106.0,23,272,60.27211785316467
2026-09-09T09:53:58.114998+00:00,NULL_SPHERE,273.4,359.7,9825,853,60.27211785316467
2026-09-09T09:53:58.114998+00:00,NULL_OVOID,142823.8,168947.1,32,736,60.27211785316467
2026-09-09T09:53:58.114998+00:00,RECOMBOBULATOR_3000,9923267.8,10128598.8,2,3,60.27211785316467
2026-09-09T09:53:58.114998+00:00,SUMMONING_EYE,1190411.0,1291766.9,32,1,60.27211785316467
2026-09-09T09:54:58.367663+00:00,BOOSTER_COOKIE,11925771.1,12341745.9,1,15,60.25523614883423
2026-09-09T09:54:58.367663+00:00,ENCHANTED_DIAMOND,1288.5,1546.5,11482,72,60.25523614883423
2026-09-09T09:54:58.367663+00:00,ENCHANTED_DIAMOND_BLOCK,202004.1,205106.0,23,272,60.25523614883423
2026-09-09T09:54:58.367663+00:00,NULL_SPHERE,273.4,359.7,9825,853,60.25523614883423
2026-09-09T09:54:58.367663+00:00,NULL_OVOID,142823.8,168947.1,32,736,60.25523614883423
2026-09-09T09:54:58.367663+00:00,RECOMBOBULATOR_3000,9923267.8,10128598.8,2,3,60.25523614883423
2026-09-09T09:54:58.367663+00:00,SUMMONING_EYE,1190411.0,1291766.9,32,1,60.25523614883423
2026-09-09T09:55:58.643717+00:00,BOOSTER_COOKIE,11925772.7,12341748.3,1,3,60.275662422180176
2026-09-09T09:55:58.643717+00:00,ENCHANTED_DIAMOND,1289.1,1546.9,5776,21,60.275662422180176
2026-09-09T09:55:58.643717+00:00,ENCHANTED_DIAMOND_BLOCK,202004.0,205106.0,318,109,60.275662422180176
2026-09-09T09:55:58.643717+00:00,NULL_SPHERE,273.5,359.7,69992,763,60.275662422180176
2026-09-09T09:55:58.643717+00:00,NULL_OVOID,140001.1,168947.0,305,64,60.275662422180176
2026-09-09T09:55:58.643717+00:00,RECOMBOBULATOR_3000,9933534.0,10128598.9,11,1,60.275662422180176
2026-09-09T09:55:58.643717+00:00,SUMMONING_EYE,1190411.9,1291765.8,4,2,60.275662422180176
2026-09-09T09:56:58.880574+00:00,BOOSTER_COOKIE,11925772.7,12341748.3,1,3,60.23508620262146
2026-09-09T09:56:58.880574+00:00,ENCHANTED_DIAMOND,1289.1,1546.9,5776,21,60.23508620262146
2026-09-09T09:56:58.880574+00:00,ENCHANTED_DIAMOND_BLOCK,202004.0,205106.0,318,109,60.23508620262146
2026-09-09T09:56:58.880574+00:00,NULL_SPHERE,273.5,359.7,69992,763,60.23508620262146
2026-09-09T09:56:58.880574+00:00,NULL_OVOID,140001.1,168947.0,305,64,60.23508620262146
2026-09-09T09:56:58.880574+00:00,RECOMBOBULATOR_3000,9933534.0,10128598.9,11,1,60.23508620262146
2026-09-09T09:56:58.880574+00:00,SUMMONING_EYE,1190411.9,1291765.8,4,2,60.23508620262146
2026-09-09T09:57:59.151598+00:00,BOOSTER_COOKIE,11925772.7,12341748.3,1,3,60.27119469642639
2026-09-09T09:57:59.151598+00:00,ENCHANTED_DIAMOND,1289.1,1546.9,5776,21,60.27119469642639
2026-09-09T09:57:59.151598+00:00,ENCHANTED_DIAMOND_BLOCK,202004.0,205106.0,318,109,60.27119469642639
2026-09-09T09:57:59.151598+00:00,NULL_SPHERE,273.5,359.7,69992,763,60.27119469642639
2026-09-09T09:57:59.151598+00:00,NULL_OVOID,140001.1,168947.0,305,64,60.27119469642639
2026-09-09T09:57:59.151598+00:00,RECOMBOBULATOR_3000,9933534.0,10128598.9,11,1,60.27119469642639
2026-09-09T09:57:59.151598+00:00,SUMMONING_EYE,1190411.9,1291765.8,4,2,60.27119469642639
2026-09-09T09:58:59.426553+00:00,BOOSTER_COOKIE,11925772.7,12341748.3,1,3,60.281307220458984
2026-09-09T09:58:59.426553+00:00,ENCHANTED_DIAMOND,1289.1,1546.9,5776,21,60.281307220458984
2026-09-09T09:58:59.426553+00:00,ENCHANTED_DIAMOND_BLOCK,202004.0,205106.0,318,109,60.281307220458984
2026-09-09T09:58:59.426553+00:00,NULL_SPHERE,273.5,359.7,69992,763,60.281307220458984
2026-09-09T09:58:59.426553+00:00,NULL_OVOID,140001.1,168947.0,305,64,60.281307220458984
2026-09-09T09:58:59.426553+00:00,RECOMBOBULATOR_3000,9933534.0,10128598.9,11,1,60.281307220458984
2026-09-09T09:58:59.426553+00:00,SUMMONING_EYE,1190411.9,1291765.8,4,2,60.281307220458984
2026-09-09T09:59:59.650328+00:00,BOOSTER_COOKIE,11925772.7,12341748.3,1,3,60.216888427734375
2026-09-09T09:59:59.650328+00:00,ENCHANTED_DIAMOND,1289.1,1546.9,5776,21,60.216888427734375
2026-09-09T09:59:59.650328+00:00,ENCHANTED_DIAMOND_BLOCK,202004.0,205106.0,318,109,60.216888427734375
2026-09-09T09:59:59.650328+00:00,NULL_SPHERE,273.5,359.7,69992,763,60.216888427734375
2026-09-09T09:59:59.650328+00:00,NULL_OVOID,140001.1,168947.0,305,64,60.216888427734375
2026-09-09T09:59:59.650328+00:00,RECOMBOBULATOR_3000,9933534.0,10128598.9,11,1,60.216888427734375
2026-09-09T09:59:59.650328+00:00,SUMMONING_EYE,1190411.9,1291765.8,4,2,60.216888427734375
2026-09-09T10:00:59.868966+00:00,BOOSTER_COOKIE,11925772.8,12341749.7,5,61,60.21945333480835
2026-09-09T10:00:59.868966+00:00,ENCHANTED_DIAMOND,1289.0,1546.5,132621,1856,60.21945333480835
2026-09-09T10:00:59.868966+00:00,ENCHANTED_DIAMOND_BLOCK,202004.0,205106.1,76,76,60.21945333480835
2026-09-09T10:00:59.868966+00:00,NULL_SPHERE,273.6,359.7,43005,667,60.21945333480835
2026-09-09T10:00:59.868966+00:00,NULL_OVOID,140001.2,168947.1,32,672,60.21945333480835
2026-09-09T10:00:59.868966+00:00,RECOMBOBULATOR_3000,9933534.4,10128598.7,1,1,60.21945333480835
2026-09-09T10:00:59.868966+00:00,SUMMONING_EYE,1250000.1,1272507.1,15,17,60.21945333480835
2026-09-09T10:02:00.116445+00:00,BOOSTER_COOKIE,11925772.8,12341749.7,5,61,60.249983072280884
2026-09-09T10:02:00.116445+00:00,ENCHANTED_DIAMOND,1289.0,1546.5,132621,1856,60.249983072280884
2026-09-09T10:02:00.116445+00:00,ENCHANTED_DIAMOND_BLOCK,202004.0,205106.1,76,76,60.249983072280884
2026-09-09T10:02:00.116445+00:00,NULL_SPHERE,273.6,359.7,43005,667,60.249983072280884
2026-09-09T10:02:00.116445+00:00,NULL_OVOID,140001.2,168947.1,32,672,60.249983072280884
2026-09-09T10:02:00.116445+00:00,RECOMBOBULATOR_3000,9933534.4,10128598.7,1,1,60.249983072280884
2026-09-09T10:02:00.116445+00:00,SUMMONING_EYE,1250000.1,1272507.1,15,17,60.249983072280884
2026-09-09T10:03:00.314346+00:00,BOOSTER_COOKIE,11925772.8,12341749.7,5,61,60.19467377662659
2026-09-09T10:03:00.314346+00:00,ENCHANTED_DIAMOND,1289.0,1546.5,132621,1856,60.19467377662659
2026-09-09T10:03:00.314346+00:00,ENCHANTED_DIAMOND_BLOCK,202004.0,205106.1,76,76,60.19467377662659
2026-09-09T10:03:00.314346+00:00,NULL_SPHERE,273.6,359.7,43005,667,60.19467377662659
2026-09-09T10:03:00.314346+00:00,NULL_OVOID,140001.2,168947.1,32,672,60.19467377662659
2026-09-09T10:03:00.314346+00:00,RECOMBOBULATOR_3000,9933534.4,10128598.7,1,1,60.19467377662659
2026-09-09T10:03:00.314346+00:00,SUMMONING_EYE,1250000.1,1272507.1,15,17,60.19467377662659
2026-09-09T10:04:00.557291+00:00,BOOSTER_COOKIE,11925772.8,12341749.7,5,61,60.24980187416077
2026-09-09T10:04:00.557291+00:00,ENCHANTED_DIAMOND,1289.0,1546.5,132621,1856,60.24980187416077
2026-09-09T10:04:00.557291+00:00,ENCHANTED_DIAMOND_BLOCK,202004.0,205106.1,76,76,60.24980187416077
2026-09-09T10:04:00.557291+00:00,NULL_SPHERE,273.6,359.7,43005,667,60.24980187416077
2026-09-09T10:04:00.557291+00:00,NULL_OVOID,140001.2,168947.1,32,672,60.24980187416077
2026-09-09T10:04:00.557291+00:00,RECOMBOBULATOR_3000,9933534.4,10128598.7,1,1,60.24980187416077
2026-09-09T10:04:00.557291+00:00,SUMMONING_EYE,1250000.1,1272507.1,15,17,60.24980187416077
2026-09-09T10:05:00.803412+00:00,BOOSTER_COOKIE,11946572.7,12341749.7,1,30,60.24010896682739
2026-09-09T10:05:00.803412+00:00,ENCHANTED_DIAMOND,1289.5,1546.1,69835,448,60.24010896682739
2026-09-09T10:05:00.803412+00:00,ENCHANTED_DIAMOND_BLOCK,202003.3,205106.2,12,3,60.24010896682739
2026-09-09T10:05:00.803412+00:00,NULL_SPHERE,273.9,360.0,114,480303,60.24010896682739
2026-09-09T10:05:00.803412+00:00,NULL_OVOID,140001.2,168947.1,32,591,60.24010896682739
2026-09-09T10:05:00.803412+00:00,RECOMBOBULATOR_3000,9943287.6,10128597.6,5,2,60.24010896682739
2026-09-09T10:05:00.803412+00:00,SUMMONING_EYE,1250000.5,1272507.9,3,4,60.24010896682739
2026-09-09T10:06:01.028182+00:00,BOOSTER_COOKIE,11946573.1,12341749.7,5,28,60.22448778152466
2026-09-09T10:06:01.028182+00:00,ENCHANTED_DIAMOND,1289.7,1545.8,16066,115,60.22448778152466
2026-09-09T10:06:01.028182+00:00,ENCHANTED_DIAMOND_BLOCK,202003.2,205106.8,844,549,60.22448778152466
2026-09-09T10:06:01.028182+00:00,NULL_SPHERE,274.1,360.0,114,480303,60.22448778152466
2026-09-09T10:06:01.028182+00:00,NULL_OVOID,140001.2,168947.0,32,312,60.22448778152466
2026-09-09T10:06:01.028182+00:00,RECOMBOBULATOR_3000,9943287.6,10128597.0,4,5,60.22448778152466
2026-09-09T10:06:01.028182+00:00,SUMMONING_EYE,1250000.4,1281629.8,27,7,60.22448778152466
2026-09-09T10:07:01.262617+00:00,BOOSTER_COOKIE,11946573.2,12341749.6,5,6,60.234872341156006
2026-09-09T10:07:01.262617+00:00,ENCHANTED_DIAMOND,1289.9,1545.8,14594,115,60.234872341156006
2026-09-09T10:07:01.262617+00:00,ENCHANTED_DIAMOND_BLOCK,202003.2,205106.8,19,549,60.234872341156006
2026-09-09T10:07:01.262617+00:00,NULL_SPHERE,274.3,360.0,22986,480303,60.234872341156006
2026-09-09T10:07:01.262617+00:00,NULL_OVOID,140001.2,168947.0,32,903,60.234872341156006
2026-09-09T10:07:01.262617+00:00,RECOMBOBULATOR_3000,9943287.5,10128596.6,25,2,60.234872341156006
2026-09-09T10:07:01.262617+00:00,SUMMONING_EYE,1250000.5,1291765.6,3,2,60.234872341156006
2026-09-09T10:08:01.494596+00:00,BOOSTER_COOKIE,11946573.7,12341749.6,13,1,60.23441553115845
2026-09-09T10:08:01.494596+00:00,ENCHANTED_DIAMOND,1289.9,1545.8,14241,99,60.23441553115845
2026-09-09T10:08:01.494596+00:00,ENCHANTED_DIAMOND_BLOCK,202003.0,205106.6,412,6,60.23441553115845
2026-09-09T10:08:01.494596+00:00,NULL_SPHERE,274.3,360.0,21440,480194,60.23441553115845
2026-09-09T10:08:01.494596+00:00,NULL_OVOID,140001.2,168947.0,32,903,60.23441553115845
2026-09-09T10:08:01.494596+00:00,RECOMBOBULATOR_3000,9943287.5,10128596.1,24,5,60.23441553115845
2026-09-09T10:08:01.494596+00:00,SUMMONING_EYE,1250000.6,1291772.1,57,3,60.23441553115845
2026-09-09T10:09:01.748707+00:00,BOOSTER_COOKIE,11946573.9,12341749.6,9,2,60.251056432724
2026-09-09T10:09:01.748707+00:00,ENCHANTED_DIAMOND,1290.3,1545.9,74148,755,60.251056432724
2026-09-09T10:09:01.748707+00:00,ENCHANTED_DIAMOND_BLOCK,202003.0,205106.5,291,10,60.251056432724
2026-09-09T10:09:01.748707+00:00,NULL_SPHERE,274.3,359.9,21435,18,60.251056432724
2026-09-09T10:09:01.748707+00:00,NULL_OVOID,140001.2,168946.8,32,1,60.251056432724
2026-09-09T10:09:01.748707+00:00,RECOMBOBULATOR_3000,9943287.5,10128595.6,22,1,60.251056432724
2026-09-09T10:09:01.748707+00:00,SUMMONING_EYE,1250000.6,1291773.9,48,1,60.251056432724
2026-09-09T10:10:01.985330+00:00,BOOSTER_COOKIE,11966333.2,12341749.7,5,3,60.237295389175415
2026-09-09T10:10:01.985330+00:00,ENCHANTED_DIAMOND,1290.3,1545.9,69029,589,60.237295389175415
2026-09-09T10:10:01.985330+00:00,ENCHANTED_DIAMOND_BLOCK,202000.0,205106.4,3859,2,60.237295389175415
2026-09-09T10:10:01.985330+00:00,NULL_SPHERE,274.3,359.9,21392,18,60.237295389175415
2026-09-09T10:10:01.985330+00:00,NULL_OVOID,140001.1,168946.8,282,1,60.237295389175415
2026-09-09T10:10:01.985330+00:00,RECOMBOBULATOR_3000,9943287.5,10128595.6,21,2,60.237295389175415
2026-09-09T10:10:01.985330+00:00,SUMMONING_EYE,1250000.6,1291774.0,44,3,60.237295389175415
2026-09-09T10:11:02.251636+00:00,BOOSTER_COOKIE,11966333.4,12341749.8,1,36,60.275070905685425
2026-09-09T10:11:02.251636+00:00,ENCHANTED_DIAMOND,1290.7,1545.8,24534,1856,60.275070905685425
2026-09-09T10:11:02.251636+00:00,ENCHANTED_DIAMOND_BLOCK,202000.0,205106.2,3804,112,60.275070905685425
2026-09-09T10:11:02.251636+00:00,NULL_SPHERE,274.4,359.9,41557,18,60.275070905685425
2026-09-09T10:11:02.251636+00:00,NULL_OVOID,140001.1,168946.8,282,1,60.275070905685425
2026-09-09T10:11:02.251636+00:00,RECOMBOBULATOR_3000,9943287.5,10128595.1,20,3,60.275070905685425
2026-09-09T10:11:02.251636+00:00,SUMMONING_EYE,1250000.6,1291774.2,39,15,60.275070905685425
2026-09-09T10:12:02.486041+00:00,BOOSTER_COOKIE,11966333.9,12341749.8,10,29,60.22520327568054
2026-09-09T10:12:02.486041+00:00,ENCHANTED_DIAMOND,1290.8,1548.7,5251,832,60.22520327568054
2026-09-09T10:12:02.486041+00:00,ENCHANTED_DIAMOND_BLOCK,202000.0,205106.1,3752,37,60.22520327568054
2026-09-09T10:12:02.486041+00:00,NULL_SPHERE,274.5,360.0,19908,480180,60.22520327568054
2026-09-09T10:12:02.486041+00:00,NULL_OVOID,140001.1,168946.8,282,1,60.22520327568054
2026-09-09T10:12:02.486041+00:00,RECOMBOBULATOR_3000,9943287.6,10128594.9,2,1,60.22520327568054
2026-09-09T10:12:02.486041+00:00,SUMMONING_EYE,1250000.6,1291776.9,34,4,60.22520327568054
2026-09-09T10:13:02.815693+00:00,BOOSTER_COOKIE,11966334.1,12341749.7,13,23,60.33131694793701
2026-09-09T10:13:02.815693+00:00,ENCHANTED_DIAMOND,1291.1,1549.6,4189,1397,60.33131694793701
2026-09-09T10:13:02.815693+00:00,ENCHANTED_DIAMOND_BLOCK,202000.0,205106.0,3670,212,60.33131694793701
2026-09-09T10:13:02.815693+00:00,NULL_SPHERE,274.5,360.0,17639,480180,60.33131694793701
2026-09-09T10:13:02.815693+00:00,NULL_OVOID,140001.1,168946.9,281,500,60.33131694793701
2026-09-09T10:13:02.815693+00:00,RECOMBOBULATOR_3000,9943287.7,10128594.9,5,4,60.33131694793701
2026-09-09T10:13:02.815693+00:00,SUMMONING_EYE,1250000.7,1309979.0,3,167,60.33131694793701
2026-09-09T10:14:03.093987+00:00,BOOSTER_COOKIE,11966334.8,12304208.3,12,16,60.27732753753662
2026-09-09T10:14:03.093987+00:00,ENCHANTED_DIAMOND,1291.4,1549.4,1217,724,60.27732753753662
2026-09-09T10:14:03.093987+00:00,ENCHANTED_DIAMOND_BLOCK,202000.0,205105.9,3670,56,60.27732753753662
2026-09-09T10:14:03.093987+00:00,NULL_SPHERE,274.5,360.0,17637,480180,60.27732753753662
2026-09-09T10:14:03.093987+00:00,NULL_OVOID,140001.1,168946.9,281,500,60.27732753753662
2026-09-09T10:14:03.093987+00:00,RECOMBOBULATOR_3000,9943287.5,10128594.4,15,1,60.27732753753662
2026-09-09T10:14:03.093987+00:00,SUMMONING_EYE,1250000.7,1309978.9,2,3,60.27732753753662
2026-09-09T10:15:03.352362+00:00,BOOSTER_COOKIE,11966335.2,12304208.3,8,8,60.25721788406372
2026-09-09T10:15:03.352362+00:00,ENCHANTED_DIAMOND,1291.6,1549.5,796,532,60.25721788406372
2026-09-09T10:15:03.352362+00:00,ENCHANTED_DIAMOND_BLOCK,202000.1,205105.8,100,218,60.25721788406372
2026-09-09T10:15:03.352362+00:00,NULL_SPHERE,274.7,360.0,41028,480180,60.25721788406372
2026-09-09T10:15:03.352362+00:00,NULL_OVOID,140001.1,168946.9,281,500,60.25721788406372
2026-09-09T10:15:03.352362+00:00,RECOMBOBULATOR_3000,9943287.5,10128594.2,11,3,60.25721788406372
2026-09-09T10:15:03.352362+00:00,SUMMONING_EYE,1250001.1,1309978.8,7,2,60.25721788406372
2026-09-09T10:16:03.600083+00:00,BOOSTER_COOKIE,11966335.5,12304208.3,12,2,60.25081920623779
2026-09-09T10:16:03.600083+00:00,ENCHANTED_DIAMOND,1291.8,1549.2,1515,185,60.25081920623779
2026-09-09T10:16:03.600083+00:00,ENCHANTED_DIAMOND_BLOCK,202000.0,204794.9,3411,70,60.25081920623779
2026-09-09T10:16:03.600083+00:00,NULL_SPHERE,274.8,360.0,15848,480180,60.25081920623779
2026-09-09T10:16:03.600083+00:00,NULL_OVOID,140001.1,168946.9,281,500,60.25081920623779
2026-09-09T10:16:03.600083+00:00,RECOMBOBULATOR_3000,9943287.5,10128594.0,10,4,60.25081920623779
2026-09-09T10:16:03.600083+00:00,SUMMONING_EYE,1250001.3,1309978.9,7,1,60.25081920623779
2026-09-09T10:17:03.849154+00:00,BOOSTER_COOKIE,11966335.9,12304208.2,13,21,60.246373653411865
2026-09-09T10:17:03.849154+00:00,ENCHANTED_DIAMOND,1292.1,1549.0,10860,910,60.246373653411865
2026-09-09T10:17:03.849154+00:00,ENCHANTED_DIAMOND_BLOCK,202000.1,204794.9,128,51,60.246373653411865
2026-09-09T10:17:03.849154+00:00,NULL_SPHERE,275.1,360.0,15810,480180,60.246373653411865
2026-09-09T10:17:03.849154+00:00,NULL_OVOID,140001.1,168946.9,281,500,60.246373653411865
2026-09-09T10:17:03.849154+00:00,RECOMBOBULATOR_3000,9943287.5,10128593.6,9,1,60.246373653411865
2026-09-09T10:17:03.849154+00:00,SUMMONING_EYE,1250001.6,1309978.9,3,1,60.246373653411865
2026-09-09T10:18:04.078798+00:00,BOOSTER_COOKIE,11983229.7,12304208.2,14,10,60.231032371520996
2026-09-09T10:18:04.078798+00:00,ENCHANTED_DIAMOND,1292.2,1548.7,21416,1652,60.231032371520996
2026-09-09T10:18:04.078798+00:00,ENCHANTED_DIAMOND_BLOCK,202000.2,204515.3,880,49,60.231032371520996
2026-09-09T10:18:04.078798+00:00,NULL_SPHERE,274.9,360.0,68387,480180,60.231032371520996
2026-09-09T10:18:04.078798+00:00,NULL_OVOID,140001.1,168946.9,281,500,60.231032371520996
2026-09-09T10:18:04.078798+00:00,RECOMBOBULATOR_3000,9943287.5,10128593.5,5,2,60.231032371520996
2026-09-09T10:18:04.078798+00:00,SUMMONING_EYE,1250001.7,1309979.0,3,126,60.231032371520996
2026-09-09T10:19:04.339189+00:00,BOOSTER_COOKIE,11983230.0,12341749.8,1,18,60.25899863243103
2026-09-09T10:19:04.339189+00:00,ENCHANTED_DIAMOND,1292.4,1548.9,39456,200,60.25899863243103
2026-09-09T10:19:04.339189+00:00,ENCHANTED_DIAMOND_BLOCK,202000.2,204515.1,807,1,60.25899863243103
2026-09-09T10:19:04.339189+00:00,NULL_SPHERE,274.9,360.0,68224,475828,60.25899863243103
2026-09-09T10:19:04.339189+00:00,NULL_OVOID,140001.2,168946.9,12,500,60.25899863243103
2026-09-09T10:19:04.339189+00:00,RECOMBOBULATOR_3000,9943287.5,10128593.1,3,1,60.25899863243103
2026-09-09T10:19:04.339189+00:00,SUMMONING_EYE,1250001.5,1309979.0,6,120,60.25899863243103
2026-09-09T10:20:04.578525+00:00,BOOSTER_COOKIE,11983230.5,12341749.7,1,32,60.23977541923523
2026-09-09T10:20:04.578525+00:00,ENCHANTED_DIAMOND,1292.6,1549.2,26080,1408,60.23977541923523
2026-09-09T10:20:04.578525+00:00,ENCHANTED_DIAMOND_BLOCK,202000.2,204515.0,755,329,60.23977541923523
2026-09-09T10:20:04.578525+00:00,NULL_SPHERE,274.9,360.0,51990,467380,60.23977541923523
2026-09-09T10:20:04.578525+00:00,NULL_OVOID,140001.2,168946.6,12,19,60.23977541923523
2026-09-09T10:20:04.578525+00:00,RECOMBOBULATOR_3000,9943287.6,10128593.0,1,17,60.23977541923523
2026-09-09T10:20:04.578525+00:00,SUMMONING_EYE,1250001.7,1309978.9,6,2,60.23977541923523
2026-09-09T10:21:04.863488+00:00,BOOSTER_COOKIE,11983230.6,12341749.7,1,40,60.28098654747009
2026-09-09T10:21:04.863488+00:00,ENCHANTED_DIAMOND,1292.9,1549.0,1158,789,60.28098654747009
2026-09-09T10:21:04.863488+00:00,ENCHANTED_DIAMOND_BLOCK,202000.2,204514.9,706,29,60.28098654747009
2026-09-09T10:21:04.863488+00:00,NULL_SPHERE,274.9,360.0,51812,464948,60.28098654747009
2026-09-09T10:21:04.863488+00:00,NULL_OVOID,140001.2,168946.5,12,500,60.28098654747009
2026-09-09T10:21:04.863488+00:00,RECOMBOBULATOR_3000,9943287.7,10128593.0,9,16,60.28098654747009
2026-09-09T10:21:04.863488+00:00,SUMMONING_EYE,1250001.7,1309979.0,5,88,60.28098654747009
2026-09-09T10:22:05.113018+00:00,BOOSTER_COOKIE,11983230.9,12341749.6,5,4,60.25107502937317
2026-09-09T10:22:05.113018+00:00,ENCHANTED_DIAMOND,1305.9,1548.7,694,900,60.25107502937317
2026-09-09T10:22:05.113018+00:00,ENCHANTED_DIAMOND_BLOCK,202000.2,204514.9,659,10,60.25107502937317
2026-09-09T10:22:05.113018+00:00,NULL_SPHERE,275.1,360.0,2240,464916,60.25107502937317
2026-09-09T10:22:05.113018+00:00,NULL_OVOID,140001.3,168946.5,32,500,60.25107502937317
2026-09-09T10:22:05.113018+00:00,RECOMBOBULATOR_3000,9943287.7,10128592.8,9,2,60.25107502937317
2026-09-09T10:22:05.113018+00:00,SUMMONING_EYE,1250001.9,1309979.0,2,85,60.25107502937317
2026-09-09T10:23:05.347161+00:00,BOOSTER_COOKIE,11983231.2,12341749.6,1,7,60.23940181732178
2026-09-09T10:23:05.347161+00:00,ENCHANTED_DIAMOND,1293.0,1548.9,14406,1072,60.23940181732178
2026-09-09T10:23:05.347161+00:00,ENCHANTED_DIAMOND_BLOCK,202000.3,204515.0,114,254,60.23940181732178
2026-09-09T10:23:05.347161+00:00,NULL_SPHERE,275.1,359.9,2224,2034,60.23940181732178
2026-09-09T10:23:05.347161+00:00,NULL_OVOID,140001.3,168946.4,32,46,60.23940181732178
2026-09-09T10:23:05.347161+00:00,RECOMBOBULATOR_3000,9943287.7,10128593.0,6,13,60.23940181732178
2026-09-09T10:23:05.347161+00:00,SUMMONING_EYE,1250002.2,1309978.8,6,4,60.23940181732178
2026-09-09T10:24:05.593697+00:00,BOOSTER_COOKIE,11983231.5,12341749.3,5,2,60.242459297180176
2026-09-09T10:24:05.593697+00:00,ENCHANTED_DIAMOND,1300.0,1549.2,23646,644,60.242459297180176
2026-09-09T10:24:05.593697+00:00,ENCHANTED_DIAMOND_BLOCK,202000.4,204999.9,2333,20,60.242459297180176
2026-09-09T10:24:05.593697+00:00,NULL_SPHERE,275.2,359.8,2144,3,60.242459297180176
2026-09-09T10:24:05.593697+00:00,NULL_OVOID,140001.3,168946.4,31,46,60.242459297180176
2026-09-09T10:24:05.593697+00:00,RECOMBOBULATOR_3000,9943287.8,10128593.0,1,1,60.242459297180176
2026-09-09T10:24:05.593697+00:00,SUMMONING_EYE,1250002.5,1309978.6,2,4,60.242459297180176
2026-09-09T10:25:05.827642+00:00,BOOSTER_COOKIE,11983231.7,12341749.3,1,5,60.236483573913574
2026-09-09T10:25:05.827642+00:00,ENCHANTED_DIAMOND,1350.1,1549.0,1277,644,60.236483573913574
2026-09-09T10:25:05.827642+00:00,ENCHANTED_DIAMOND_BLOCK,202000.4,205106.6,2322,2,60.236483573913574
2026-09-09T10:25:05.827642+00:00,NULL_SPHERE,275.2,359.8,853,3,60.236483573913574
2026-09-09T10:25:05.827642+00:00,NULL_OVOID,140001.3,168946.4,31,46,60.236483573913574
2026-09-09T10:25:05.827642+00:00,RECOMBOBULATOR_3000,9943287.8,10128593.0,5,1,60.236483573913574
2026-09-09T10:25:05.827642+00:00,SUMMONING_EYE,1250002.5,1309978.9,1,3,60.236483573913574
2026-09-09T10:26:06.062280+00:00,BOOSTER_COOKIE,11983232.1,12341749.5,6,27,60.23348331451416
2026-09-09T10:26:06.062280+00:00,ENCHANTED_DIAMOND,1300.3,1549.4,545,1408,60.23348331451416
2026-09-09T10:26:06.062280+00:00,ENCHANTED_DIAMOND_BLOCK,202000.4,205106.7,561,78,60.23348331451416
2026-09-09T10:26:06.062280+00:00,NULL_SPHERE,275.2,359.7,2240,1664,60.23348331451416
2026-09-09T10:26:06.062280+00:00,NULL_OVOID,140001.4,168946.3,12,1,60.23348331451416
2026-09-09T10:26:06.062280+00:00,RECOMBOBULATOR_3000,9943287.7,10128592.6,6,5,60.23348331451416
2026-09-09T10:26:06.062280+00:00,SUMMONING_EYE,1250002.8,1309978.7,3,14,60.23348331451416
2026-09-09T10:27:06.312689+00:00,BOOSTER_COOKIE,11983232.5,12341749.6,1,1,60.25233721733093
2026-09-09T10:27:06.312689+00:00,ENCHANTED_DIAMOND,1300.3,1549.9,60,79200,60.25233721733093
2026-09-09T10:27:06.312689+00:00,ENCHANTED_DIAMOND_BLOCK,202000.4,205106.8,502,433,60.25233721733093
2026-09-09T10:27:06.312689+00:00,NULL_SPHERE,275.4,359.6,2240,1400,60.25233721733093
2026-09-09T10:27:06.312689+00:00,NULL_OVOID,140001.5,168946.2,31,12,60.25233721733093
2026-09-09T10:27:06.312689+00:00,RECOMBOBULATOR_3000,9912457.9,10128592.4,13,1,60.25233721733093
2026-09-09T10:27:06.312689+00:00,SUMMONING_EYE,1250002.8,1309979.0,3,59,60.25233721733093
2026-09-09T10:28:06.575530+00:00,BOOSTER_COOKIE,11983232.6,12341749.7,1,12,60.25959396362305
2026-09-09T10:28:06.575530+00:00,ENCHANTED_DIAMOND,1300.5,1549.9,10054,69314,60.25959396362305
2026-09-09T10:28:06.575530+00:00,ENCHANTED_DIAMOND_BLOCK,202000.4,205106.8,430,121,60.25959396362305
2026-09-09T10:28:06.575530+00:00,NULL_SPHERE,275.4,359.6,1400,1400,60.25959396362305
2026-09-09T10:28:06.575530+00:00,NULL_OVOID,140001.5,168946.2,31,4,60.25959396362305
2026-09-09T10:28:06.575530+00:00,RECOMBOBULATOR_3000,9912458.0,10128592.4,1,2,60.25959396362305
2026-09-09T10:28:06.575530+00:00,SUMMONING_EYE,1250003.0,1309978.9,4,2,60.25959396362305
2026-09-09T10:29:06.835546+00:00,BOOSTER_COOKIE,11983232.9,12341749.4,1,24,60.25984811782837
2026-09-09T10:29:06.835546+00:00,ENCHANTED_DIAMOND,1300.8,1549.6,9233,32,60.25984811782837
2026-09-09T10:29:06.835546+00:00,ENCHANTED_DIAMOND_BLOCK,202000.4,205616.4,331,35,60.25984811782837
2026-09-09T10:29:06.835546+00:00,NULL_SPHERE,275.3,359.9,27256,2056,60.25984811782837
2026-09-09T10:29:06.835546+00:00,NULL_OVOID,140001.5,168946.1,31,160,60.25984811782837
2026-09-09T10:29:06.835546+00:00,RECOMBOBULATOR_3000,9912457.9,10128592.0,13,1,60.25984811782837
2026-09-09T10:29:06.835546+00:00,SUMMONING_EYE,1250003.0,1309978.8,4,2,60.25984811782837
2026-09-09T10:30:07.113728+00:00,BOOSTER_COOKIE,12018188.3,12341748.9,1,20,60.2803316116333
2026-09-09T10:30:07.113728+00:00,ENCHANTED_DIAMOND,1301.0,1549.7,8982,2240,60.2803316116333
2026-09-09T10:30:07.113728+00:00,ENCHANTED_DIAMOND_BLOCK,202000.5,205616.3,16,168,60.2803316116333
2026-09-09T10:30:07.113728+00:00,NULL_SPHERE,275.3,359.9,26593,2056,60.2803316116333
2026-09-09T10:30:07.113728+00:00,NULL_OVOID,140001.5,168945.9,31,404,60.2803316116333
2026-09-09T10:30:07.113728+00:00,RECOMBOBULATOR_3000,9912457.9,10128591.6,13,1,60.2803316116333
2026-09-09T10:30:07.113728+00:00,SUMMONING_EYE,1250003.0,1309979.0,4,32,60.2803316116333
2026-09-09T10:31:07.346417+00:00,BOOSTER_COOKIE,12018188.9,12341748.9,1,9,60.235764265060425
2026-09-09T10:31:07.346417+00:00,ENCHANTED_DIAMOND,1301.2,1549.3,8463,170,60.235764265060425
2026-09-09T10:31:07.346417+00:00,ENCHANTED_DIAMOND_BLOCK,202000.4,205616.1,307,234,60.235764265060425
2026-09-09T10:31:07.346417+00:00,NULL_SPHERE,275.3,359.7,21295,1920,60.235764265060425
2026-09-09T10:31:07.346417+00:00,NULL_OVOID,140001.6,168945.7,32,116,60.235764265060425
2026-09-09T10:31:07.346417+00:00,RECOMBOBULATOR_3000,9912458.0,10128591.3,8,1,60.235764265060425
2026-09-09T10:31:07.346417+00:00,SUMMONING_EYE,1250002.6,1309978.8,20,4,60.235764265060425
2026-09-09T10:32:07.615030+00:00,BOOSTER_COOKIE,12018189.3,12341748.9,5,3,60.262917041778564
2026-09-09T10:32:07.615030+00:00,ENCHANTED_DIAMOND,1301.3,1548.9,4328,496,60.262917041778564
2026-09-09T10:32:07.615030+00:00,ENCHANTED_DIAMOND_BLOCK,202000.4,205616.0,2161,303,60.262917041778564
2026-09-09T10:32:07.615030+00:00,NULL_SPHERE,275.5,359.7,15584,1920,60.262917041778564
2026-09-09T10:32:07.615030+00:00,NULL_OVOID,140001.6,168945.9,32,324,60.262917041778564
2026-09-09T10:32:07.615030+00:00,RECOMBOBULATOR_3000,9912458.0,10128590.9,7,1,60.262917041778564
2026-09-09T10:32:07.615030+00:00,SUMMONING_EYE,1250002.6,1309978.9,16,1,60.262917041778564
2026-09-09T10:33:07.860605+00:00,BOOSTER_COOKIE,12018189.6,12341748.9,1,1,60.24549603462219
2026-09-09T10:33:07.860605+00:00,ENCHANTED_DIAMOND,1301.6,1548.7,9172,135,60.24549603462219
2026-09-09T10:33:07.860605+00:00,ENCHANTED_DIAMOND_BLOCK,202000.5,205616.2,1154,1544,60.24549603462219
2026-09-09T10:33:07.860605+00:00,NULL_SPHERE,275.7,359.7,19906,1920,60.24549603462219
2026-09-09T10:33:07.860605+00:00,NULL_OVOID,140001.7,168945.9,31,324,60.24549603462219
2026-09-09T10:33:07.860605+00:00,RECOMBOBULATOR_3000,9912458.0,10128591.2,7,1,60.24549603462219
2026-09-09T10:33:07.860605+00:00,SUMMONING_EYE,1250002.6,1309978.8,15,4,60.24549603462219
2026-09-09T10:34:08.167349+00:00,BOOSTER_COOKIE,12018190.0,12341748.7,10,1,60.30845594406128
2026-09-09T10:34:08.167349+00:00,ENCHANTED_DIAMOND,1301.7,1548.6,3310,496,60.30845594406128
2026-09-09T10:34:08.167349+00:00,ENCHANTED_DIAMOND_BLOCK,202000.5,205616.2,1154,1544,60.30845594406128
2026-09-09T10:34:08.167349+00:00,NULL_SPHERE,275.8,359.6,681,1352,60.30845594406128
2026-09-09T10:34:08.167349+00:00,NULL_OVOID,140001.7,168945.9,31,324,60.30845594406128
2026-09-09T10:34:08.167349+00:00,RECOMBOBULATOR_3000,9912458.2,10128591.3,4,2,60.30845594406128
2026-09-09T10:34:08.167349+00:00,SUMMONING_EYE,1250002.7,1309978.8,4,4,60.30845594406128
2026-09-09T10:35:08.445431+00:00,BOOSTER_COOKIE,12018190.8,12341748.8,1,11,60.28142237663269
2026-09-09T10:35:08.445431+00:00,ENCHANTED_DIAMOND,1302.0,1548.4,11004,560,60.28142237663269
2026-09-09T10:35:08.445431+00:00,ENCHANTED_DIAMOND_BLOCK,202000.6,205616.2,14,1532,60.28142237663269
2026-09-09T10:35:08.445431+00:00,NULL_SPHERE,275.7,359.4,16969,1600,60.28142237663269
2026-09-09T10:35:08.445431+00:00,NULL_OVOID,140001.8,168945.8,32,2589,60.28142237663269
2026-09-09T10:35:08.445431+00:00,RECOMBOBULATOR_3000,9912458.2,10128591.2,3,2,60.28142237663269
2026-09-09T10:35:08.445431+00:00,SUMMONING_EYE,1250003.0,1309987.6,32,5,60.28142237663269
2026-09-09T10:36:08.719291+00:00,BOOSTER_COOKIE,12018191.3,12341748.8,17,8,60.2715265750885
2026-09-09T10:36:08.719291+00:00,ENCHANTED_DIAMOND,1302.3,1548.3,1068,67,60.2715265750885
2026-09-09T10:36:08.719291+00:00,ENCHANTED_DIAMOND_BLOCK,202000.8,205616.1,1019,111,60.2715265750885
2026-09-09T10:36:08.719291+00:00,NULL_SPHERE,275.7,359.4,16341,1600,60.2715265750885
2026-09-09T10:36:08.719291+00:00,NULL_OVOID,140001.8,168945.7,32,46,60.2715265750885
2026-09-09T10:36:08.719291+00:00,RECOMBOBULATOR_3000,9912458.2,10128591.1,2,1,60.2715265750885
2026-09-09T10:36:08.719291+00:00,SUMMONING_EYE,1250003.1,1309991.3,4,176,60.2715265750885
2026-09-09T10:37:08.980824+00:00,BOOSTER_COOKIE,12018191.9,12341748.7,5,16,60.26007294654846
2026-09-09T10:37:08.980824+00:00,ENCHANTED_DIAMOND,1302.3,1548.1,1004,116,60.26007294654846
2026-09-09T10:37:08.980824+00:00,ENCHANTED_DIAMOND_BLOCK,202000.8,205616.0,1004,34,60.26007294654846
2026-09-09T10:37:08.980824+00:00,NULL_SPHERE,275.7,359.2,16341,3968,60.26007294654846
2026-09-09T10:37:08.980824+00:00,NULL_OVOID,140001.8,168945.7,32,46,60.26007294654846
2026-09-09T10:37:08.980824+00:00,RECOMBOBULATOR_3000,9912458.3,10128591.1,2,2,60.26007294654846
2026-09-09T10:37:08.980824+00:00,SUMMONING_EYE,1250003.1,1309991.1,2,17,60.26007294654846
2026-09-09T10:38:09.251074+00:00,BOOSTER_COOKIE,12018192.0,12341748.6,5,22,60.27040958404541
2026-09-09T10:38:09.251074+00:00,ENCHANTED_DIAMOND,1302.2,1548.1,7793,116,60.27040958404541
2026-09-09T10:38:09.251074+00:00,ENCHANTED_DIAMOND_BLOCK,202000.8,205616.1,995,92,60.27040958404541
2026-09-09T10:38:09.251074+00:00,NULL_SPHERE,275.7,359.2,15365,3968,60.27040958404541
2026-09-09T10:38:09.251074+00:00,NULL_OVOID,140001.8,168945.7,32,46,60.27040958404541
2026-09-09T10:38:09.251074+00:00,RECOMBOBULATOR_3000,9912458.2,10128590.8,5,5,60.27040958404541
2026-09-09T10:38:09.251074+00:00,SUMMONING_EYE,1250003.1,1309991.0,4,4,60.27040958404541
2026-09-09T10:39:09.502927+00:00,BOOSTER_COOKIE,12018192.3,12341748.6,8,24,60.25393509864807
2026-09-09T10:39:09.502927+00:00,ENCHANTED_DIAMOND,1302.3,1548.0,9084,70,60.25393509864807
2026-09-09T10:39:09.502927+00:00,ENCHANTED_DIAMOND_BLOCK,202000.8,205616.0,745,45,60.25393509864807
2026-09-09T10:39:09.502927+00:00,NULL_SPHERE,275.7,359.2,8553,3968,60.25393509864807
2026-09-09T10:39:09.502927+00:00,NULL_OVOID,140001.8,168945.7,32,46,60.25393509864807
2026-09-09T10:39:09.502927+00:00,RECOMBOBULATOR_3000,9912458.4,10128590.9,1,2,60.25393509864807
2026-09-09T10:39:09.502927+00:00,SUMMONING_EYE,1250003.1,1309991.1,1,4,60.25393509864807
2026-09-09T10:40:09.725082+00:00,BOOSTER_COOKIE,12018192.7,12341748.5,1,30,60.22169613838196
2026-09-09T10:40:09.725082+00:00,ENCHANTED_DIAMOND,1302.3,1547.9,7730,484,60.22169613838196
2026-09-09T10:40:09.725082+00:00,ENCHANTED_DIAMOND_BLOCK,202000.9,205616.0,307,37,60.22169613838196
2026-09-09T10:40:09.725082+00:00,NULL_SPHERE,275.8,359.2,14762,3968,60.22169613838196
2026-09-09T10:40:09.725082+00:00,NULL_OVOID,140001.8,168945.7,32,40,60.22169613838196
2026-09-09T10:40:09.725082+00:00,RECOMBOBULATOR_3000,9912458.4,10128590.3,4,1,60.22169613838196
2026-09-09T10:40:09.725082+00:00,SUMMONING_EYE,1250003.1,1309991.3,4,175,60.22169613838196
2026-09-09T10:41:09.971140+00:00,BOOSTER_COOKIE,12050000.3,12341748.5,8,25,60.24423837661743
2026-09-09T10:41:09.971140+00:00,ENCHANTED_DIAMOND,1302.4,1547.5,387,67,60.24423837661743
2026-09-09T10:41:09.971140+00:00,ENCHANTED_DIAMOND_BLOCK,202000.9,205615.9,283,3,60.24423837661743
2026-09-09T10:41:09.971140+00:00,NULL_SPHERE,275.8,359.2,13223,3968,60.24423837661743
2026-09-09T10:41:09.971140+00:00,NULL_OVOID,140001.7,168945.7,31,28,60.24423837661743
2026-09-09T10:41:09.971140+00:00,RECOMBOBULATOR_3000,9912458.2,10128590.1,3,1,60.24423837661743
2026-09-09T10:41:09.971140+00:00,SUMMONING_EYE,1250003.0,1309991.2,249,4,60.24423837661743
2026-09-09T10:42:10.216618+00:00,BOOSTER_COOKIE,12050000.7,12341748.4,1,5,60.2470486164093
2026-09-09T10:42:10.216618+00:00,ENCHANTED_DIAMOND,1302.3,1548.4,938,274,60.2470486164093
2026-09-09T10:42:10.216618+00:00,ENCHANTED_DIAMOND_BLOCK,202000.9,205616.0,238,26,60.2470486164093
2026-09-09T10:42:10.216618+00:00,NULL_SPHERE,276.1,359.2,51560,3968,60.2470486164093
2026-09-09T10:42:10.216618+00:00,NULL_OVOID,140001.7,168945.7,31,28,60.2470486164093
2026-09-09T10:42:10.216618+00:00,RECOMBOBULATOR_3000,9912458.0,10128589.9,3,5,60.2470486164093
2026-09-09T10:42:10.216618+00:00,SUMMONING_EYE,1250003.0,1309991.3,249,159,60.2470486164093
2026-09-09T10:43:10.457453+00:00,BOOSTER_COOKIE,12064588.4,12341748.1,155,5,60.241135597229004
2026-09-09T10:43:10.457453+00:00,ENCHANTED_DIAMOND,1302.4,1549.3,604,1275,60.241135597229004
2026-09-09T10:43:10.457453+00:00,ENCHANTED_DIAMOND_BLOCK,202000.9,205615.9,197,84,60.241135597229004
2026-09-09T10:43:10.457453+00:00,NULL_SPHERE,276.3,359.2,13223,3968,60.241135597229004
2026-09-09T10:43:10.457453+00:00,NULL_OVOID,140001.7,168945.8,31,2585,60.241135597229004
2026-09-09T10:43:10.457453+00:00,RECOMBOBULATOR_3000,9912458.0,10128589.3,1,1,60.241135597229004
2026-09-09T10:43:10.457453+00:00,SUMMONING_EYE,1250003.1,1309991.3,5,158,60.241135597229004
2026-09-09T10:44:10.720558+00:00,BOOSTER_COOKIE,12064588.5,12341748.2,2,4,60.26254606246948
2026-09-09T10:44:10.720558+00:00,ENCHANTED_DIAMOND,1302.4,1549.3,1676,1664,60.26254606246948
2026-09-09T10:44:10.720558+00:00,ENCHANTED_DIAMOND_BLOCK,202000.8,205615.9,688,84,60.26254606246948
2026-09-09T10:44:10.720558+00:00,NULL_SPHERE,276.6,359.2,3401,3968,60.26254606246948
2026-09-09T10:44:10.720558+00:00,NULL_OVOID,140001.7,168945.8,31,2585,60.26254606246948
2026-09-09T10:44:10.720558+00:00,RECOMBOBULATOR_3000,9912458.2,10128589.0,2,1,60.26254606246948
2026-09-09T10:44:10.720558+00:00,SUMMONING_EYE,1250003.1,1309991.2,5,2,60.26254606246948
2026-09-09T10:45:10.983331+00:00,BOOSTER_COOKIE,12064588.7,12341748.5,1,22,60.260629653930664
2026-09-09T10:45:10.983331+00:00,ENCHANTED_DIAMOND,1302.6,1549.1,1770,1664,60.260629653930664
2026-09-09T10:45:10.983331+00:00,ENCHANTED_DIAMOND_BLOCK,202001.0,205615.8,190,97,60.260629653930664
2026-09-09T10:45:10.983331+00:00,NULL_SPHERE,276.8,359.2,3393,3968,60.260629653930664
2026-09-09T10:45:10.983331+00:00,NULL_OVOID,140001.7,168945.8,23,2585,60.260629653930664
2026-09-09T10:45:10.983331+00:00,RECOMBOBULATOR_3000,9912458.5,10128592.9,1,1,60.260629653930664
2026-09-09T10:45:10.983331+00:00,SUMMONING_EYE,1250003.1,1309991.3,2,140,60.260629653930664
2026-09-09T10:46:11.225084+00:00,BOOSTER_COOKIE,12064589.0,12341748.4,1,2,60.24204421043396
2026-09-09T10:46:11.225084+00:00,ENCHANTED_DIAMOND,1302.6,1549.1,1025,1664,60.24204421043396
2026-09-09T10:46:11.225084+00:00,ENCHANTED_DIAMOND_BLOCK,202001.0,205615.8,187,91,60.24204421043396
2026-09-09T10:46:11.225084+00:00,NULL_SPHERE,276.8,359.2,1448,3968,60.24204421043396
2026-09-09T10:46:11.225084+00:00,NULL_OVOID,140001.7,168945.8,23,2537,60.24204421043396
2026-09-09T10:46:11.225084+00:00,RECOMBOBULATOR_3000,9912458.7,10128594.0,1,3,60.24204421043396
2026-09-09T10:46:11.225084+00:00,SUMMONING_EYE,1250003.3,1309991.1,4,12,60.24204421043396
2026-09-09T10:47:11.444712+00:00,BOOSTER_COOKIE,12078447.2,12341748.5,1,13,60.23029971122742
2026-09-09T10:47:11.444712+00:00,ENCHANTED_DIAMOND,1302.6,1549.0,254,1342,60.23029971122742
2026-09-09T10:47:11.444712+00:00,ENCHANTED_DIAMOND_BLOCK,202001.0,205615.8,180,77,60.23029971122742
2026-09-09T10:47:11.444712+00:00,NULL_SPHERE,276.8,359.2,6546,3968,60.23029971122742
2026-09-09T10:47:11.444712+00:00,NULL_OVOID,140001.7,168945.8,23,2536,60.23029971122742
2026-09-09T10:47:11.444712+00:00,RECOMBOBULATOR_3000,9912459.0,10128594.2,8,3,60.23029971122742
2026-09-09T10:47:11.444712+00:00,SUMMONING_EYE,1250003.3,1309990.8,4,8,60.23029971122742
2026-09-09T10:48:11.690146+00:00,BOOSTER_COOKIE,12064589.2,12341748.5,1,4,60.23449087142944
2026-09-09T10:48:11.690146+00:00,ENCHANTED_DIAMOND,1302.6,1549.0,455,1341,60.23449087142944
2026-09-09T10:48:11.690146+00:00,ENCHANTED_DIAMOND_BLOCK,202001.1,205615.8,584,77,60.23449087142944
2026-09-09T10:48:11.690146+00:00,NULL_SPHERE,276.7,359.2,2057,3968,60.23449087142944
2026-09-09T10:48:11.690146+00:00,NULL_OVOID,140001.8,168945.8,300,2536,60.23449087142944
2026-09-09T10:48:11.690146+00:00,RECOMBOBULATOR_3000,9912459.0,10128595.4,3,1,60.23449087142944
2026-09-09T10:48:11.690146+00:00,SUMMONING_EYE,1250003.3,1309991.1,3,7,60.23449087142944
2026-09-09T10:49:11.941486+00:00,BOOSTER_COOKIE,12064589.6,12341748.6,1,8,60.25396943092346
2026-09-09T10:49:11.941486+00:00,ENCHANTED_DIAMOND,1302.6,1548.8,70817,1664,60.25396943092346
2026-09-09T10:49:11.941486+00:00,ENCHANTED_DIAMOND_BLOCK,202001.1,205615.6,571,71,60.25396943092346
2026-09-09T10:49:11.941486+00:00,NULL_SPHERE,276.7,359.2,1408,3892,60.25396943092346
2026-09-09T10:49:11.941486+00:00,NULL_OVOID,140001.9,168945.7,12,240,60.25396943092346
2026-09-09T10:49:11.941486+00:00,RECOMBOBULATOR_3000,9912459.1,10128595.1,3,23,60.25396943092346
2026-09-09T10:49:11.941486+00:00,SUMMONING_EYE,1250003.4,1309991.1,30,3,60.25396943092346
2026-09-09T10:50:12.161431+00:00,BOOSTER_COOKIE,12078447.8,12341748.5,1,7,60.21900820732117
2026-09-09T10:50:12.161431+00:00,ENCHANTED_DIAMOND,1302.8,1548.9,1907,53,60.21900820732117
2026-09-09T10:50:12.161431+00:00,ENCHANTED_DIAMOND_BLOCK,202001.1,205615.6,480,22,60.21900820732117
2026-09-09T10:50:12.161431+00:00,NULL_SPHERE,276.5,359.3,43167,1984,60.21900820732117
2026-09-09T10:50:12.161431+00:00,NULL_OVOID,140001.9,168945.7,12,240,60.21900820732117
2026-09-09T10:50:12.161431+00:00,RECOMBOBULATOR_3000,9912459.0,10128594.7,2,1,60.21900820732117
2026-09-09T10:50:12.161431+00:00,SUMMONING_EYE,1250003.4,1309991.3,27,135,60.21900820732117
2026-09-09T10:51:12.402406+00:00,BOOSTER_COOKIE,12078448.3,12341748.6,8,5,60.24122452735901
2026-09-09T10:51:12.402406+00:00,ENCHANTED_DIAMOND,1302.8,1548.9,1598,53,60.24122452735901
2026-09-09T10:51:12.402406+00:00,ENCHANTED_DIAMOND_BLOCK,202001.1,205615.5,457,4,60.24122452735901
2026-09-09T10:51:12.402406+00:00,NULL_SPHERE,276.5,359.2,42040,128,60.24122452735901
2026-09-09T10:51:12.402406+00:00,NULL_OVOID,140001.9,168945.7,12,240,60.24122452735901
2026-09-09T10:51:12.402406+00:00,RECOMBOBULATOR_3000,9912459.0,10128594.6,2,4,60.24122452735901
2026-09-09T10:51:12.402406+00:00,SUMMONING_EYE,1250003.5,1309991.3,4,127,60.24122452735901
2026-09-09T10:52:12.658227+00:00,BOOSTER_COOKIE,12078448.7,12341748.5,13,1,60.25458240509033
2026-09-09T10:52:12.658227+00:00,ENCHANTED_DIAMOND,1302.7,1548.7,118,128,60.25458240509033
2026-09-09T10:52:12.658227+00:00,ENCHANTED_DIAMOND_BLOCK,202001.1,205615.6,411,14,60.25458240509033
2026-09-09T10:52:12.658227+00:00,NULL_SPHERE,276.5,359.2,35439,128,60.25458240509033
2026-09-09T10:52:12.658227+00:00,NULL_OVOID,140001.9,168945.6,12,128,60.25458240509033
2026-09-09T10:52:12.658227+00:00,RECOMBOBULATOR_3000,9912458.9,10128594.5,6,5,60.25458240509033
2026-09-09T10:52:12.658227+00:00,SUMMONING_EYE,1250003.6,1309991.3,30,115,60.25458240509033
2026-09-09T10:53:12.938471+00:00,BOOSTER_COOKIE,12078448.9,12341748.7,2,5,60.28186345100403
2026-09-09T10:53:12.938471+00:00,ENCHANTED_DIAMOND,1302.7,1548.5,6,36,60.28186345100403
2026-09-09T10:53:12.938471+00:00,ENCHANTED_DIAMOND_BLOCK,202001.2,205615.5,960,128,60.28186345100403
2026-09-09T10:53:12.938471+00:00,NULL_SPHERE,276.5,359.2,34910,128,60.28186345100403
2026-09-09T10:53:12.938471+00:00,NULL_OVOID,140001.9,168945.6,12,128,60.28186345100403
2026-09-09T10:53:12.938471+00:00,RECOMBOBULATOR_3000,9912458.9,10128594.5,5,5,60.28186345100403
2026-09-09T10:53:12.938471+00:00,SUMMONING_EYE,1250003.6,1309991.1,26,3,60.28186345100403
2026-09-09T10:54:13.177071+00:00,BOOSTER_COOKIE,12078449.3,12341748.9,12,2,60.23693633079529
2026-09-09T10:54:13.177071+00:00,ENCHANTED_DIAMOND,1302.7,1548.2,573,2176,60.23693633079529
2026-09-09T10:54:13.177071+00:00,ENCHANTED_DIAMOND_BLOCK,202001.1,205615.3,191,57,60.23693633079529
2026-09-09T10:54:13.177071+00:00,NULL_SPHERE,276.5,359.2,33472,128,60.23693633079529
2026-09-09T10:54:13.177071+00:00,NULL_OVOID,140001.9,168945.5,12,240,60.23693633079529
2026-09-09T10:54:13.177071+00:00,RECOMBOBULATOR_3000,9912459.0,10128594.2,2,3,60.23693633079529
2026-09-09T10:54:13.177071+00:00,SUMMONING_EYE,1250003.6,1305000.0,26,3,60.23693633079529
2026-09-09T10:55:13.425644+00:00,BOOSTER_COOKIE,12078449.9,12341748.9,2,1,60.24861741065979
2026-09-09T10:55:13.425644+00:00,ENCHANTED_DIAMOND,1302.7,1548.2,1659,1628,60.24861741065979
2026-09-09T10:55:13.425644+00:00,ENCHANTED_DIAMOND_BLOCK,202001.1,205615.4,126,244,60.24861741065979
2026-09-09T10:55:13.425644+00:00,NULL_SPHERE,276.6,359.2,2240,128,60.24861741065979
2026-09-09T10:55:13.425644+00:00,NULL_OVOID,140001.9,168945.5,12,240,60.24861741065979
2026-09-09T10:55:13.425644+00:00,RECOMBOBULATOR_3000,9912459.1,10128593.9,10,1,60.24861741065979
2026-09-09T10:55:13.425644+00:00,SUMMONING_EYE,1250003.6,1309991.3,26,73,60.24861741065979
2026-09-09T10:56:13.653764+00:00,BOOSTER_COOKIE,12078450.4,12341749.7,2,5,60.23027682304382
2026-09-09T10:56:13.653764+00:00,ENCHANTED_DIAMOND,1302.8,1547.7,5000,3264,60.23027682304382
2026-09-09T10:56:13.653764+00:00,ENCHANTED_DIAMOND_BLOCK,202001.1,205615.4,102,219,60.23027682304382
2026-09-09T10:56:13.653764+00:00,NULL_SPHERE,276.6,359.3,1583,1344,60.23027682304382
2026-09-09T10:56:13.653764+00:00,NULL_OVOID,140001.9,168945.5,12,240,60.23027682304382
2026-09-09T10:56:13.653764+00:00,RECOMBOBULATOR_3000,9912458.9,10128594.4,5,2,60.23027682304382
2026-09-09T10:56:13.653764+00:00,SUMMONING_EYE,1250003.6,1309991.3,26,70,60.23027682304382
2026-09-09T10:57:13.931464+00:00,BOOSTER_COOKIE,12078450.8,12341749.8,1,5,60.2746102809906
2026-09-09T10:57:13.931464+00:00,ENCHANTED_DIAMOND,1303.3,1547.7,570,4270,60.2746102809906
2026-09-09T10:57:13.931464+00:00,ENCHANTED_DIAMOND_BLOCK,202001.1,205615.4,53,201,60.2746102809906
2026-09-09T10:57:13.931464+00:00,NULL_SPHERE,276.6,359.3,1122,1152,60.2746102809906
2026-09-09T10:57:13.931464+00:00,NULL_OVOID,140001.9,168945.3,12,221,60.2746102809906
2026-09-09T10:57:13.931464+00:00,RECOMBOBULATOR_3000,9912459.1,10128594.3,5,10,60.2746102809906
2026-09-09T10:57:13.931464+00:00,SUMMONING_EYE,1250003.6,1309991.3,23,63,60.2746102809906
2026-09-09T10:58:14.191370+00:00,BOOSTER_COOKIE,12078451.1,12341749.8,8,1,60.259987592697144
2026-09-09T10:58:14.191370+00:00,ENCHANTED_DIAMOND,1303.5,1547.0,1096,64658,60.259987592697144
2026-09-09T10:58:14.191370+00:00,ENCHANTED_DIAMOND_BLOCK,202001.1,205253.9,41,5,60.259987592697144
2026-09-09T10:58:14.191370+00:00,NULL_SPHERE,276.6,359.3,193,896,60.259987592697144
2026-09-09T10:58:14.191370+00:00,NULL_OVOID,140001.9,168945.2,12,128,60.259987592697144
2026-09-09T10:58:14.191370+00:00,RECOMBOBULATOR_3000,9912459.1,10128594.3,4,9,60.259987592697144
2026-09-09T10:58:14.191370+00:00,SUMMONING_EYE,1250003.7,1309991.3,22,52,60.259987592697144
2026-09-09T10:59:14.428319+00:00,BOOSTER_COOKIE,12078451.4,12390000.0,1,53,60.25044846534729
2026-09-09T10:59:14.428319+00:00,ENCHANTED_DIAMOND,1303.5,1547.0,106,55991,60.25044846534729
2026-09-09T10:59:14.428319+00:00,ENCHANTED_DIAMOND_BLOCK,202001.1,205254.0,37,65,60.25044846534729
2026-09-09T10:59:14.428319+00:00,NULL_SPHERE,276.5,359.3,30708,896,60.25044846534729
2026-09-09T10:59:14.428319+00:00,NULL_OVOID,140001.9,168945.2,12,128,60.25044846534729
2026-09-09T10:59:14.428319+00:00,RECOMBOBULATOR_3000,9912459.2,10128594.1,4,3,60.25044846534729
2026-09-09T10:59:14.428319+00:00,SUMMONING_EYE,1250003.7,1309991.3,22,28,60.25044846534729
2026-09-09T11:00:14.671730+00:00,BOOSTER_COOKIE,12078451.5,12389999.9,1,5,60.23205351829529
2026-09-09T11:00:14.671730+00:00,ENCHANTED_DIAMOND,1303.5,1547.0,61988,43389,60.23205351829529
2026-09-09T11:00:14.671730+00:00,ENCHANTED_DIAMOND_BLOCK,202001.1,205615.4,4,73,60.23205351829529
2026-09-09T11:00:14.671730+00:00,NULL_SPHERE,276.5,359.3,30670,896,60.23205351829529
2026-09-09T11:00:14.671730+00:00,NULL_OVOID,140001.9,168945.1,12,221,60.23205351829529
2026-09-09T11:00:14.671730+00:00,RECOMBOBULATOR_3000,9912458.9,10128593.9,5,5,60.23205351829529
2026-09-09T11:00:14.671730+00:00,SUMMONING_EYE,1250003.7,1309991.3,20,24,60.23205351829529
2026-09-09T11:01:14.927510+00:00,BOOSTER_COOKIE,12078451.9,12390000.0,5,39,60.2565598487854
2026-09-09T11:01:14.927510+00:00,ENCHANTED_DIAMOND,1303.5,1547.0,58281,32805,60.2565598487854
2026-09-09T11:01:14.927510+00:00,ENCHANTED_DIAMOND_BLOCK,202001.2,205615.4,416,73,60.2565598487854
2026-09-09T11:01:14.927510+00:00,NULL_SPHERE,276.6,359.3,4088,896,60.2565598487854
2026-09-09T11:01:14.927510+00:00,NULL_OVOID,140001.9,168945.1,12,221,60.2565598487854
2026-09-09T11:01:14.927510+00:00,RECOMBOBULATOR_3000,9912458.9,10128593.5,4,1,60.2565598487854
2026-09-09T11:01:14.927510+00:00,SUMMONING_EYE,1250003.0,1309996.9,221,1,60.2565598487854
2026-09-09T11:02:15.200066+00:00,BOOSTER_COOKIE,12078452.4,12390000.0,5,33,60.268757581710815
2026-09-09T11:02:15.200066+00:00,ENCHANTED_DIAMOND,1303.5,1547.0,57708,20918,60.268757581710815
2026-09-09T11:02:15.200066+00:00,ENCHANTED_DIAMOND_BLOCK,202001.0,205615.4,22,74,60.268757581710815
2026-09-09T11:02:15.200066+00:00,NULL_SPHERE,276.7,359.3,65756,896,60.268757581710815
2026-09-09T11:02:15.200066+00:00,NULL_OVOID,140001.9,168945.0,12,128,60.268757581710815
2026-09-09T11:02:15.200066+00:00,RECOMBOBULATOR_3000,9912459.1,10128594.0,3,4,60.268757581710815
2026-09-09T11:02:15.200066+00:00,SUMMONING_EYE,1250003.1,1330000.0,5,24,60.268757581710815
2026-09-09T11:03:15.469453+00:00,BOOSTER_COOKIE,12078452.5,12390000.0,8,23,60.2709584236145
2026-09-09T11:03:15.469453+00:00,ENCHANTED_DIAMOND,1303.7,1547.0,2221,13029,60.2709584236145
2026-09-09T11:03:15.469453+00:00,ENCHANTED_DIAMOND_BLOCK,202000.9,205615.2,6,115,60.2709584236145
2026-09-09T11:03:15.469453+00:00,NULL_SPHERE,276.7,359.3,65739,896,60.2709584236145
2026-09-09T11:03:15.469453+00:00,NULL_OVOID,140001.9,168945.0,12,128,60.2709584236145
2026-09-09T11:03:15.469453+00:00,RECOMBOBULATOR_3000,9912459.4,10128594.2,2,2,60.2709584236145
2026-09-09T11:03:15.469453+00:00,SUMMONING_EYE,1250003.0,1330000.0,220,7,60.2709584236145
2026-09-09T11:04:15.700916+00:00,BOOSTER_COOKIE,12078452.8,12390000.0,5,20,60.23165535926819
2026-09-09T11:04:15.700916+00:00,ENCHANTED_DIAMOND,1303.7,1547.0,996,2275,60.23165535926819
2026-09-09T11:04:15.700916+00:00,ENCHANTED_DIAMOND_BLOCK,202000.8,205615.2,522,101,60.23165535926819
2026-09-09T11:04:15.700916+00:00,NULL_SPHERE,276.8,359.2,2240,256,60.23165535926819
2026-09-09T11:04:15.700916+00:00,NULL_OVOID,140001.9,168944.9,12,221,60.23165535926819
2026-09-09T11:04:15.700916+00:00,RECOMBOBULATOR_3000,9912458.9,10128593.7,4,5,60.23165535926819
2026-09-09T11:04:15.700916+00:00,SUMMONING_EYE,1250003.3,1345000.0,8,11,60.23165535926819
2026-09-09T11:05:15.962566+00:00,BOOSTER_COOKIE,12078452.9,12389999.9,1,2,60.26102590560913
2026-09-09T11:05:15.962566+00:00,ENCHANTED_DIAMOND,1303.6,1547.8,397,996,60.26102590560913
2026-09-09T11:05:15.962566+00:00,ENCHANTED_DIAMOND_BLOCK,202000.8,205615.2,366,101,60.26102590560913
2026-09-09T11:05:15.962566+00:00,NULL_SPHERE,276.8,359.2,2240,224,60.26102590560913
2026-09-09T11:05:15.962566+00:00,NULL_OVOID,140001.9,168944.8,12,13,60.26102590560913
2026-09-09T11:05:15.962566+00:00,RECOMBOBULATOR_3000,9912459.2,10128593.4,5,6,60.26102590560913
2026-09-09T11:05:15.962566+00:00,SUMMONING_EYE,1250003.3,1345000.0,6,5,60.26102590560913
2026-09-09T11:06:16.182262+00:00,BOOSTER_COOKIE,12078453.2,12390000.0,1,6,60.22257947921753
2026-09-09T11:06:16.182262+00:00,ENCHANTED_DIAMOND,1303.5,1549.4,56645,629,60.22257947921753
2026-09-09T11:06:16.182262+00:00,ENCHANTED_DIAMOND_BLOCK,202000.8,205615.1,180,192,60.22257947921753
2026-09-09T11:06:16.182262+00:00,NULL_SPHERE,276.8,359.2,2119,224,60.22257947921753
2026-09-09T11:06:16.182262+00:00,NULL_OVOID,140001.9,168944.9,12,221,60.22257947921753
2026-09-09T11:06:16.182262+00:00,RECOMBOBULATOR_3000,9912459.3,10128593.1,4,1,60.22257947921753
2026-09-09T11:06:16.182262+00:00,SUMMONING_EYE,1250003.5,1344999.7,27,3,60.22257947921753
2026-09-09T11:07:16.463086+00:00,BOOSTER_COOKIE,12078453.6,12390000.0,5,3,60.27657389640808
2026-09-09T11:07:16.463086+00:00,ENCHANTED_DIAMOND,1303.5,1549.7,56044,142,60.27657389640808
2026-09-09T11:07:16.463086+00:00,ENCHANTED_DIAMOND_BLOCK,202000.8,205615.1,153,178,60.27657389640808
2026-09-09T11:07:16.463086+00:00,NULL_SPHERE,276.6,358.9,2099,448,60.27657389640808
2026-09-09T11:07:16.463086+00:00,NULL_OVOID,140002.0,168944.8,512,51,60.27657389640808
2026-09-09T11:07:16.463086+00:00,RECOMBOBULATOR_3000,9912459.4,10106979.5,1,1,60.27657389640808
2026-09-09T11:07:16.463086+00:00,SUMMONING_EYE,1250003.7,1345000.0,2,3,60.27657389640808
2026-09-09T11:08:16.711198+00:00,BOOSTER_COOKIE,12078454.0,12429994.6,5,21,60.250011682510376
2026-09-09T11:08:16.711198+00:00,ENCHANTED_DIAMOND,1303.5,1549.5,53166,1216,60.250011682510376
2026-09-09T11:08:16.711198+00:00,ENCHANTED_DIAMOND_BLOCK,202000.9,205615.1,450,36,60.250011682510376
2026-09-09T11:08:16.711198+00:00,NULL_SPHERE,276.6,358.9,1045,448,60.250011682510376
2026-09-09T11:08:16.711198+00:00,NULL_OVOID,140002.0,168944.7,512,1472,60.250011682510376
2026-09-09T11:08:16.711198+00:00,RECOMBOBULATOR_3000,9912459.1,10106979.3,5,2,60.250011682510376
2026-09-09T11:08:16.711198+00:00,SUMMONING_EYE,1250004.1,1369999.9,1,1,60.250011682510376
2026-09-09T11:09:16.975432+00:00,BOOSTER_COOKIE,12078454.4,12429994.6,5,14,60.26438856124878
2026-09-09T11:09:16.975432+00:00,ENCHANTED_DIAMOND,1303.6,1548.7,576,1472,60.26438856124878
2026-09-09T11:09:16.975432+00:00,ENCHANTED_DIAMOND_BLOCK,202000.9,205615.1,446,36,60.26438856124878
2026-09-09T11:09:16.975432+00:00,NULL_SPHERE,276.7,358.8,25795,2040,60.26438856124878
2026-09-09T11:09:16.975432+00:00,NULL_OVOID,140002.0,168944.7,512,1472,60.26438856124878
2026-09-09T11:09:16.975432+00:00,RECOMBOBULATOR_3000,9922185.4,10128593.1,5,1,60.26438856124878
2026-09-09T11:09:16.975432+00:00,SUMMONING_EYE,1250004.1,1369999.5,27,1,60.26438856124878
2026-09-09T11:10:17.242698+00:00,BOOSTER_COOKIE,12078454.2,12429994.4,4,3,60.265950441360474
2026-09-09T11:10:17.242698+00:00,ENCHANTED_DIAMOND,1303.6,1548.7,541,1408,60.265950441360474
2026-09-09T11:10:17.242698+00:00,ENCHANTED_DIAMOND_BLOCK,202000.9,205615.0,1220,37,60.265950441360474
2026-09-09T11:10:17.242698+00:00,NULL_SPHERE,276.8,358.8,50633,2040,60.265950441360474
2026-09-09T11:10:17.242698+00:00,NULL_OVOID,140002.0,168944.7,512,1472,60.265950441360474
2026-09-09T11:10:17.242698+00:00,RECOMBOBULATOR_3000,9922185.4,10128593.0,4,2,60.265950441360474
2026-09-09T11:10:17.242698+00:00,SUMMONING_EYE,1250004.3,1369999.3,32,2,60.265950441360474
2026-09-09T11:11:17.510429+00:00,BOOSTER_COOKIE,12096031.8,12429994.6,1,7,60.27589297294617
2026-09-09T11:11:17.510429+00:00,ENCHANTED_DIAMOND,1303.7,1548.7,581,1187,60.27589297294617
2026-09-09T11:11:17.510429+00:00,ENCHANTED_DIAMOND_BLOCK,202000.9,205614.9,1215,12,60.27589297294617
2026-09-09T11:11:17.510429+00:00,NULL_SPHERE,276.9,358.8,264,2040,60.27589297294617
2026-09-09T11:11:17.510429+00:00,NULL_OVOID,140002.1,168944.7,7,1472,60.27589297294617
2026-09-09T11:11:17.510429+00:00,RECOMBOBULATOR_3000,9922185.5,10128593.2,8,3,60.27589297294617
2026-09-09T11:11:17.510429+00:00,SUMMONING_EYE,1250004.6,1369999.8,5,11,60.27589297294617
2026-09-09T11:12:17.764668+00:00,BOOSTER_COOKIE,12096032.0,12429994.6,6,2,60.25819230079651
2026-09-09T11:12:17.764668+00:00,ENCHANTED_DIAMOND,1303.5,1549.0,48669,1060,60.25819230079651
2026-09-09T11:12:17.764668+00:00,ENCHANTED_DIAMOND_BLOCK,202000.9,205615.0,1187,36,60.25819230079651
2026-09-09T11:12:17.764668+00:00,NULL_SPHERE,276.8,358.8,50229,1976,60.25819230079651
2026-09-09T11:12:17.764668+00:00,NULL_OVOID,140002.1,168944.6,7,220,60.25819230079651
2026-09-09T11:12:17.764668+00:00,RECOMBOBULATOR_3000,9922185.5,10128593.1,8,1,60.25819230079651
2026-09-09T11:12:17.764668+00:00,SUMMONING_EYE,1250004.9,1369999.7,6,1,60.25819230079651
2026-09-09T11:13:18.052825+00:00,BOOSTER_COOKIE,12096031.8,12429994.4,1,3,60.27879047393799
2026-09-09T11:13:18.052825+00:00,ENCHANTED_DIAMOND,1303.7,1549.9,2220,52092,60.27879047393799
2026-09-09T11:13:18.052825+00:00,ENCHANTED_DIAMOND_BLOCK,202000.9,205614.9,1074,12,60.27879047393799
2026-09-09T11:13:18.052825+00:00,NULL_SPHERE,276.8,358.8,47383,1976,60.27879047393799
2026-09-09T11:13:18.052825+00:00,NULL_OVOID,140002.0,168944.6,512,220,60.27879047393799
2026-09-09T11:13:18.052825+00:00,RECOMBOBULATOR_3000,9922185.5,10128592.6,7,1,60.27879047393799
2026-09-09T11:13:18.052825+00:00,SUMMONING_EYE,1250004.9,1370000.0,3,695,60.27879047393799
2026-09-09T11:14:18.312889+00:00,BOOSTER_COOKIE,12096032.2,12429994.5,1,2,60.25839424133301
2026-09-09T11:14:18.312889+00:00,ENCHANTED_DIAMOND,1303.9,1549.9,1969,45952,60.25839424133301
2026-09-09T11:14:18.312889+00:00,ENCHANTED_DIAMOND_BLOCK,202001.1,205614.8,50,36,60.25839424133301
2026-09-09T11:14:18.312889+00:00,NULL_SPHERE,276.8,358.8,47383,1976,60.25839424133301
2026-09-09T11:14:18.312889+00:00,NULL_OVOID,140002.0,168944.6,512,220,60.25839424133301
2026-09-09T11:14:18.312889+00:00,RECOMBOBULATOR_3000,9922185.7,10128592.6,5,1,60.25839424133301
2026-09-09T11:14:18.312889+00:00,SUMMONING_EYE,1250005.2,1369999.8,4,5,60.25839424133301
2026-09-09T11:15:18.584482+00:00,BOOSTER_COOKIE,12096032.5,12429996.6,1,3,60.270456075668335
2026-09-09T11:15:18.584482+00:00,ENCHANTED_DIAMOND,1303.6,1549.8,3142,1343,60.270456075668335
2026-09-09T11:15:18.584482+00:00,ENCHANTED_DIAMOND_BLOCK,202000.9,205614.8,970,12,60.270456075668335
2026-09-09T11:15:18.584482+00:00,NULL_SPHERE,276.8,358.8,46697,1976,60.270456075668335
2026-09-09T11:15:18.584482+00:00,NULL_OVOID,140002.0,168944.6,512,124,60.270456075668335
2026-09-09T11:15:18.584482+00:00,RECOMBOBULATOR_3000,9922185.7,10128592.7,1,2,60.270456075668335
2026-09-09T11:15:18.584482+00:00,SUMMONING_EYE,1250005.4,1369999.4,6,28,60.270456075668335
2026-09-09T11:16:18.872633+00:00,BOOSTER_COOKIE,12096032.5,12450000.0,8,9,60.29136323928833
2026-09-09T11:16:18.872633+00:00,ENCHANTED_DIAMOND,1303.6,1549.6,1273,1471,60.29136323928833
2026-09-09T11:16:18.872633+00:00,ENCHANTED_DIAMOND_BLOCK,202001.2,205614.7,50,70,60.29136323928833
2026-09-09T11:16:18.872633+00:00,NULL_SPHERE,276.8,358.8,46004,1976,60.29136323928833
2026-09-09T11:16:18.872633+00:00,NULL_OVOID,140002.0,168944.6,512,123,60.29136323928833
2026-09-09T11:16:18.872633+00:00,RECOMBOBULATOR_3000,9932506.1,10128592.5,2,1,60.29136323928833
2026-09-09T11:16:18.872633+00:00,SUMMONING_EYE,1250005.8,1369999.1,1,2,60.29136323928833
2026-09-09T11:17:19.109800+00:00,BOOSTER_COOKIE,12096032.7,12450000.0,1,1,60.239192962646484
2026-09-09T11:17:19.109800+00:00,ENCHANTED_DIAMOND,1303.6,1549.2,1929,1600,60.239192962646484
2026-09-09T11:17:19.109800+00:00,ENCHANTED_DIAMOND_BLOCK,202001.2,205614.7,127,56,60.239192962646484
2026-09-09T11:17:19.109800+00:00,NULL_SPHERE,276.8,358.8,45594,1976,60.239192962646484
2026-09-09T11:17:19.109800+00:00,NULL_OVOID,140002.0,168944.6,461,123,60.239192962646484
2026-09-09T11:17:19.109800+00:00,RECOMBOBULATOR_3000,9922185.6,10128592.4,3,1,60.239192962646484
2026-09-09T11:17:19.109800+00:00,SUMMONING_EYE,1250006.0,1369998.3,18,2,60.239192962646484
2026-09-09T11:18:19.373288+00:00,BOOSTER_COOKIE,12096032.5,12462999.9,7,5,60.25911998748779
2026-09-09T11:18:19.373288+00:00,ENCHANTED_DIAMOND,1303.6,1549.1,1109,2048,60.25911998748779
2026-09-09T11:18:19.373288+00:00,ENCHANTED_DIAMOND_BLOCK,202001.1,205614.7,550,56,60.25911998748779
2026-09-09T11:18:19.373288+00:00,NULL_SPHERE,276.8,358.8,37499,1976,60.25911998748779
2026-09-09T11:18:19.373288+00:00,NULL_OVOID,140002.0,168944.6,461,123,60.25911998748779
2026-09-09T11:18:19.373288+00:00,RECOMBOBULATOR_3000,9922185.7,10128592.8,13,2,60.25911998748779
2026-09-09T11:18:19.373288+00:00,SUMMONING_EYE,1250006.6,1369998.7,5,1,60.25911998748779
2026-09-09T11:19:19.644462+00:00,BOOSTER_COOKIE,12096032.7,12499998.6,5,92,60.27582883834839
2026-09-09T11:19:19.644462+00:00,ENCHANTED_DIAMOND,1303.5,1548.7,38017,2816,60.27582883834839
2026-09-09T11:19:19.644462+00:00,ENCHANTED_DIAMOND_BLOCK,202001.1,205614.7,808,54,60.27582883834839
2026-09-09T11:19:19.644462+00:00,NULL_SPHERE,276.8,358.7,25920,2240,60.27582883834839
2026-09-09T11:19:19.644462+00:00,NULL_OVOID,140002.1,168944.6,63,27,60.27582883834839
2026-09-09T11:19:19.644462+00:00,RECOMBOBULATOR_3000,9922185.8,10128592.8,1,2,60.27582883834839
2026-09-09T11:19:19.644462+00:00,SUMMONING_EYE,1256006.3,1369998.3,3,1,60.27582883834839
2026-09-09T11:20:19.899801+00:00,BOOSTER_COOKIE,12096032.9,12499998.6,15,82,60.25132393836975
2026-09-09T11:20:19.899801+00:00,ENCHANTED_DIAMOND,1303.5,1548.3,36363,416,60.25132393836975
2026-09-09T11:20:19.899801+00:00,ENCHANTED_DIAMOND_BLOCK,202001.1,205614.7,807,40,60.25132393836975
2026-09-09T11:20:19.899801+00:00,NULL_SPHERE,276.8,358.6,25243,1584,60.25132393836975
2026-09-09T11:20:19.899801+00:00,NULL_OVOID,140002.1,168944.6,63,27,60.25132393836975
2026-09-09T11:20:19.899801+00:00,RECOMBOBULATOR_3000,9922186.1,10128592.7,7,2,60.25132393836975
2026-09-09T11:20:19.899801+00:00,SUMMONING_EYE,1256006.5,1369997.9,7,8,60.25132393836975
2026-09-09T11:21:20.163819+00:00,BOOSTER_COOKIE,12096033.2,12499998.6,16,74,60.26247596740723
2026-09-09T11:21:20.163819+00:00,ENCHANTED_DIAMOND,1303.6,1549.9,2240,41361,60.26247596740723
2026-09-09T11:21:20.163819+00:00,ENCHANTED_DIAMOND_BLOCK,202001.1,205614.7,785,22,60.26247596740723
2026-09-09T11:21:20.163819+00:00,NULL_SPHERE,276.9,358.4,25791,2240,60.26247596740723
2026-09-09T11:21:20.163819+00:00,NULL_OVOID,140002.1,168944.6,63,27,60.26247596740723
2026-09-09T11:21:20.163819+00:00,RECOMBOBULATOR_3000,9922186.1,10128592.9,7,2,60.26247596740723
2026-09-09T11:21:20.163819+00:00,SUMMONING_EYE,1256006.8,1369997.9,1,2,60.26247596740723
2026-09-09T11:22:20.382208+00:00,BOOSTER_COOKIE,12096033.8,12499998.6,1,66,60.22326040267944
2026-09-09T11:22:20.382208+00:00,ENCHANTED_DIAMOND,1303.6,1549.9,780,31046,60.22326040267944
2026-09-09T11:22:20.382208+00:00,ENCHANTED_DIAMOND_BLOCK,202001.1,205614.7,774,16,60.22326040267944
2026-09-09T11:22:20.382208+00:00,NULL_SPHERE,276.9,358.4,25791,2240,60.22326040267944
2026-09-09T11:22:20.382208+00:00,NULL_OVOID,140002.1,168944.6,63,27,60.22326040267944
2026-09-09T11:22:20.382208+00:00,RECOMBOBULATOR_3000,9922186.3,10128593.1,3,1,60.22326040267944
2026-09-09T11:22:20.382208+00:00,SUMMONING_EYE,1256007.3,1369997.5,33,1,60.22326040267944
2026-09-09T11:23:20.682270+00:00,BOOSTER_COOKIE,12096034.0,12499998.6,5,60,60.296122312545776
2026-09-09T11:23:20.682270+00:00,ENCHANTED_DIAMOND,1303.6,1549.9,774,24067,60.296122312545776
2026-09-09T11:23:20.682270+00:00,ENCHANTED_DIAMOND_BLOCK,202001.1,205614.6,189,12,60.296122312545776
2026-09-09T11:23:20.682270+00:00,NULL_SPHERE,276.9,358.2,25713,1856,60.296122312545776
2026-09-09T11:23:20.682270+00:00,NULL_OVOID,140002.1,168944.6,63,27,60.296122312545776
2026-09-09T11:23:20.682270+00:00,RECOMBOBULATOR_3000,9922186.6,10128594.3,5,8,60.296122312545776
2026-09-09T11:23:20.682270+00:00,SUMMONING_EYE,1256007.5,1369998.2,6,2,60.296122312545776
2026-09-09T11:24:20.935795+00:00,BOOSTER_COOKIE,12096034.2,12423245.3,1,4,60.25835990905762
2026-09-09T11:24:20.935795+00:00,ENCHANTED_DIAMOND,1303.8,1549.9,2016,18589,60.25835990905762
2026-09-09T11:24:20.935795+00:00,ENCHANTED_DIAMOND_BLOCK,202001.1,205614.4,158,12,60.25835990905762
2026-09-09T11:24:20.935795+00:00,NULL_SPHERE,276.9,358.2,24397,1856,60.25835990905762
2026-09-09T11:24:20.935795+00:00,NULL_OVOID,140002.1,168944.5,63,128,60.25835990905762
2026-09-09T11:24:20.935795+00:00,RECOMBOBULATOR_3000,9922186.6,10128594.2,4,1,60.25835990905762
2026-09-09T11:24:20.935795+00:00,SUMMONING_EYE,1256007.7,1369999.7,33,5,60.25835990905762
2026-09-09T11:25:21.193094+00:00,BOOSTER_COOKIE,12096034.7,12459602.1,5,27,60.252758741378784
2026-09-09T11:25:21.193094+00:00,ENCHANTED_DIAMOND,1303.8,1549.9,1580,9868,60.252758741378784
2026-09-09T11:25:21.193094+00:00,ENCHANTED_DIAMOND_BLOCK,202001.1,205614.5,158,71,60.252758741378784
2026-09-09T11:25:21.193094+00:00,NULL_SPHERE,276.9,358.2,19689,1856,60.252758741378784
2026-09-09T11:25:21.193094+00:00,NULL_OVOID,140002.1,168944.5,63,96,60.252758741378784
2026-09-09T11:25:21.193094+00:00,RECOMBOBULATOR_3000,9922186.8,10128594.3,1,2,60.252758741378784
2026-09-09T11:25:21.193094+00:00,SUMMONING_EYE,1256008.0,1370000.0,4,693,60.252758741378784
2026-09-09T11:26:21.471581+00:00,BOOSTER_COOKIE,12096034.9,12459602.0,13,3,60.27808952331543
2026-09-09T11:26:21.471581+00:00,ENCHANTED_DIAMOND,1303.7,1549.8,68912,470,60.27808952331543
2026-09-09T11:26:21.471581+00:00,ENCHANTED_DIAMOND_BLOCK,202001.1,205614.5,156,64,60.27808952331543
2026-09-09T11:26:21.471581+00:00,NULL_SPHERE,276.9,358.2,13602,1856,60.27808952331543
2026-09-09T11:26:21.471581+00:00,NULL_OVOID,140002.1,168944.5,63,64,60.27808952331543
2026-09-09T11:26:21.471581+00:00,RECOMBOBULATOR_3000,9922186.7,10128595.5,6,2,60.27808952331543
2026-09-09T11:26:21.471581+00:00,SUMMONING_EYE,1256008.2,1370000.0,29,693,60.27808952331543
2026-09-09T11:27:21.740811+00:00,BOOSTER_COOKIE,12096035.6,12459602.0,1,28,60.27321672439575
2026-09-09T11:27:21.740811+00:00,ENCHANTED_DIAMOND,1303.8,1550.0,678,457301,60.27321672439575
2026-09-09T11:27:21.740811+00:00,ENCHANTED_DIAMOND_BLOCK,202001.2,205615.6,1488,31,60.27321672439575
2026-09-09T11:27:21.740811+00:00,NULL_SPHERE,276.9,358.2,12209,1856,60.27321672439575
2026-09-09T11:27:21.740811+00:00,NULL_OVOID,140002.1,168944.4,63,512,60.27321672439575
2026-09-09T11:27:21.740811+00:00,RECOMBOBULATOR_3000,9922186.9,10128597.9,2,1,60.27321672439575
2026-09-09T11:27:21.740811+00:00,SUMMONING_EYE,1256008.3,1369999.8,42,5,60.27321672439575
2026-09-09T11:28:22.045838+00:00,BOOSTER_COOKIE,12096035.9,12459601.8,9,15,60.303401947021484
2026-09-09T11:28:22.045838+00:00,ENCHANTED_DIAMOND,1304.0,1550.0,30000,447951,60.303401947021484
2026-09-09T11:28:22.045838+00:00,ENCHANTED_DIAMOND_BLOCK,202001.2,205615.5,1253,9,60.303401947021484
2026-09-09T11:28:22.045838+00:00,NULL_SPHERE,276.9,358.2,7933,1856,60.303401947021484
2026-09-09T11:28:22.045838+00:00,NULL_OVOID,140002.1,168944.4,63,448,60.303401947021484
2026-09-09T11:28:22.045838+00:00,RECOMBOBULATOR_3000,9922187.0,10128599.3,5,58,60.303401947021484
2026-09-09T11:28:22.045838+00:00,SUMMONING_EYE,1256008.5,1369999.7,5,1,60.303401947021484
2026-09-09T11:29:22.306948+00:00,BOOSTER_COOKIE,12302323.3,12459601.8,2,5,60.260929107666016
2026-09-09T11:29:22.306948+00:00,ENCHANTED_DIAMOND,1304.1,1550.0,1757,437180,60.260929107666016
2026-09-09T11:29:22.306948+00:00,ENCHANTED_DIAMOND_BLOCK,202001.2,205615.6,1491,13,60.260929107666016
2026-09-09T11:29:22.306948+00:00,NULL_SPHERE,276.9,358.2,7646,1856,60.260929107666016
2026-09-09T11:29:22.306948+00:00,NULL_OVOID,140002.1,168944.4,63,416,60.260929107666016
2026-09-09T11:29:22.306948+00:00,RECOMBOBULATOR_3000,9922187.2,10128599.3,15,57,60.260929107666016
2026-09-09T11:29:22.306948+00:00,SUMMONING_EYE,1256008.7,1369999.5,5,1,60.260929107666016
2026-09-09T11:30:22.581782+00:00,BOOSTER_COOKIE,12096036.0,12459601.4,5,2,60.27278423309326
2026-09-09T11:30:22.581782+00:00,ENCHANTED_DIAMOND,1304.0,1549.9,9119,1792,60.27278423309326
2026-09-09T11:30:22.581782+00:00,ENCHANTED_DIAMOND_BLOCK,202001.2,205615.7,1348,7,60.27278423309326
2026-09-09T11:30:22.581782+00:00,NULL_SPHERE,276.9,358.2,3970,1856,60.27278423309326
2026-09-09T11:30:22.581782+00:00,NULL_OVOID,140002.1,168944.3,63,32,60.27278423309326
2026-09-09T11:30:22.581782+00:00,RECOMBOBULATOR_3000,9922187.2,10128599.1,12,1,60.27278423309326
2026-09-09T11:30:22.581782+00:00,SUMMONING_EYE,1256008.8,1369999.9,5,2,60.27278423309326
2026-09-09T11:31:22.844176+00:00,BOOSTER_COOKIE,12096036.3,12459601.5,1,9,60.26486301422119
2026-09-09T11:31:22.844176+00:00,ENCHANTED_DIAMOND,1304.1,1550.0,1800,420784,60.26486301422119
2026-09-09T11:31:22.844176+00:00,ENCHANTED_DIAMOND_BLOCK,202001.3,205615.7,800,5,60.26486301422119
2026-09-09T11:31:22.844176+00:00,NULL_SPHERE,277.0,358.2,65239,1856,60.26486301422119
2026-09-09T11:31:22.844176+00:00,NULL_OVOID,140002.1,168944.4,63,415,60.26486301422119
2026-09-09T11:31:22.844176+00:00,RECOMBOBULATOR_3000,9922187.4,10128599.3,9,54,60.26486301422119
2026-09-09T11:31:22.844176+00:00,SUMMONING_EYE,1256009.2,1369999.6,32,2,60.26486301422119
2026-09-09T11:32:23.088902+00:00,BOOSTER_COOKIE,12100000.0,12459601.1,1,4,60.245994567871094
2026-09-09T11:32:23.088902+00:00,ENCHANTED_DIAMOND,1304.2,1550.0,23952,411922,60.245994567871094
2026-09-09T11:32:23.088902+00:00,ENCHANTED_DIAMOND_BLOCK,202001.4,205615.7,203,11,60.245994567871094
2026-09-09T11:32:23.088902+00:00,NULL_SPHERE,277.1,358.2,3970,1856,60.245994567871094
2026-09-09T11:32:23.088902+00:00,NULL_OVOID,140002.1,168944.4,63,191,60.245994567871094
2026-09-09T11:32:23.088902+00:00,RECOMBOBULATOR_3000,9922187.7,10128599.3,6,49,60.245994567871094
2026-09-09T11:32:23.088902+00:00,SUMMONING_EYE,1256009.5,1369999.4,4,2,60.245994567871094
2026-09-09T11:33:23.355697+00:00,BOOSTER_COOKIE,12100000.3,12459601.1,1,17,60.26582193374634
2026-09-09T11:33:23.355697+00:00,ENCHANTED_DIAMOND,1304.3,1550.0,349,403634,60.26582193374634
2026-09-09T11:33:23.355697+00:00,ENCHANTED_DIAMOND_BLOCK,202001.5,205615.6,7,448,60.26582193374634
2026-09-09T11:33:23.355697+00:00,NULL_SPHERE,277.1,358.2,3805,1856,60.26582193374634
2026-09-09T11:33:23.355697+00:00,NULL_OVOID,140002.2,168944.4,32,31,60.26582193374634
2026-09-09T11:33:23.355697+00:00,RECOMBOBULATOR_3000,9922187.9,10128599.3,5,49,60.26582193374634
2026-09-09T11:33:23.355697+00:00,SUMMONING_EYE,1256009.6,1369999.2,14,2,60.26582193374634
2026-09-09T11:34:23.582620+00:00,BOOSTER_COOKIE,12100000.7,12459601.1,1,3,60.22562003135681
2026-09-09T11:34:23.582620+00:00,ENCHANTED_DIAMOND,1304.3,1549.8,1024,378,60.22562003135681
2026-09-09T11:34:23.582620+00:00,ENCHANTED_DIAMOND_BLOCK,202001.6,205615.5,917,137,60.22562003135681
2026-09-09T11:34:23.582620+00:00,NULL_SPHERE,277.0,358.2,54903,1856,60.22562003135681
2026-09-09T11:34:23.582620+00:00,NULL_OVOID,140002.2,168944.3,32,27,60.22562003135681
2026-09-09T11:34:23.582620+00:00,RECOMBOBULATOR_3000,9922188.0,10128599.2,2,10,60.22562003135681
2026-09-09T11:34:23.582620+00:00,SUMMONING_EYE,1256010.1,1369999.2,32,2,60.22562003135681
2026-09-09T11:35:23.854268+00:00,BOOSTER_COOKIE,12100000.7,12459600.4,1,28,60.2709105014801
2026-09-09T11:35:23.854268+00:00,ENCHANTED_DIAMOND,1304.4,1550.0,2137,381872,60.2709105014801
2026-09-09T11:35:23.854268+00:00,ENCHANTED_DIAMOND_BLOCK,202001.6,205615.4,901,132,60.2709105014801
2026-09-09T11:35:23.854268+00:00,NULL_SPHERE,277.0,358.2,54605,1788,60.2709105014801
2026-09-09T11:35:23.854268+00:00,NULL_OVOID,140002.2,168944.3,32,27,60.2709105014801
2026-09-09T11:35:23.854268+00:00,RECOMBOBULATOR_3000,9922188.1,10128599.2,2,8,60.2709105014801
2026-09-09T11:35:23.854268+00:00,SUMMONING_EYE,1256010.3,1358599.9,35,1,60.2709105014801
2026-09-09T11:36:24.101819+00:00,BOOSTER_COOKIE,12100001.0,12459600.4,1,26,60.25216627120972
2026-09-09T11:36:24.101819+00:00,ENCHANTED_DIAMOND,1304.4,1550.0,1422,369262,60.25216627120972
2026-09-09T11:36:24.101819+00:00,ENCHANTED_DIAMOND_BLOCK,202001.7,205615.6,640,385,60.25216627120972
2026-09-09T11:36:24.101819+00:00,NULL_SPHERE,277.0,358.1,54488,64,60.25216627120972
2026-09-09T11:36:24.101819+00:00,NULL_OVOID,140002.2,168944.2,32,560,60.25216627120972
2026-09-09T11:36:24.101819+00:00,RECOMBOBULATOR_3000,9922187.9,10107958.0,2,1,60.25216627120972
2026-09-09T11:36:24.101819+00:00,SUMMONING_EYE,1256010.7,1358599.2,5,1,60.25216627120972
2026-09-09T11:37:24.377598+00:00,BOOSTER_COOKIE,12100001.2,12459600.3,5,24,60.27030348777771
2026-09-09T11:37:24.377598+00:00,ENCHANTED_DIAMOND,1304.4,1549.9,994,1190,60.27030348777771
2026-09-09T11:37:24.377598+00:00,ENCHANTED_DIAMOND_BLOCK,202001.7,205615.6,639,358,60.27030348777771
2026-09-09T11:37:24.377598+00:00,NULL_SPHERE,277.0,358.0,52214,150,60.27030348777771
2026-09-09T11:37:24.377598+00:00,NULL_OVOID,140002.1,168944.2,63,520,60.27030348777771
2026-09-09T11:37:24.377598+00:00,RECOMBOBULATOR_3000,9922188.0,10128599.2,4,3,60.27030348777771
2026-09-09T11:37:24.377598+00:00,SUMMONING_EYE,1256010.6,1358598.9,18,2,60.27030348777771
2026-09-09T11:38:24.647485+00:00,BOOSTER_COOKIE,12100001.5,12459600.1,1,1,60.27169609069824
2026-09-09T11:38:24.647485+00:00,ENCHANTED_DIAMOND,1304.2,1549.9,8670,160,60.27169609069824
2026-09-09T11:38:24.647485+00:00,ENCHANTED_DIAMOND_BLOCK,202001.7,205615.7,607,48,60.27169609069824
2026-09-09T11:38:24.647485+00:00,NULL_SPHERE,277.0,358.0,48402,150,60.27169609069824
2026-09-09T11:38:24.647485+00:00,NULL_OVOID,140002.1,168944.0,63,32,60.27169609069824
2026-09-09T11:38:24.647485+00:00,RECOMBOBULATOR_3000,9922187.8,10128599.2,6,6,60.27169609069824
2026-09-09T11:38:24.647485+00:00,SUMMONING_EYE,1256011.1,1358598.9,12,9,60.27169609069824
2026-09-09T11:39:24.897177+00:00,BOOSTER_COOKIE,12100001.6,12459600.1,1,4,60.25000977516174
2026-09-09T11:39:24.897177+00:00,ENCHANTED_DIAMOND,1304.4,1550.0,19576,341105,60.25000977516174
2026-09-09T11:39:24.897177+00:00,ENCHANTED_DIAMOND_BLOCK,202001.7,205615.7,456,48,60.25000977516174
2026-09-09T11:39:24.897177+00:00,NULL_SPHERE,277.0,358.0,46583,150,60.25000977516174
2026-09-09T11:39:24.897177+00:00,NULL_OVOID,140002.1,168943.9,63,520,60.25000977516174
2026-09-09T11:39:24.897177+00:00,RECOMBOBULATOR_3000,9922187.9,10128599.1,6,2,60.25000977516174
2026-09-09T11:39:24.897177+00:00,SUMMONING_EYE,1256011.2,1358598.7,1,9,60.25000977516174
2026-09-09T11:40:25.144333+00:00,BOOSTER_COOKIE,12100002.1,12459600.2,1,12,60.24607062339783
2026-09-09T11:40:25.144333+00:00,ENCHANTED_DIAMOND,1304.5,1550.0,1894,333069,60.24607062339783
2026-09-09T11:40:25.144333+00:00,ENCHANTED_DIAMOND_BLOCK,202001.7,205615.7,456,258,60.24607062339783
2026-09-09T11:40:25.144333+00:00,NULL_SPHERE,277.0,357.9,46583,649,60.24607062339783
2026-09-09T11:40:25.144333+00:00,NULL_OVOID,140002.1,168943.8,63,64,60.24607062339783
2026-09-09T11:40:25.144333+00:00,RECOMBOBULATOR_3000,9922187.9,10128599.1,4,1,60.24607062339783
2026-09-09T11:40:25.144333+00:00,SUMMONING_EYE,1256011.8,1358598.4,30,3,60.24607062339783
2026-09-09T11:41:25.357726+00:00,BOOSTER_COOKIE,12400000.2,12459600.1,1,3,60.2142391204834
2026-09-09T11:41:25.357726+00:00,ENCHANTED_DIAMOND,1304.4,1550.0,18876,324877,60.2142391204834
2026-09-09T11:41:25.357726+00:00,ENCHANTED_DIAMOND_BLOCK,202001.8,205615.7,6,258,60.2142391204834
2026-09-09T11:41:25.357726+00:00,NULL_SPHERE,277.0,357.9,45407,649,60.2142391204834
2026-09-09T11:41:25.357726+00:00,NULL_OVOID,140002.1,168943.8,63,27,60.2142391204834
2026-09-09T11:41:25.357726+00:00,RECOMBOBULATOR_3000,9922187.8,10128599.1,4,1,60.2142391204834
2026-09-09T11:41:25.357726+00:00,SUMMONING_EYE,1256012.1,1358598.1,28,2,60.2142391204834
2026-09-09T11:42:25.610629+00:00,BOOSTER_COOKIE,12400000.4,12459600.4,2,12,60.25629258155823
2026-09-09T11:42:25.610629+00:00,ENCHANTED_DIAMOND,1304.6,1550.0,1970,314526,60.25629258155823
2026-09-09T11:42:25.610629+00:00,ENCHANTED_DIAMOND_BLOCK,202001.7,205615.7,397,258,60.25629258155823
2026-09-09T11:42:25.610629+00:00,NULL_SPHERE,277.0,357.9,45407,265,60.25629258155823
2026-09-09T11:42:25.610629+00:00,NULL_OVOID,140002.2,168943.8,64,27,60.25629258155823
2026-09-09T11:42:25.610629+00:00,RECOMBOBULATOR_3000,9922188.1,10128599.1,5,1,60.25629258155823
2026-09-09T11:42:25.610629+00:00,SUMMONING_EYE,1256012.4,1358597.8,11,11,60.25629258155823
2026-09-09T11:43:25.881753+00:00,BOOSTER_COOKIE,12402980.8,12459600.4,1,2,60.266990661621094
2026-09-09T11:43:25.881753+00:00,ENCHANTED_DIAMOND,1304.6,1550.0,871,304953,60.266990661621094
2026-09-09T11:43:25.881753+00:00,ENCHANTED_DIAMOND_BLOCK,202001.8,205254.3,8,331,60.266990661621094
2026-09-09T11:43:25.881753+00:00,NULL_SPHERE,277.0,357.9,42239,233,60.266990661621094
2026-09-09T11:43:25.881753+00:00,NULL_OVOID,140002.3,168943.8,64,14,60.266990661621094
2026-09-09T11:43:25.881753+00:00,RECOMBOBULATOR_3000,9922188.2,10128599.3,1,45,60.266990661621094
2026-09-09T11:43:25.881753+00:00,SUMMONING_EYE,1256012.7,1358597.3,23,1,60.266990661621094
2026-09-09T11:44:26.157626+00:00,BOOSTER_COOKIE,12402980.9,12459600.4,1,29,60.275113582611084
2026-09-09T11:44:26.157626+00:00,ENCHANTED_DIAMOND,1304.6,1549.9,2604,916,60.275113582611084
2026-09-09T11:44:26.157626+00:00,ENCHANTED_DIAMOND_BLOCK,202002.0,205254.3,233,331,60.275113582611084
2026-09-09T11:44:26.157626+00:00,NULL_SPHERE,277.1,357.8,1521,32,60.275113582611084
2026-09-09T11:44:26.157626+00:00,NULL_OVOID,140002.3,166049.6,64,32,60.275113582611084
2026-09-09T11:44:26.157626+00:00,RECOMBOBULATOR_3000,9922188.3,10128599.1,1,3,60.275113582611084
2026-09-09T11:44:26.157626+00:00,SUMMONING_EYE,1256012.9,1358596.9,12,14,60.275113582611084
2026-09-09T11:45:26.420058+00:00,BOOSTER_COOKIE,12405812.3,12459600.4,9,18,60.26542687416077
2026-09-09T11:45:26.420058+00:00,ENCHANTED_DIAMOND,1304.5,1550.0,1888,286162,60.26542687416077
2026-09-09T11:45:26.420058+00:00,ENCHANTED_DIAMOND_BLOCK,202002.0,205254.3,165,331,60.26542687416077
2026-09-09T11:45:26.420058+00:00,NULL_SPHERE,277.0,357.8,41450,32,60.26542687416077
2026-09-09T11:45:26.420058+00:00,NULL_OVOID,140002.3,166049.6,64,18,60.26542687416077
2026-09-09T11:45:26.420058+00:00,RECOMBOBULATOR_3000,9922188.5,10128599.1,8,1,60.26542687416077
2026-09-09T11:45:26.420058+00:00,SUMMONING_EYE,1256013.0,1358596.7,30,15,60.26542687416077
2026-09-09T11:46:26.682586+00:00,BOOSTER_COOKIE,12408501.9,12459600.4,1,9,60.26034879684448
2026-09-09T11:46:26.682586+00:00,ENCHANTED_DIAMOND,1304.7,1550.0,419,277311,60.26034879684448
2026-09-09T11:46:26.682586+00:00,ENCHANTED_DIAMOND_BLOCK,202002.1,205254.1,814,71,60.26034879684448
2026-09-09T11:46:26.682586+00:00,NULL_SPHERE,277.0,357.9,36328,201,60.26034879684448
2026-09-09T11:46:26.682586+00:00,NULL_OVOID,140002.4,166049.6,32,18,60.26034879684448
2026-09-09T11:46:26.682586+00:00,RECOMBOBULATOR_3000,9922188.8,10128599.1,3,2,60.26034879684448
2026-09-09T11:46:26.682586+00:00,SUMMONING_EYE,1256013.1,1358596.2,5,1,60.26034879684448
2026-09-09T11:47:26.933478+00:00,BOOSTER_COOKIE,12411057.1,12459600.3,1,32,60.24990200996399
2026-09-09T11:47:26.933478+00:00,ENCHANTED_DIAMOND,1304.5,1550.0,717,270374,60.24990200996399
2026-09-09T11:47:26.933478+00:00,ENCHANTED_DIAMOND_BLOCK,202002.1,205254.1,491,57,60.24990200996399
2026-09-09T11:47:26.933478+00:00,NULL_SPHERE,277.0,357.9,36217,201,60.24990200996399
2026-09-09T11:47:26.933478+00:00,NULL_OVOID,140002.4,166049.6,32,18,60.24990200996399
2026-09-09T11:47:26.933478+00:00,RECOMBOBULATOR_3000,9922188.9,10128599.2,1,4,60.24990200996399
2026-09-09T11:47:26.933478+00:00,SUMMONING_EYE,1256013.4,1348337.6,6,1,60.24990200996399
2026-09-09T11:48:27.180937+00:00,BOOSTER_COOKIE,12411057.4,12454746.0,1,8,60.2633740901947
2026-09-09T11:48:27.180937+00:00,ENCHANTED_DIAMOND,1304.4,1549.9,16963,212,60.2633740901947
2026-09-09T11:48:27.180937+00:00,ENCHANTED_DIAMOND_BLOCK,202002.2,205253.9,4,12,60.2633740901947
2026-09-09T11:48:27.180937+00:00,NULL_SPHERE,277.0,357.9,36215,201,60.2633740901947
2026-09-09T11:48:27.180937+00:00,NULL_OVOID,140002.4,166049.6,27,18,60.2633740901947
2026-09-09T11:48:27.180937+00:00,RECOMBOBULATOR_3000,9922188.8,10128599.0,1,2,60.2633740901947
2026-09-09T11:48:27.180937+00:00,SUMMONING_EYE,1256013.6,1348336.9,7,18,60.2633740901947
2026-09-09T11:49:27.415191+00:00,BOOSTER_COOKIE,12413242.0,12454745.9,1,29,60.218493700027466
2026-09-09T11:49:27.415191+00:00,ENCHANTED_DIAMOND,1304.4,1549.8,14457,117,60.218493700027466
2026-09-09T11:49:27.415191+00:00,ENCHANTED_DIAMOND_BLOCK,202000.7,205254.2,371,12,60.218493700027466
2026-09-09T11:49:27.415191+00:00,NULL_SPHERE,277.0,357.9,35166,432,60.218493700027466
2026-09-09T11:49:27.415191+00:00,NULL_OVOID,140002.4,166049.4,27,14,60.218493700027466
2026-09-09T11:49:27.415191+00:00,RECOMBOBULATOR_3000,9922188.8,10128598.9,1,1,60.218493700027466
2026-09-09T11:49:27.415191+00:00,SUMMONING_EYE,1256013.8,1348336.2,3,2,60.218493700027466
2026-09-09T11:50:27.688658+00:00,BOOSTER_COOKIE,12415317.5,12454745.4,1,12,60.27489876747131
2026-09-09T11:50:27.688658+00:00,ENCHANTED_DIAMOND,1304.4,1550.0,14022,253963,60.27489876747131
2026-09-09T11:50:27.688658+00:00,ENCHANTED_DIAMOND_BLOCK,202000.8,205254.0,1726,123,60.27489876747131
2026-09-09T11:50:27.688658+00:00,NULL_SPHERE,277.1,357.9,32314,432,60.27489876747131
2026-09-09T11:50:27.688658+00:00,NULL_OVOID,140002.4,166049.4,27,14,60.27489876747131
2026-09-09T11:50:27.688658+00:00,RECOMBOBULATOR_3000,9922188.7,10128599.1,5,1,60.27489876747131
2026-09-09T11:50:27.688658+00:00,SUMMONING_EYE,1256013.9,1348335.3,4,1,60.27489876747131
2026-09-09T11:51:27.942637+00:00,BOOSTER_COOKIE,12417289.2,12454745.0,1,3,60.253592014312744
2026-09-09T11:51:27.942637+00:00,ENCHANTED_DIAMOND,1304.6,1550.0,419,245353,60.253592014312744
2026-09-09T11:51:27.942637+00:00,ENCHANTED_DIAMOND_BLOCK,202000.9,205253.8,304,16,60.253592014312744
2026-09-09T11:51:27.942637+00:00,NULL_SPHERE,277.1,357.9,32183,272,60.253592014312744
2026-09-09T11:51:27.942637+00:00,NULL_OVOID,140002.4,166049.2,27,7,60.253592014312744
2026-09-09T11:51:27.942637+00:00,RECOMBOBULATOR_3000,9922188.8,10128599.2,1,3,60.253592014312744
2026-09-09T11:51:27.942637+00:00,SUMMONING_EYE,1256013.6,1348334.6,6,2,60.253592014312744
2026-09-09T11:52:28.204600+00:00,BOOSTER_COOKIE,12419162.4,12454744.7,1,27,60.26469326019287
2026-09-09T11:52:28.204600+00:00,ENCHANTED_DIAMOND,1304.4,1550.0,7800,233193,60.26469326019287
2026-09-09T11:52:28.204600+00:00,ENCHANTED_DIAMOND_BLOCK,202000.9,205253.8,153,14,60.26469326019287
2026-09-09T11:52:28.204600+00:00,NULL_SPHERE,277.1,357.9,31801,272,60.26469326019287
2026-09-09T11:52:28.204600+00:00,NULL_OVOID,140002.4,166049.1,27,423,60.26469326019287
2026-09-09T11:52:28.204600+00:00,RECOMBOBULATOR_3000,9922189.0,10128599.3,5,42,60.26469326019287
2026-09-09T11:52:28.204600+00:00,SUMMONING_EYE,1256013.8,1348334.0,95,25,60.26469326019287
2026-09-09T11:53:28.565796+00:00,BOOSTER_COOKIE,12420941.8,12454744.7,1,18,60.35940408706665
2026-09-09T11:53:28.565796+00:00,ENCHANTED_DIAMOND,1304.4,1549.9,5329,1024,60.35940408706665
2026-09-09T11:53:28.565796+00:00,ENCHANTED_DIAMOND_BLOCK,202000.9,205253.7,92,118,60.35940408706665
2026-09-09T11:53:28.565796+00:00,NULL_SPHERE,277.1,358.0,29613,102,60.35940408706665
2026-09-09T11:53:28.565796+00:00,NULL_OVOID,140002.4,166049.0,27,7,60.35940408706665
2026-09-09T11:53:28.565796+00:00,RECOMBOBULATOR_3000,9922189.0,10128599.0,3,3,60.35940408706665
2026-09-09T11:53:28.565796+00:00,SUMMONING_EYE,1256014.2,1348333.2,32,8,60.35940408706665
2026-09-09T11:54:28.828177+00:00,BOOSTER_COOKIE,12424237.5,12454744.3,1,13,60.26030683517456
2026-09-09T11:54:28.828177+00:00,ENCHANTED_DIAMOND,1304.4,1549.9,3976,1024,60.26030683517456
2026-09-09T11:54:28.828177+00:00,ENCHANTED_DIAMOND_BLOCK,202000.8,205253.6,1602,6,60.26030683517456
2026-09-09T11:54:28.828177+00:00,NULL_SPHERE,277.1,358.5,28738,496,60.26030683517456
2026-09-09T11:54:28.828177+00:00,NULL_OVOID,140002.4,166049.0,27,7,60.26030683517456
2026-09-09T11:54:28.828177+00:00,RECOMBOBULATOR_3000,9922189.0,10128598.8,1,1,60.26030683517456
2026-09-09T11:54:28.828177+00:00,SUMMONING_EYE,1256014.4,1348332.6,4,9,60.26030683517456
2026-09-09T11:55:29.078678+00:00,BOOSTER_COOKIE,12424237.8,12454744.3,1,3,60.250948667526245
2026-09-09T11:55:29.078678+00:00,ENCHANTED_DIAMOND,1304.6,1550.0,842,203116,60.250948667526245
2026-09-09T11:55:29.078678+00:00,ENCHANTED_DIAMOND_BLOCK,202000.8,205253.7,1586,42,60.250948667526245
2026-09-09T11:55:29.078678+00:00,NULL_SPHERE,277.1,358.5,28546,496,60.250948667526245
2026-09-09T11:55:29.078678+00:00,NULL_OVOID,140002.4,166049.0,27,7,60.250948667526245
2026-09-09T11:55:29.078678+00:00,RECOMBOBULATOR_3000,9922189.0,10128598.7,3,5,60.250948667526245
2026-09-09T11:55:29.078678+00:00,SUMMONING_EYE,1256014.4,1348331.9,3,1,60.250948667526245
2026-09-09T11:56:29.331873+00:00,BOOSTER_COOKIE,12424237.9,12451693.7,1,10,60.2524254322052
2026-09-09T11:56:29.331873+00:00,ENCHANTED_DIAMOND,1304.5,1549.8,1285,648,60.2524254322052
2026-09-09T11:56:29.331873+00:00,ENCHANTED_DIAMOND_BLOCK,202000.8,205615.7,1240,160,60.2524254322052
2026-09-09T11:56:29.331873+00:00,NULL_SPHERE,277.1,358.5,28169,496,60.2524254322052
2026-09-09T11:56:29.331873+00:00,NULL_OVOID,140002.4,166049.1,27,423,60.2524254322052
2026-09-09T11:56:29.331873+00:00,RECOMBOBULATOR_3000,9922189.0,10128599.2,3,5,60.2524254322052
2026-09-09T11:56:29.331873+00:00,SUMMONING_EYE,1256014.2,1348331.2,16,24,60.2524254322052
2026-09-09T11:57:29.583480+00:00,BOOSTER_COOKIE,12425610.8,12451693.7,1,3,60.25336956977844
2026-09-09T11:57:29.583480+00:00,ENCHANTED_DIAMOND,1304.5,1549.5,2240,256,60.25336956977844
2026-09-09T11:57:29.583480+00:00,ENCHANTED_DIAMOND_BLOCK,202000.8,205615.7,1025,160,60.25336956977844
2026-09-09T11:57:29.583480+00:00,NULL_SPHERE,277.1,358.5,27578,496,60.25336956977844
2026-09-09T11:57:29.583480+00:00,NULL_OVOID,140002.5,166049.1,7,416,60.25336956977844
2026-09-09T11:57:29.583480+00:00,RECOMBOBULATOR_3000,9922189.2,10128599.3,4,39,60.25336956977844
2026-09-09T11:57:29.583480+00:00,SUMMONING_EYE,1256014.3,1348330.3,4,1,60.25336956977844
2026-09-09T11:58:29.851342+00:00,BOOSTER_COOKIE,12425611.0,12454744.3,2,18,60.26592779159546
2026-09-09T11:58:29.851342+00:00,ENCHANTED_DIAMOND,1304.5,1549.2,3093,896,60.26592779159546
2026-09-09T11:58:29.851342+00:00,ENCHANTED_DIAMOND_BLOCK,202000.8,205616.4,673,11,60.26592779159546
2026-09-09T11:58:29.851342+00:00,NULL_SPHERE,277.1,358.5,27578,496,60.26592779159546
2026-09-09T11:58:29.851342+00:00,NULL_OVOID,140002.5,166049.1,7,416,60.26592779159546
2026-09-09T11:58:29.851342+00:00,RECOMBOBULATOR_3000,9922189.4,10128599.3,5,23,60.26592779159546
2026-09-09T11:58:29.851342+00:00,SUMMONING_EYE,1256014.3,1339098.2,1,1,60.26592779159546
2026-09-09T11:59:30.084906+00:00,BOOSTER_COOKIE,12425611.3,12454744.2,1,9,60.23511552810669
2026-09-09T11:59:30.084906+00:00,ENCHANTED_DIAMOND,1304.5,1549.1,2370,1024,60.23511552810669
2026-09-09T11:59:30.084906+00:00,ENCHANTED_DIAMOND_BLOCK,202000.9,205617.8,14,1280,60.23511552810669
2026-09-09T11:59:30.084906+00:00,NULL_SPHERE,277.1,358.5,22829,496,60.23511552810669
2026-09-09T11:59:30.084906+00:00,NULL_OVOID,140002.6,166049.1,192,402,60.23511552810669
2026-09-09T11:59:30.084906+00:00,RECOMBOBULATOR_3000,9922189.6,10128599.3,1,22,60.23511552810669
2026-09-09T11:59:30.084906+00:00,SUMMONING_EYE,1256014.2,1339097.5,8,2,60.23511552810669
2026-09-09T12:00:30.329800+00:00,BOOSTER_COOKIE,12425611.5,12454744.2,1,3,60.24872016906738
2026-09-09T12:00:30.329800+00:00,ENCHANTED_DIAMOND,1304.5,1549.1,649,1024,60.24872016906738
2026-09-09T12:00:30.329800+00:00,ENCHANTED_DIAMOND_BLOCK,202000.9,205617.8,212,1088,60.24872016906738
2026-09-09T12:00:30.329800+00:00,NULL_SPHERE,277.1,358.4,19368,1600,60.24872016906738
2026-09-09T12:00:30.329800+00:00,NULL_OVOID,140002.6,166049.1,192,370,60.24872016906738
2026-09-09T12:00:30.329800+00:00,RECOMBOBULATOR_3000,9932510.2,10128599.0,1,1,60.24872016906738
2026-09-09T12:00:30.329800+00:00,SUMMONING_EYE,1256014.3,1339096.9,4,9,60.24872016906738
2026-09-09T12:01:30.594376+00:00,BOOSTER_COOKIE,12425611.5,12454744.3,1,15,60.258538246154785
2026-09-09T12:01:30.594376+00:00,ENCHANTED_DIAMOND,1304.6,1548.9,2237,1536,60.258538246154785
2026-09-09T12:01:30.594376+00:00,ENCHANTED_DIAMOND_BLOCK,202001.0,205617.8,689,946,60.258538246154785
2026-09-09T12:01:30.594376+00:00,NULL_SPHERE,277.1,358.4,18674,1600,60.258538246154785
2026-09-09T12:01:30.594376+00:00,NULL_OVOID,140002.7,166049.1,300,370,60.258538246154785
2026-09-09T12:01:30.594376+00:00,RECOMBOBULATOR_3000,9932510.4,10128598.9,1,4,60.258538246154785
2026-09-09T12:01:30.594376+00:00,SUMMONING_EYE,1256013.9,1339096.3,5,11,60.258538246154785
2026-09-09T12:02:30.851228+00:00,BOOSTER_COOKIE,12425611.8,12454744.1,1,11,60.25785851478577
2026-09-09T12:02:30.851228+00:00,ENCHANTED_DIAMOND,1304.5,1548.5,7268,1536,60.25785851478577
2026-09-09T12:02:30.851228+00:00,ENCHANTED_DIAMOND_BLOCK,202001.0,205617.8,79,842,60.25785851478577
2026-09-09T12:02:30.851228+00:00,NULL_SPHERE,277.1,358.4,18674,1600,60.25785851478577
2026-09-09T12:02:30.851228+00:00,NULL_OVOID,140002.7,166049.1,300,370,60.25785851478577
2026-09-09T12:02:30.851228+00:00,RECOMBOBULATOR_3000,9932510.3,10128598.7,5,3,60.25785851478577
2026-09-09T12:02:30.851228+00:00,SUMMONING_EYE,1256014.1,1339095.7,4,14,60.25785851478577
2026-09-09T12:03:31.100442+00:00,BOOSTER_COOKIE,12425611.8,12454744.2,1,7,60.248992919921875
2026-09-09T12:03:31.100442+00:00,ENCHANTED_DIAMOND,1304.5,1548.2,7268,316,60.248992919921875
2026-09-09T12:03:31.100442+00:00,ENCHANTED_DIAMOND_BLOCK,202001.0,205617.8,70,842,60.248992919921875
2026-09-09T12:03:31.100442+00:00,NULL_SPHERE,277.1,358.4,16216,1510,60.248992919921875
2026-09-09T12:03:31.100442+00:00,NULL_OVOID,140002.7,166049.1,300,370,60.248992919921875
2026-09-09T12:03:31.100442+00:00,RECOMBOBULATOR_3000,9932510.4,10128598.8,3,8,60.248992919921875
2026-09-09T12:03:31.100442+00:00,SUMMONING_EYE,1256014.3,1339095.0,5,5,60.248992919921875
2026-09-09T12:04:31.306552+00:00,BOOSTER_COOKIE,12425611.6,12454744.2,1,2,60.20749497413635
2026-09-09T12:04:31.306552+00:00,ENCHANTED_DIAMOND,1304.5,1548.0,6171,1016,60.20749497413635
2026-09-09T12:04:31.306552+00:00,ENCHANTED_DIAMOND_BLOCK,202001.1,205618.3,14,175,60.20749497413635
2026-09-09T12:04:31.306552+00:00,NULL_SPHERE,277.2,358.4,60000,1510,60.20749497413635
2026-09-09T12:04:31.306552+00:00,NULL_OVOID,140002.7,166049.0,300,469,60.20749497413635
2026-09-09T12:04:31.306552+00:00,RECOMBOBULATOR_3000,9932510.5,10128598.6,2,1,60.20749497413635
2026-09-09T12:04:31.306552+00:00,SUMMONING_EYE,1256014.3,1339094.5,4,1,60.20749497413635
2026-09-09T12:05:31.561992+00:00,BOOSTER_COOKIE,12425611.8,12454744.2,1,11,60.25581455230713
2026-09-09T12:05:31.561992+00:00,ENCHANTED_DIAMOND,1304.5,1547.8,4608,1457,60.25581455230713
2026-09-09T12:05:31.561992+00:00,ENCHANTED_DIAMOND_BLOCK,202000.9,205618.3,175,147,60.25581455230713
2026-09-09T12:05:31.561992+00:00,NULL_SPHERE,277.2,358.4,54607,1510,60.25581455230713
2026-09-09T12:05:31.561992+00:00,NULL_OVOID,140002.7,166048.9,300,370,60.25581455230713
2026-09-09T12:05:31.561992+00:00,RECOMBOBULATOR_3000,9932510.5,10128598.1,4,1,60.25581455230713
2026-09-09T12:05:31.561992+00:00,SUMMONING_EYE,1256013.9,1339094.1,5,3,60.25581455230713
2026-09-09T12:06:31.828784+00:00,BOOSTER_COOKIE,12425612.0,12454744.1,1,14,60.27228260040283
2026-09-09T12:06:31.828784+00:00,ENCHANTED_DIAMOND,1304.6,1547.7,9876,1016,60.27228260040283
2026-09-09T12:06:31.828784+00:00,ENCHANTED_DIAMOND_BLOCK,202000.9,205618.3,174,139,60.27228260040283
2026-09-09T12:06:31.828784+00:00,NULL_SPHERE,277.3,358.3,127874,647,60.27228260040283
2026-09-09T12:06:31.828784+00:00,NULL_OVOID,140002.7,166048.9,300,338,60.27228260040283
2026-09-09T12:06:31.828784+00:00,RECOMBOBULATOR_3000,9932510.3,10128598.2,1,1,60.27228260040283
2026-09-09T12:06:31.828784+00:00,SUMMONING_EYE,1256014.0,1339093.3,29,3,60.27228260040283
2026-09-09T12:07:32.080203+00:00,BOOSTER_COOKIE,12420941.8,12454743.8,1,17,60.25503921508789
2026-09-09T12:07:32.080203+00:00,ENCHANTED_DIAMOND,1304.6,1547.5,9144,1408,60.25503921508789
2026-09-09T12:07:32.080203+00:00,ENCHANTED_DIAMOND_BLOCK,202000.9,205618.5,219,95,60.25503921508789
2026-09-09T12:07:32.080203+00:00,NULL_SPHERE,277.3,358.3,127708,647,60.25503921508789
2026-09-09T12:07:32.080203+00:00,NULL_OVOID,140002.7,166048.9,300,335,60.25503921508789
2026-09-09T12:07:32.080203+00:00,RECOMBOBULATOR_3000,9922189.0,10128597.9,2,8,60.25503921508789
2026-09-09T12:07:32.080203+00:00,SUMMONING_EYE,1256014.2,1339093.2,3,16,60.25503921508789
2026-09-09T12:08:32.338607+00:00,BOOSTER_COOKIE,12420941.8,12454743.7,1,3,60.246923208236694
2026-09-09T12:08:32.338607+00:00,ENCHANTED_DIAMOND,1304.6,1547.4,11612,1472,60.246923208236694
2026-09-09T12:08:32.338607+00:00,ENCHANTED_DIAMOND_BLOCK,202000.9,205618.5,219,95,60.246923208236694
2026-09-09T12:08:32.338607+00:00,NULL_SPHERE,277.3,358.3,124762,647,60.246923208236694
2026-09-09T12:08:32.338607+00:00,NULL_OVOID,140002.8,166048.9,7,335,60.246923208236694
2026-09-09T12:08:32.338607+00:00,RECOMBOBULATOR_3000,9922188.7,10128597.4,1,1,60.246923208236694
2026-09-09T12:08:32.338607+00:00,SUMMONING_EYE,1256014.4,1339092.3,4,1,60.246923208236694
2026-09-09T12:09:32.612335+00:00,BOOSTER_COOKIE,12415317.8,12454743.8,1,11,60.27637267112732
2026-09-09T12:09:32.612335+00:00,ENCHANTED_DIAMOND,1304.6,1547.4,10352,1430,60.27637267112732
2026-09-09T12:09:32.612335+00:00,ENCHANTED_DIAMOND_BLOCK,202000.9,205618.5,170,95,60.27637267112732
2026-09-09T12:09:32.612335+00:00,NULL_SPHERE,277.3,358.3,121437,647,60.27637267112732
2026-09-09T12:09:32.612335+00:00,NULL_OVOID,140002.8,166048.9,7,335,60.27637267112732
2026-09-09T12:09:32.612335+00:00,RECOMBOBULATOR_3000,9922187.3,10128597.2,4,1,60.27637267112732
2026-09-09T12:09:32.612335+00:00,SUMMONING_EYE,1256014.5,1339092.0,3,1,60.27637267112732
2026-09-09T12:10:32.891521+00:00,BOOSTER_COOKIE,12415318.0,12454743.8,1,7,60.27941679954529
2026-09-09T12:10:32.891521+00:00,ENCHANTED_DIAMOND,1304.6,1547.5,7536,790,60.27941679954529
2026-09-09T12:10:32.891521+00:00,ENCHANTED_DIAMOND_BLOCK,202000.9,205619.7,56,1501,60.27941679954529
2026-09-09T12:10:32.891521+00:00,NULL_SPHERE,277.3,358.2,108874,1510,60.27941679954529
2026-09-09T12:10:32.891521+00:00,NULL_OVOID,140002.8,166048.9,7,311,60.27941679954529
2026-09-09T12:10:32.891521+00:00,RECOMBOBULATOR_3000,9922187.4,10128596.7,5,7,60.27941679954529
2026-09-09T12:10:32.891521+00:00,SUMMONING_EYE,1256014.5,1339091.9,5,3,60.27941679954529
2026-09-09T12:11:33.137171+00:00,BOOSTER_COOKIE,12415317.9,12454743.9,29,21,60.24412226676941
2026-09-09T12:11:33.137171+00:00,ENCHANTED_DIAMOND,1304.6,1547.5,6028,240,60.24412226676941
2026-09-09T12:11:33.137171+00:00,ENCHANTED_DIAMOND_BLOCK,202000.9,205619.7,26,1309,60.24412226676941
2026-09-09T12:11:33.137171+00:00,NULL_SPHERE,277.3,358.2,108871,1510,60.24412226676941
2026-09-09T12:11:33.137171+00:00,NULL_OVOID,140002.8,166048.9,7,289,60.24412226676941
2026-09-09T12:11:33.137171+00:00,RECOMBOBULATOR_3000,9922187.5,10128596.5,7,1,60.24412226676941
2026-09-09T12:11:33.137171+00:00,SUMMONING_EYE,1256014.6,1339092.0,7,1,60.24412226676941
2026-09-09T12:12:33.402187+00:00,BOOSTER_COOKIE,12415318.0,12454743.8,1,1,60.2682421207428
2026-09-09T12:12:33.402187+00:00,ENCHANTED_DIAMOND,1304.8,1546.7,16518,1359,60.2682421207428
2026-09-09T12:12:33.402187+00:00,ENCHANTED_DIAMOND_BLOCK,202000.9,205619.7,4,1293,60.2682421207428
2026-09-09T12:12:33.402187+00:00,NULL_SPHERE,277.3,358.2,108595,1510,60.2682421207428
2026-09-09T12:12:33.402187+00:00,NULL_OVOID,140002.8,163444.3,7,8,60.2682421207428
2026-09-09T12:12:33.402187+00:00,RECOMBOBULATOR_3000,9922187.5,10128596.1,3,2,60.2682421207428
2026-09-09T12:12:33.402187+00:00,SUMMONING_EYE,1256014.8,1330784.9,27,4,60.2682421207428
2026-09-09T12:13:33.703098+00:00,BOOSTER_COOKIE,12415317.9,12454743.9,8,1,60.29631280899048
2026-09-09T12:13:33.703098+00:00,ENCHANTED_DIAMOND,1304.9,1546.6,9980,31,60.29631280899048
2026-09-09T12:13:33.703098+00:00,ENCHANTED_DIAMOND_BLOCK,202000.9,205619.7,4,1293,60.29631280899048
2026-09-09T12:13:33.703098+00:00,NULL_SPHERE,277.3,358.2,107954,1510,60.29631280899048
2026-09-09T12:13:33.703098+00:00,NULL_OVOID,140002.7,166048.9,299,289,60.29631280899048
2026-09-09T12:13:33.703098+00:00,RECOMBOBULATOR_3000,9922187.5,10128596.2,2,1,60.29631280899048
2026-09-09T12:13:33.703098+00:00,SUMMONING_EYE,1256015.1,1330784.7,3,4,60.29631280899048
2026-09-09T12:14:33.964505+00:00,BOOSTER_COOKIE,12415318.1,12454744.0,1,26,60.26374578475952
2026-09-09T12:14:33.964505+00:00,ENCHANTED_DIAMOND,1305.0,1546.3,1745,2966,60.26374578475952
2026-09-09T12:14:33.964505+00:00,ENCHANTED_DIAMOND_BLOCK,202000.5,205619.7,1072,1157,60.26374578475952
2026-09-09T12:14:33.964505+00:00,NULL_SPHERE,277.3,358.1,107885,218,60.26374578475952
2026-09-09T12:14:33.964505+00:00,NULL_OVOID,140002.7,166048.8,299,7,60.26374578475952
2026-09-09T12:14:33.964505+00:00,RECOMBOBULATOR_3000,9922187.5,10128596.7,2,2,60.26374578475952
2026-09-09T12:14:33.964505+00:00,SUMMONING_EYE,1256015.1,1330784.2,1,2,60.26374578475952
2026-09-09T12:15:34.221225+00:00,BOOSTER_COOKIE,12415318.0,12454744.0,1,19,60.25810360908508
2026-09-09T12:15:34.221225+00:00,ENCHANTED_DIAMOND,1304.9,1545.9,4344,129,60.25810360908508
2026-09-09T12:15:34.221225+00:00,ENCHANTED_DIAMOND_BLOCK,202000.5,205619.7,1065,1137,60.25810360908508
2026-09-09T12:15:34.221225+00:00,NULL_SPHERE,277.3,358.1,100045,218,60.25810360908508
2026-09-09T12:15:34.221225+00:00,NULL_OVOID,140002.7,166048.8,299,7,60.25810360908508
2026-09-09T12:15:34.221225+00:00,RECOMBOBULATOR_3000,9922187.6,10128597.6,5,1,60.25810360908508
2026-09-09T12:15:34.221225+00:00,SUMMONING_EYE,1256015.2,1330784.0,3,3,60.25810360908508
2026-09-09T12:16:34.482222+00:00,BOOSTER_COOKIE,12415318.1,12454743.9,1,8,60.259416818618774
2026-09-09T12:16:34.482222+00:00,ENCHANTED_DIAMOND,1305.1,1545.7,19791,1984,60.259416818618774
2026-09-09T12:16:34.482222+00:00,ENCHANTED_DIAMOND_BLOCK,202000.5,205619.7,1050,939,60.259416818618774
2026-09-09T12:16:34.482222+00:00,NULL_SPHERE,277.3,358.1,99975,218,60.259416818618774
2026-09-09T12:16:34.482222+00:00,NULL_OVOID,140002.8,166048.8,63,7,60.259416818618774
2026-09-09T12:16:34.482222+00:00,RECOMBOBULATOR_3000,9922187.6,10128597.8,4,1,60.259416818618774
2026-09-09T12:16:34.482222+00:00,SUMMONING_EYE,1256015.4,1330783.8,2,4,60.259416818618774
2026-09-09T12:17:34.719462+00:00,BOOSTER_COOKIE,12415318.3,12454743.9,1,4,60.23721742630005
2026-09-09T12:17:34.719462+00:00,ENCHANTED_DIAMOND,1305.1,1545.5,19134,31,60.23721742630005
2026-09-09T12:17:34.719462+00:00,ENCHANTED_DIAMOND_BLOCK,202000.7,205619.7,33,929,60.23721742630005
2026-09-09T12:17:34.719462+00:00,NULL_SPHERE,277.3,358.1,96815,218,60.23721742630005
2026-09-09T12:17:34.719462+00:00,NULL_OVOID,140002.8,166048.8,63,7,60.23721742630005
2026-09-09T12:17:34.719462+00:00,RECOMBOBULATOR_3000,9922187.9,10128597.4,2,2,60.23721742630005
2026-09-09T12:17:34.719462+00:00,SUMMONING_EYE,1256015.4,1330784.1,1,1,60.23721742630005
2026-09-09T12:18:34.978769+00:00,BOOSTER_COOKIE,12415318.5,12454744.8,15,4,60.258517265319824
2026-09-09T12:18:34.978769+00:00,ENCHANTED_DIAMOND,1305.1,1544.9,17432,2574,60.258517265319824
2026-09-09T12:18:34.978769+00:00,ENCHANTED_DIAMOND_BLOCK,202000.9,205619.7,123,929,60.258517265319824
2026-09-09T12:18:34.978769+00:00,NULL_SPHERE,277.3,358.1,96534,218,60.258517265319824
2026-09-09T12:18:34.978769+00:00,NULL_OVOID,140002.9,166048.6,24,7,60.258517265319824
2026-09-09T12:18:34.978769+00:00,RECOMBOBULATOR_3000,9922187.8,10128598.0,2,1,60.258517265319824
2026-09-09T12:18:34.978769+00:00,SUMMONING_EYE,1256015.7,1330784.0,29,4,60.258517265319824
2026-09-09T12:19:35.209573+00:00,BOOSTER_COOKIE,12415318.5,12454744.6,3,3,60.22999119758606
2026-09-09T12:19:35.209573+00:00,ENCHANTED_DIAMOND,1305.1,1544.7,15515,1706,60.22999119758606
2026-09-09T12:19:35.209573+00:00,ENCHANTED_DIAMOND_BLOCK,202000.8,205619.6,810,262,60.22999119758606
2026-09-09T12:19:35.209573+00:00,NULL_SPHERE,277.3,358.1,96528,218,60.22999119758606
2026-09-09T12:19:35.209573+00:00,NULL_OVOID,140003.0,166048.6,64,7,60.22999119758606
2026-09-09T12:19:35.209573+00:00,RECOMBOBULATOR_3000,9922188.0,10128597.8,7,1,60.22999119758606
2026-09-09T12:19:35.209573+00:00,SUMMONING_EYE,1256015.8,1339092.8,5,3,60.22999119758606
2026-09-09T12:20:35.456915+00:00,BOOSTER_COOKIE,12415318.6,12454744.5,1,2,60.24802350997925
2026-09-09T12:20:35.456915+00:00,ENCHANTED_DIAMOND,1305.3,1544.5,968,80,60.24802350997925
2026-09-09T12:20:35.456915+00:00,ENCHANTED_DIAMOND_BLOCK,202001.0,205619.7,104,641,60.24802350997925
2026-09-09T12:20:35.456915+00:00,NULL_SPHERE,277.3,358.1,96345,138,60.24802350997925
2026-09-09T12:20:35.456915+00:00,NULL_OVOID,140002.9,166048.6,24,7,60.24802350997925
2026-09-09T12:20:35.456915+00:00,RECOMBOBULATOR_3000,9922188.1,10128598.2,2,1,60.24802350997925
2026-09-09T12:20:35.456915+00:00,SUMMONING_EYE,1256016.0,1339092.6,3,3,60.24802350997925
2026-09-09T12:21:35.711952+00:00,BOOSTER_COOKIE,12415318.7,12459600.3,1,30,60.2578227519989
2026-09-09T12:21:35.711952+00:00,ENCHANTED_DIAMOND,1305.4,1544.1,8679,1359,60.2578227519989
2026-09-09T12:21:35.711952+00:00,ENCHANTED_DIAMOND_BLOCK,202000.8,205619.6,42,132,60.2578227519989
2026-09-09T12:21:35.711952+00:00,NULL_SPHERE,277.3,358.1,95884,138,60.2578227519989
2026-09-09T12:21:35.711952+00:00,NULL_OVOID,140002.9,166048.6,24,7,60.2578227519989
2026-09-09T12:21:35.711952+00:00,RECOMBOBULATOR_3000,9922188.4,10128598.5,2,1,60.2578227519989
2026-09-09T12:21:35.711952+00:00,SUMMONING_EYE,1256016.3,1339092.4,4,2,60.2578227519989
2026-09-09T12:22:36.008514+00:00,BOOSTER_COOKIE,12415318.7,12459600.3,1,26,60.29385185241699
2026-09-09T12:22:36.008514+00:00,ENCHANTED_DIAMOND,1305.4,1543.9,4981,2240,60.29385185241699
2026-09-09T12:22:36.008514+00:00,ENCHANTED_DIAMOND_BLOCK,202000.6,205619.3,1929,528,60.29385185241699
2026-09-09T12:22:36.008514+00:00,NULL_SPHERE,277.3,358.1,92539,138,60.29385185241699
2026-09-09T12:22:36.008514+00:00,NULL_OVOID,140002.9,166048.6,24,7,60.29385185241699
2026-09-09T12:22:36.008514+00:00,RECOMBOBULATOR_3000,9922188.4,10128598.6,9,2,60.29385185241699
2026-09-09T12:22:36.008514+00:00,SUMMONING_EYE,1256016.5,1339092.2,4,1,60.29385185241699
2026-09-09T12:23:36.242877+00:00,BOOSTER_COOKIE,12415318.7,12459600.3,1,9,60.23375940322876
2026-09-09T12:23:36.242877+00:00,ENCHANTED_DIAMOND,1305.4,1543.9,3067,2240,60.23375940322876
2026-09-09T12:23:36.242877+00:00,ENCHANTED_DIAMOND_BLOCK,202000.6,205619.3,1878,326,60.23375940322876
2026-09-09T12:23:36.242877+00:00,NULL_SPHERE,277.3,358.1,91746,138,60.23375940322876
2026-09-09T12:23:36.242877+00:00,NULL_OVOID,140002.9,166048.6,24,4,60.23375940322876
2026-09-09T12:23:36.242877+00:00,RECOMBOBULATOR_3000,9922188.5,10128598.7,1,8,60.23375940322876
2026-09-09T12:23:36.242877+00:00,SUMMONING_EYE,1256016.7,1339092.7,3,1,60.23375940322876
2026-09-09T12:24:36.536366+00:00,BOOSTER_COOKIE,12415318.9,12455172.1,1,2,60.29869222640991
2026-09-09T12:24:36.536366+00:00,ENCHANTED_DIAMOND,1305.3,1543.8,9870,15,60.29869222640991
2026-09-09T12:24:36.536366+00:00,ENCHANTED_DIAMOND_BLOCK,202000.7,205619.1,2392,91,60.29869222640991
2026-09-09T12:24:36.536366+00:00,NULL_SPHERE,277.3,358.1,91742,138,60.29869222640991
2026-09-09T12:24:36.536366+00:00,NULL_OVOID,140003.0,166048.6,320,4,60.29869222640991
2026-09-09T12:24:36.536366+00:00,RECOMBOBULATOR_3000,9922188.6,10128598.6,1,2,60.29869222640991
2026-09-09T12:24:36.536366+00:00,SUMMONING_EYE,1256017.2,1339092.3,2,3,60.29869222640991
2026-09-09T12:25:36.791885+00:00,BOOSTER_COOKIE,12415319.0,12459600.2,1,6,60.25242328643799
2026-09-09T12:25:36.791885+00:00,ENCHANTED_DIAMOND,1305.5,1543.6,9980,1491,60.25242328643799
2026-09-09T12:25:36.791885+00:00,ENCHANTED_DIAMOND_BLOCK,202000.8,205619.1,114,91,60.25242328643799
2026-09-09T12:25:36.791885+00:00,NULL_SPHERE,277.3,358.1,91156,138,60.25242328643799
2026-09-09T12:25:36.791885+00:00,NULL_OVOID,140003.0,166048.6,320,4,60.25242328643799
2026-09-09T12:25:36.791885+00:00,RECOMBOBULATOR_3000,9922188.4,10128598.7,4,6,60.25242328643799
2026-09-09T12:25:36.791885+00:00,SUMMONING_EYE,1256017.2,1330784.5,1,1,60.25242328643799
2026-09-09T12:26:37.040627+00:00,BOOSTER_COOKIE,12415319.2,12459600.0,1,3,60.24782061576843
2026-09-09T12:26:37.040627+00:00,ENCHANTED_DIAMOND,1305.5,1543.2,8162,123,60.24782061576843
2026-09-09T12:26:37.040627+00:00,ENCHANTED_DIAMOND_BLOCK,202000.8,205618.9,97,7,60.24782061576843
2026-09-09T12:26:37.040627+00:00,NULL_SPHERE,277.4,358.1,40484,138,60.24782061576843
2026-09-09T12:26:37.040627+00:00,NULL_OVOID,140003.0,166048.6,320,4,60.24782061576843
2026-09-09T12:26:37.040627+00:00,RECOMBOBULATOR_3000,9922188.5,10128598.2,7,1,60.24782061576843
2026-09-09T12:26:37.040627+00:00,SUMMONING_EYE,1256017.5,1339093.1,1,1,60.24782061576843
2026-09-09T12:27:37.267822+00:00,BOOSTER_COOKIE,12417533.4,12459602.1,1,6,60.226593017578125
2026-09-09T12:27:37.267822+00:00,ENCHANTED_DIAMOND,1305.5,1543.1,6988,1102,60.226593017578125
2026-09-09T12:27:37.267822+00:00,ENCHANTED_DIAMOND_BLOCK,202000.8,205619.3,24,248,60.226593017578125
2026-09-09T12:27:37.267822+00:00,NULL_SPHERE,277.5,358.1,70244,138,60.226593017578125
2026-09-09T12:27:37.267822+00:00,NULL_OVOID,140003.0,166048.6,320,4,60.226593017578125
2026-09-09T12:27:37.267822+00:00,RECOMBOBULATOR_3000,9922188.5,10128598.0,2,2,60.226593017578125
2026-09-09T12:27:37.267822+00:00,SUMMONING_EYE,1256017.3,1339093.2,32,3,60.226593017578125
2026-09-09T12:28:37.526937+00:00,BOOSTER_COOKIE,12417533.9,12499998.6,2,30,60.25888156890869
2026-09-09T12:28:37.526937+00:00,ENCHANTED_DIAMOND,1305.4,1543.0,2238,46,60.25888156890869
2026-09-09T12:28:37.526937+00:00,ENCHANTED_DIAMOND_BLOCK,202000.8,205619.2,7,291,60.25888156890869
2026-09-09T12:28:37.526937+00:00,NULL_SPHERE,277.5,358.1,70070,138,60.25888156890869
2026-09-09T12:28:37.526937+00:00,NULL_OVOID,140003.0,166048.6,320,4,60.25888156890869
2026-09-09T12:28:37.526937+00:00,RECOMBOBULATOR_3000,9922188.6,10128598.1,1,2,60.25888156890869
2026-09-09T12:28:37.526937+00:00,SUMMONING_EYE,1256017.5,1339092.9,1,5,60.25888156890869
2026-09-09T12:29:37.795934+00:00,BOOSTER_COOKIE,12417534.2,12499998.6,1,20,60.27019906044006
2026-09-09T12:29:37.795934+00:00,ENCHANTED_DIAMOND,1305.4,1544.7,8931,1624,60.27019906044006
2026-09-09T12:29:37.795934+00:00,ENCHANTED_DIAMOND_BLOCK,202000.8,205619.2,130,277,60.27019906044006
2026-09-09T12:29:37.795934+00:00,NULL_SPHERE,277.5,358.1,67869,138,60.27019906044006
2026-09-09T12:29:37.795934+00:00,NULL_OVOID,140003.0,166048.6,320,4,60.27019906044006
2026-09-09T12:29:37.795934+00:00,RECOMBOBULATOR_3000,9922188.7,10128598.4,4,31,60.27019906044006
2026-09-09T12:29:37.795934+00:00,SUMMONING_EYE,1256017.5,1339092.8,1,3,60.27019906044006
2026-09-09T12:30:38.014923+00:00,BOOSTER_COOKIE,12417534.4,12499998.4,2,3,60.218034982681274
2026-09-09T12:30:38.014923+00:00,ENCHANTED_DIAMOND,1317.7,1546.3,10000,217,60.218034982681274
2026-09-09T12:30:38.014923+00:00,ENCHANTED_DIAMOND_BLOCK,202000.7,205619.0,1947,108,60.218034982681274
2026-09-09T12:30:38.014923+00:00,NULL_SPHERE,277.5,358.1,67785,138,60.218034982681274
2026-09-09T12:30:38.014923+00:00,NULL_OVOID,140003.0,166048.6,320,4,60.218034982681274
2026-09-09T12:30:38.014923+00:00,RECOMBOBULATOR_3000,9922188.9,10128598.4,2,19,60.218034982681274
2026-09-09T12:30:38.014923+00:00,SUMMONING_EYE,1256017.7,1339092.6,1,6,60.218034982681274
2026-09-09T12:31:38.292340+00:00,BOOSTER_COOKIE,12415317.6,12499998.5,5,15,60.27934384346008
2026-09-09T12:31:38.292340+00:00,ENCHANTED_DIAMOND,1317.8,1499.8,9975,648,60.27934384346008
2026-09-09T12:31:38.292340+00:00,ENCHANTED_DIAMOND_BLOCK,202000.7,205619.3,1835,1945,60.27934384346008
2026-09-09T12:31:38.292340+00:00,NULL_SPHERE,277.5,358.1,67643,138,60.27934384346008
2026-09-09T12:31:38.292340+00:00,NULL_OVOID,140003.0,166048.6,320,4,60.27934384346008
2026-09-09T12:31:38.292340+00:00,RECOMBOBULATOR_3000,9922189.0,10128598.4,1,17,60.27934384346008
2026-09-09T12:31:38.292340+00:00,SUMMONING_EYE,1256017.8,1339092.5,28,1,60.27934384346008
2026-09-09T12:32:38.533838+00:00,BOOSTER_COOKIE,12417534.5,12499998.6,1,17,60.23964309692383
2026-09-09T12:32:38.533838+00:00,ENCHANTED_DIAMOND,1327.1,1500.0,2240,9823,60.23964309692383
2026-09-09T12:32:38.533838+00:00,ENCHANTED_DIAMOND_BLOCK,202000.6,205619.4,1226,1024,60.23964309692383
2026-09-09T12:32:38.533838+00:00,NULL_SPHERE,277.5,358.1,66874,138,60.23964309692383
2026-09-09T12:32:38.533838+00:00,NULL_OVOID,140003.0,166048.7,320,175,60.23964309692383
2026-09-09T12:32:38.533838+00:00,RECOMBOBULATOR_3000,9922189.2,10128598.2,1,1,60.23964309692383
2026-09-09T12:32:38.533838+00:00,SUMMONING_EYE,1256018.0,1339092.3,4,1,60.23964309692383
2026-09-09T12:33:38.821929+00:00,BOOSTER_COOKIE,12417534.6,12500000.0,1,210,60.28870892524719
2026-09-09T12:33:38.821929+00:00,ENCHANTED_DIAMOND,1327.0,1547.9,9035,17180,60.28870892524719
2026-09-09T12:33:38.821929+00:00,ENCHANTED_DIAMOND_BLOCK,202000.7,205619.4,3953,1024,60.28870892524719
2026-09-09T12:33:38.821929+00:00,NULL_SPHERE,277.6,358.1,126399,138,60.28870892524719
2026-09-09T12:33:38.821929+00:00,NULL_OVOID,140003.0,166048.7,320,175,60.28870892524719
2026-09-09T12:33:38.821929+00:00,RECOMBOBULATOR_3000,9922189.1,10128598.1,1,1,60.28870892524719
2026-09-09T12:33:38.821929+00:00,SUMMONING_EYE,1256017.9,1339092.2,1,5,60.28870892524719
2026-09-09T12:34:39.068144+00:00,BOOSTER_COOKIE,12417534.8,12500000.0,13,194,60.2490017414093
2026-09-09T12:34:39.068144+00:00,ENCHANTED_DIAMOND,1327.0,1549.0,3135,1782,60.2490017414093
2026-09-09T12:34:39.068144+00:00,ENCHANTED_DIAMOND_BLOCK,202000.7,205619.3,4071,133,60.2490017414093
2026-09-09T12:34:39.068144+00:00,NULL_SPHERE,277.7,358.2,52794,1008,60.2490017414093
2026-09-09T12:34:39.068144+00:00,NULL_OVOID,140003.1,166048.6,7,469,60.2490017414093
2026-09-09T12:34:39.068144+00:00,RECOMBOBULATOR_3000,9922189.0,10128598.0,8,5,60.2490017414093
2026-09-09T12:34:39.068144+00:00,SUMMONING_EYE,1256017.9,1339092.1,32,6,60.2490017414093
2026-09-09T12:35:39.319692+00:00,BOOSTER_COOKIE,12417534.9,12500000.0,3,183,60.25100874900818
2026-09-09T12:35:39.319692+00:00,ENCHANTED_DIAMOND,1327.0,1550.0,340,192151,60.25100874900818
2026-09-09T12:35:39.319692+00:00,ENCHANTED_DIAMOND_BLOCK,202000.7,205619.1,3807,1664,60.25100874900818
2026-09-09T12:35:39.319692+00:00,NULL_SPHERE,277.8,358.2,7589,1008,60.25100874900818
2026-09-09T12:35:39.319692+00:00,NULL_OVOID,140003.2,166048.6,320,469,60.25100874900818
2026-09-09T12:35:39.319692+00:00,RECOMBOBULATOR_3000,9922187.9,10107956.8,15,1,60.25100874900818
2026-09-09T12:35:39.319692+00:00,SUMMONING_EYE,1256018.1,1339092.0,7,1,60.25100874900818
2026-09-09T12:36:39.594484+00:00,BOOSTER_COOKIE,12417534.9,12499999.9,3,3,60.27743363380432
2026-09-09T12:36:39.594484+00:00,ENCHANTED_DIAMOND,1327.0,1527.7,73229,665,60.27743363380432
2026-09-09T12:36:39.594484+00:00,ENCHANTED_DIAMOND_BLOCK,202000.7,205619.0,3766,49,60.27743363380432
2026-09-09T12:36:39.594484+00:00,NULL_SPHERE,277.7,358.1,20399,1046,60.27743363380432
2026-09-09T12:36:39.594484+00:00,NULL_OVOID,140003.2,166048.6,320,469,60.27743363380432
2026-09-09T12:36:39.594484+00:00,RECOMBOBULATOR_3000,9922188.0,10107956.5,24,2,60.27743363380432
2026-09-09T12:36:39.594484+00:00,SUMMONING_EYE,1256018.1,1339092.2,4,4,60.27743363380432
2026-09-09T12:37:39.872002+00:00,BOOSTER_COOKIE,12421658.3,12499999.7,1,7,60.271907806396484
2026-09-09T12:37:39.872002+00:00,ENCHANTED_DIAMOND,1327.0,1550.0,69470,166651,60.271907806396484
2026-09-09T12:37:39.872002+00:00,ENCHANTED_DIAMOND_BLOCK,202000.7,205619.4,3624,704,60.271907806396484
2026-09-09T12:37:39.872002+00:00,NULL_SPHERE,277.7,358.1,19213,1046,60.271907806396484
2026-09-09T12:37:39.872002+00:00,NULL_OVOID,140003.2,166048.6,320,469,60.271907806396484
2026-09-09T12:37:39.872002+00:00,RECOMBOBULATOR_3000,9922188.1,10107955.8,1,2,60.271907806396484
2026-09-09T12:37:39.872002+00:00,SUMMONING_EYE,1256018.2,1339092.2,31,1,60.271907806396484
2026-09-09T12:38:40.145174+00:00,BOOSTER_COOKIE,12421658.5,12499999.8,1,12,60.27379035949707
2026-09-09T12:38:40.145174+00:00,ENCHANTED_DIAMOND,1327.2,1550.0,49516,157109,60.27379035949707
2026-09-09T12:38:40.145174+00:00,ENCHANTED_DIAMOND_BLOCK,202000.7,205619.2,3509,55,60.27379035949707
2026-09-09T12:38:40.145174+00:00,NULL_SPHERE,277.7,358.0,17936,192,60.27379035949707
2026-09-09T12:38:40.145174+00:00,NULL_OVOID,140003.2,166048.6,320,469,60.27379035949707
2026-09-09T12:38:40.145174+00:00,RECOMBOBULATOR_3000,9922188.2,10107955.3,1,1,60.27379035949707
2026-09-09T12:38:40.145174+00:00,SUMMONING_EYE,1256018.3,1339091.8,1,3,60.27379035949707
2026-09-09T12:39:40.572129+00:00,BOOSTER_COOKIE,12421658.8,12499999.6,1,1,60.42734217643738
2026-09-09T12:39:40.572129+00:00,ENCHANTED_DIAMOND,1327.3,1549.9,2043,95,60.42734217643738
2026-09-09T12:39:40.572129+00:00,ENCHANTED_DIAMOND_BLOCK,202000.8,205619.0,4,11,60.42734217643738
2026-09-09T12:39:40.572129+00:00,NULL_SPHERE,277.7,358.0,17779,192,60.42734217643738
2026-09-09T12:39:40.572129+00:00,NULL_OVOID,140003.2,166048.6,320,469,60.42734217643738
2026-09-09T12:39:40.572129+00:00,RECOMBOBULATOR_3000,9922188.2,10107954.8,1,1,60.42734217643738
2026-09-09T12:39:40.572129+00:00,SUMMONING_EYE,1256018.6,1369999.9,2,24,60.42734217643738
2026-09-09T12:40:40.821959+00:00,BOOSTER_COOKIE,12421658.8,12500000.0,2,170,60.250436544418335
2026-09-09T12:40:40.821959+00:00,ENCHANTED_DIAMOND,1327.2,1549.9,48475,1600,60.250436544418335
2026-09-09T12:40:40.821959+00:00,ENCHANTED_DIAMOND_BLOCK,202000.8,205619.0,4,11,60.250436544418335
2026-09-09T12:40:40.821959+00:00,NULL_SPHERE,277.7,358.0,15091,192,60.250436544418335
2026-09-09T12:40:40.821959+00:00,NULL_OVOID,140003.2,166048.6,320,469,60.250436544418335
2026-09-09T12:40:40.821959+00:00,RECOMBOBULATOR_3000,9922188.2,10107954.5,1,1,60.250436544418335
2026-09-09T12:40:40.821959+00:00,SUMMONING_EYE,1256018.7,1369999.7,5,1,60.250436544418335
2026-09-09T12:41:41.077629+00:00,BOOSTER_COOKIE,12421659.2,12500000.0,1,156,60.254918813705444
2026-09-09T12:41:41.077629+00:00,ENCHANTED_DIAMOND,1327.3,1549.9,728,1536,60.254918813705444
2026-09-09T12:41:41.077629+00:00,ENCHANTED_DIAMOND_BLOCK,202000.7,205618.8,3790,24,60.254918813705444
2026-09-09T12:41:41.077629+00:00,NULL_SPHERE,277.7,358.0,14965,192,60.254918813705444
2026-09-09T12:41:41.077629+00:00,NULL_OVOID,140003.2,166048.4,320,1662,60.254918813705444
2026-09-09T12:41:41.077629+00:00,RECOMBOBULATOR_3000,9922188.2,10107954.7,1,1,60.254918813705444
2026-09-09T12:41:41.077629+00:00,SUMMONING_EYE,1256019.1,1369999.5,1,1,60.254918813705444
2026-09-09T12:42:41.346084+00:00,BOOSTER_COOKIE,12421658.6,12500000.0,4,144,60.26773285865784
2026-09-09T12:42:41.346084+00:00,ENCHANTED_DIAMOND,1327.3,1549.6,2163,68,60.26773285865784
2026-09-09T12:42:41.346084+00:00,ENCHANTED_DIAMOND_BLOCK,202000.7,205618.6,3715,5,60.26773285865784
2026-09-09T12:42:41.346084+00:00,NULL_SPHERE,277.7,357.9,14954,1008,60.26773285865784
2026-09-09T12:42:41.346084+00:00,NULL_OVOID,140003.2,166048.4,320,1662,60.26773285865784
2026-09-09T12:42:41.346084+00:00,RECOMBOBULATOR_3000,9990000.0,10107954.4,2,4,60.26773285865784
2026-09-09T12:42:41.346084+00:00,SUMMONING_EYE,1256019.3,1369999.1,3,1,60.26773285865784
2026-09-09T12:43:41.616388+00:00,BOOSTER_COOKIE,12421658.6,12500000.0,3,135,60.271671533584595
2026-09-09T12:43:41.616388+00:00,ENCHANTED_DIAMOND,1327.2,1549.3,43847,710,60.271671533584595
2026-09-09T12:43:41.616388+00:00,ENCHANTED_DIAMOND_BLOCK,202000.7,205618.8,3525,24,60.271671533584595
2026-09-09T12:43:41.616388+00:00,NULL_SPHERE,277.7,357.9,14897,1008,60.271671533584595
2026-09-09T12:43:41.616388+00:00,NULL_OVOID,140003.2,166048.3,320,6,60.271671533584595
2026-09-09T12:43:41.616388+00:00,RECOMBOBULATOR_3000,9922188.5,10096158.4,1,1,60.271671533584595
2026-09-09T12:43:41.616388+00:00,SUMMONING_EYE,1256019.6,1369999.9,9,17,60.271671533584595
2026-09-09T12:44:41.863809+00:00,BOOSTER_COOKIE,12421658.3,12500000.0,1,128,60.24996089935303
2026-09-09T12:44:41.863809+00:00,ENCHANTED_DIAMOND,1327.1,1549.2,7699,1792,60.24996089935303
2026-09-09T12:44:41.863809+00:00,ENCHANTED_DIAMOND_BLOCK,202000.7,205618.7,3525,125,60.24996089935303
2026-09-09T12:44:41.863809+00:00,NULL_SPHERE,277.7,357.9,11900,1008,60.24996089935303
2026-09-09T12:44:41.863809+00:00,NULL_OVOID,140003.4,166048.4,320,1636,60.24996089935303
2026-09-09T12:44:41.863809+00:00,RECOMBOBULATOR_3000,9922188.3,10096158.7,3,3,60.24996089935303
2026-09-09T12:44:41.863809+00:00,SUMMONING_EYE,1256019.9,1369999.6,50,1,60.24996089935303
2026-09-09T12:45:42.125014+00:00,BOOSTER_COOKIE,12417535.2,12500000.0,1,117,60.2587571144104
2026-09-09T12:45:42.125014+00:00,ENCHANTED_DIAMOND,1327.1,1549.2,3938,1792,60.2587571144104
2026-09-09T12:45:42.125014+00:00,ENCHANTED_DIAMOND_BLOCK,202000.7,205618.7,3279,125,60.2587571144104
2026-09-09T12:45:42.125014+00:00,NULL_SPHERE,277.8,357.9,16384,1008,60.2587571144104
2026-09-09T12:45:42.125014+00:00,NULL_OVOID,140003.4,166048.4,320,1636,60.2587571144104
2026-09-09T12:45:42.125014+00:00,RECOMBOBULATOR_3000,9922188.6,10096158.4,1,1,60.2587571144104
2026-09-09T12:45:42.125014+00:00,SUMMONING_EYE,1261719.4,1369999.3,2,1,60.2587571144104
2026-09-09T12:46:42.403099+00:00,BOOSTER_COOKIE,12417535.4,12500000.0,1,100,60.276095390319824
2026-09-09T12:46:42.403099+00:00,ENCHANTED_DIAMOND,1327.0,1549.2,66675,1792,60.276095390319824
2026-09-09T12:46:42.403099+00:00,ENCHANTED_DIAMOND_BLOCK,202000.8,205618.6,2,43,60.276095390319824
2026-09-09T12:46:42.403099+00:00,NULL_SPHERE,277.8,357.9,12963,1008,60.276095390319824
2026-09-09T12:46:42.403099+00:00,NULL_OVOID,140003.4,166048.4,320,1636,60.276095390319824
2026-09-09T12:46:42.403099+00:00,RECOMBOBULATOR_3000,9922188.7,10096158.4,7,6,60.276095390319824
2026-09-09T12:46:42.403099+00:00,SUMMONING_EYE,1261719.7,1369999.9,6,4,60.276095390319824
2026-09-09T12:47:42.661584+00:00,BOOSTER_COOKIE,12417535.8,12500000.0,2,54,60.26265907287598
2026-09-09T12:47:42.661584+00:00,ENCHANTED_DIAMOND,1327.1,1550.0,2240,143232,60.26265907287598
2026-09-09T12:47:42.661584+00:00,ENCHANTED_DIAMOND_BLOCK,202000.7,205618.6,3259,43,60.26265907287598
2026-09-09T12:47:42.661584+00:00,NULL_SPHERE,277.8,357.9,11373,1008,60.26265907287598
2026-09-09T12:47:42.661584+00:00,NULL_OVOID,140003.4,166048.4,288,1636,60.26265907287598
2026-09-09T12:47:42.661584+00:00,RECOMBOBULATOR_3000,9922189.0,10096158.3,3,3,60.26265907287598
2026-09-09T12:47:42.661584+00:00,SUMMONING_EYE,1261719.8,1369999.5,7,6,60.26265907287598
2026-09-09T12:48:42.938563+00:00,BOOSTER_COOKIE,12417536.1,12500000.0,1,49,60.27934288978577
2026-09-09T12:48:42.938563+00:00,ENCHANTED_DIAMOND,1327.1,1549.9,980,889,60.27934288978577
2026-09-09T12:48:42.938563+00:00,ENCHANTED_DIAMOND_BLOCK,202000.8,205618.6,40,24,60.27934288978577
2026-09-09T12:48:42.938563+00:00,NULL_SPHERE,277.8,357.9,10747,1008,60.27934288978577
2026-09-09T12:48:42.938563+00:00,NULL_OVOID,140003.4,166048.4,288,1621,60.27934288978577
2026-09-09T12:48:42.938563+00:00,RECOMBOBULATOR_3000,9922188.7,10078761.3,7,1,60.27934288978577
2026-09-09T12:48:42.938563+00:00,SUMMONING_EYE,1261719.9,1369999.6,64,5,60.27934288978577
2026-09-09T12:49:43.182700+00:00,BOOSTER_COOKIE,12417536.4,12500000.0,1,38,60.24320721626282
2026-09-09T12:49:43.182700+00:00,ENCHANTED_DIAMOND,1327.1,1550.0,2176,136920,60.24320721626282
2026-09-09T12:49:43.182700+00:00,ENCHANTED_DIAMOND_BLOCK,202000.7,205618.6,3147,18,60.24320721626282
2026-09-09T12:49:43.182700+00:00,NULL_SPHERE,277.8,357.9,10070,1008,60.24320721626282
2026-09-09T12:49:43.182700+00:00,NULL_OVOID,140003.4,166048.4,288,1621,60.24320721626282
2026-09-09T12:49:43.182700+00:00,RECOMBOBULATOR_3000,9922188.9,10078761.4,5,2,60.24320721626282
2026-09-09T12:49:43.182700+00:00,SUMMONING_EYE,1261720.1,1369999.4,4,4,60.24320721626282
2026-09-09T12:50:43.483679+00:00,BOOSTER_COOKIE,12417536.7,12500000.0,2,22,60.29636073112488
2026-09-09T12:50:43.483679+00:00,ENCHANTED_DIAMOND,1327.1,1550.0,2108,123630,60.29636073112488
2026-09-09T12:50:43.483679+00:00,ENCHANTED_DIAMOND_BLOCK,202000.8,205618.7,2248,87,60.29636073112488
2026-09-09T12:50:43.483679+00:00,NULL_SPHERE,277.9,357.9,64000,944,60.29636073112488
2026-09-09T12:50:43.483679+00:00,NULL_OVOID,140003.4,166048.4,288,1621,60.29636073112488
2026-09-09T12:50:43.483679+00:00,RECOMBOBULATOR_3000,9922188.8,10096158.7,3,1,60.29636073112488
2026-09-09T12:50:43.483679+00:00,SUMMONING_EYE,1261720.4,1359171.1,1,4,60.29636073112488
2026-09-09T12:51:43.771459+00:00,BOOSTER_COOKIE,12417536.7,12499999.9,1,3,60.288475036621094
2026-09-09T12:51:43.771459+00:00,ENCHANTED_DIAMOND,1338.2,1549.6,3716,1408,60.288475036621094
2026-09-09T12:51:43.771459+00:00,ENCHANTED_DIAMOND_BLOCK,202000.8,205619.3,1856,1,60.288475036621094
2026-09-09T12:51:43.771459+00:00,NULL_SPHERE,277.9,357.9,62180,944,60.288475036621094
2026-09-09T12:51:43.771459+00:00,NULL_OVOID,140003.4,166048.4,288,1621,60.288475036621094
2026-09-09T12:51:43.771459+00:00,RECOMBOBULATOR_3000,9922188.7,10096158.6,3,1,60.288475036621094
2026-09-09T12:51:43.771459+00:00,SUMMONING_EYE,1261720.8,1359170.7,1,2,60.288475036621094
2026-09-09T12:52:44.034966+00:00,BOOSTER_COOKIE,12417536.6,12500000.0,1,2,60.26805114746094
2026-09-09T12:52:44.034966+00:00,ENCHANTED_DIAMOND,1327.2,1549.4,72185,922,60.26805114746094
2026-09-09T12:52:44.034966+00:00,ENCHANTED_DIAMOND_BLOCK,202000.8,205619.3,1811,210,60.26805114746094
2026-09-09T12:52:44.034966+00:00,NULL_SPHERE,277.9,357.9,58559,944,60.26805114746094
2026-09-09T12:52:44.034966+00:00,NULL_OVOID,140003.4,166048.4,288,1621,60.26805114746094
2026-09-09T12:52:44.034966+00:00,RECOMBOBULATOR_3000,9922189.0,10096158.2,1,3,60.26805114746094
2026-09-09T12:52:44.034966+00:00,SUMMONING_EYE,1261721.4,1359170.9,7,4,60.26805114746094
2026-09-09T12:53:44.300087+00:00,BOOSTER_COOKIE,12417536.3,12549999.9,2,22,60.25960397720337
2026-09-09T12:53:44.300087+00:00,ENCHANTED_DIAMOND,1327.4,1549.5,2236,32,60.25960397720337
2026-09-09T12:53:44.300087+00:00,ENCHANTED_DIAMOND_BLOCK,202000.9,205619.2,1,13,60.25960397720337
2026-09-09T12:53:44.300087+00:00,NULL_SPHERE,277.9,357.9,57825,944,60.25960397720337
2026-09-09T12:53:44.300087+00:00,NULL_OVOID,140003.4,166048.3,288,373,60.25960397720337
2026-09-09T12:53:44.300087+00:00,RECOMBOBULATOR_3000,9922188.1,10096158.0,3,2,60.25960397720337
2026-09-09T12:53:44.300087+00:00,SUMMONING_EYE,1261721.9,1359170.8,1,3,60.25960397720337
2026-09-09T12:54:44.560354+00:00,BOOSTER_COOKIE,12417534.4,12549999.8,32,1,60.259366512298584
2026-09-09T12:54:44.560354+00:00,ENCHANTED_DIAMOND,1327.3,1549.5,403,157,60.259366512298584
2026-09-09T12:54:44.560354+00:00,ENCHANTED_DIAMOND_BLOCK,202000.8,205619.3,1764,195,60.259366512298584
2026-09-09T12:54:44.560354+00:00,NULL_SPHERE,277.9,357.9,57368,944,60.259366512298584
2026-09-09T12:54:44.560354+00:00,NULL_OVOID,140003.4,166048.3,288,373,60.259366512298584
2026-09-09T12:54:44.560354+00:00,RECOMBOBULATOR_3000,9922188.1,10096157.6,1,1,60.259366512298584
2026-09-09T12:54:44.560354+00:00,SUMMONING_EYE,1261722.3,1359170.5,2,4,60.259366512298584
2026-09-09T12:55:44.843958+00:00,BOOSTER_COOKIE,12417534.8,12549999.5,1,11,60.28588843345642
2026-09-09T12:55:44.843958+00:00,ENCHANTED_DIAMOND,1327.2,1549.2,66757,1472,60.28588843345642
2026-09-09T12:55:44.843958+00:00,ENCHANTED_DIAMOND_BLOCK,202000.8,205619.1,1629,33,60.28588843345642
2026-09-09T12:55:44.843958+00:00,NULL_SPHERE,277.9,357.9,57198,944,60.28588843345642
2026-09-09T12:55:44.843958+00:00,NULL_OVOID,140003.4,166048.3,288,373,60.28588843345642
2026-09-09T12:55:44.843958+00:00,RECOMBOBULATOR_3000,9922187.9,10096158.0,11,1,60.28588843345642
2026-09-09T12:55:44.843958+00:00,SUMMONING_EYE,1261722.3,1359170.2,6,7,60.28588843345642
2026-09-09T12:56:45.103281+00:00,BOOSTER_COOKIE,12417535.3,12549999.5,1,7,60.25822472572327
2026-09-09T12:56:45.103281+00:00,ENCHANTED_DIAMOND,1327.3,1526.9,15137,1152,60.25822472572327
2026-09-09T12:56:45.103281+00:00,ENCHANTED_DIAMOND_BLOCK,202000.8,205619.1,1605,33,60.25822472572327
2026-09-09T12:56:45.103281+00:00,NULL_SPHERE,277.9,357.9,56909,944,60.25822472572327
2026-09-09T12:56:45.103281+00:00,NULL_OVOID,140003.4,166048.2,288,26,60.25822472572327
2026-09-09T12:56:45.103281+00:00,RECOMBOBULATOR_3000,9922188.0,10107955.8,13,1,60.25822472572327
2026-09-09T12:56:45.103281+00:00,SUMMONING_EYE,1261722.7,1359169.5,1,1,60.25822472572327
2026-09-09T12:57:45.340631+00:00,BOOSTER_COOKIE,12417535.2,12549999.6,5,17,60.23773193359375
2026-09-09T12:57:45.340631+00:00,ENCHANTED_DIAMOND,1327.3,1526.8,14192,1088,60.23773193359375
2026-09-09T12:57:45.340631+00:00,ENCHANTED_DIAMOND_BLOCK,202000.8,205257.1,1496,56,60.23773193359375
2026-09-09T12:57:45.340631+00:00,NULL_SPHERE,277.9,357.9,56713,944,60.23773193359375
2026-09-09T12:57:45.340631+00:00,NULL_OVOID,140003.5,166048.2,12,25,60.23773193359375
2026-09-09T12:57:45.340631+00:00,RECOMBOBULATOR_3000,9931476.6,10096157.8,2,1,60.23773193359375
2026-09-09T12:57:45.340631+00:00,SUMMONING_EYE,1261723.1,1349424.4,6,10,60.23773193359375
2026-09-09T12:58:45.607565+00:00,BOOSTER_COOKIE,12417535.4,12549999.5,1,29,60.26615023612976
2026-09-09T12:58:45.607565+00:00,ENCHANTED_DIAMOND,1327.4,1526.9,19986,192,60.26615023612976
2026-09-09T12:58:45.607565+00:00,ENCHANTED_DIAMOND_BLOCK,202000.9,205257.0,9,255,60.26615023612976
2026-09-09T12:58:45.607565+00:00,NULL_SPHERE,277.9,357.9,43812,944,60.26615023612976
2026-09-09T12:58:45.607565+00:00,NULL_OVOID,140003.4,166048.2,288,25,60.26615023612976
2026-09-09T12:58:45.607565+00:00,RECOMBOBULATOR_3000,9931476.6,10107956.8,1,1,60.26615023612976
2026-09-09T12:58:45.607565+00:00,SUMMONING_EYE,1261723.5,1349423.9,4,1,60.26615023612976
2026-09-09T12:59:45.864862+00:00,BOOSTER_COOKIE,12417535.4,12549999.4,1,24,60.25635862350464
2026-09-09T12:59:45.864862+00:00,ENCHANTED_DIAMOND,1327.5,1526.9,41991,1716,60.25635862350464
2026-09-09T12:59:45.864862+00:00,ENCHANTED_DIAMOND_BLOCK,202000.8,205256.9,2287,8,60.25635862350464
2026-09-09T12:59:45.864862+00:00,NULL_SPHERE,277.9,357.9,43218,944,60.25635862350464
2026-09-09T12:59:45.864862+00:00,NULL_OVOID,140003.6,166048.2,96,13,60.25635862350464
2026-09-09T12:59:45.864862+00:00,RECOMBOBULATOR_3000,9931476.7,10128598.2,2,1,60.25635862350464
2026-09-09T12:59:45.864862+00:00,SUMMONING_EYE,1261723.6,1349423.5,6,3,60.25635862350464
2026-09-09T13:00:46.125453+00:00,BOOSTER_COOKIE,12417535.4,12549999.3,1,1,60.267836809158325
2026-09-09T13:00:46.125453+00:00,ENCHANTED_DIAMOND,1327.5,1526.7,40238,1119,60.267836809158325
2026-09-09T13:00:46.125453+00:00,ENCHANTED_DIAMOND_BLOCK,202000.9,205619.2,768,24,60.267836809158325
2026-09-09T13:00:46.125453+00:00,NULL_SPHERE,277.9,357.9,42410,944,60.267836809158325
2026-09-09T13:00:46.125453+00:00,NULL_OVOID,140003.6,163443.8,96,2,60.267836809158325
2026-09-09T13:00:46.125453+00:00,RECOMBOBULATOR_3000,9931476.5,10128598.4,6,1,60.267836809158325
2026-09-09T13:00:46.125453+00:00,SUMMONING_EYE,1261723.7,1340653.3,1,1,60.267836809158325
2026-09-09T13:01:46.411525+00:00,BOOSTER_COOKIE,12417535.5,12549999.4,1,19,60.27959704399109
2026-09-09T13:01:46.411525+00:00,ENCHANTED_DIAMOND,1327.5,1526.5,31492,1357,60.27959704399109
2026-09-09T13:01:46.411525+00:00,ENCHANTED_DIAMOND_BLOCK,202001.0,205619.2,4,24,60.27959704399109
2026-09-09T13:01:46.411525+00:00,NULL_SPHERE,277.9,357.9,41396,944,60.27959704399109
2026-09-09T13:01:46.411525+00:00,NULL_OVOID,140003.6,166048.3,96,213,60.27959704399109
2026-09-09T13:01:46.411525+00:00,RECOMBOBULATOR_3000,9931476.6,10128598.9,5,1,60.27959704399109
2026-09-09T13:01:46.411525+00:00,SUMMONING_EYE,1261723.9,1340652.7,2,3,60.27959704399109
2026-09-09T13:02:46.675428+00:00,BOOSTER_COOKIE,12417534.4,12549999.2,22,3,60.26257920265198
2026-09-09T13:02:46.675428+00:00,ENCHANTED_DIAMOND,1327.6,1526.4,5377,29,60.26257920265198
2026-09-09T13:02:46.675428+00:00,ENCHANTED_DIAMOND_BLOCK,202001.1,205619.2,499,24,60.26257920265198
2026-09-09T13:02:46.675428+00:00,NULL_SPHERE,277.9,357.9,39781,688,60.26257920265198
2026-09-09T13:02:46.675428+00:00,NULL_OVOID,140003.6,166048.3,96,213,60.26257920265198
2026-09-09T13:02:46.675428+00:00,RECOMBOBULATOR_3000,9931476.6,10128599.2,5,48,60.26257920265198
2026-09-09T13:02:46.675428+00:00,SUMMONING_EYE,1261724.1,1340652.3,3,10,60.26257920265198
2026-09-09T13:03:46.949389+00:00,BOOSTER_COOKIE,12417534.5,12549999.2,2,3,60.27751302719116
2026-09-09T13:03:46.949389+00:00,ENCHANTED_DIAMOND,1327.6,1525.8,226,882,60.27751302719116
2026-09-09T13:03:46.949389+00:00,ENCHANTED_DIAMOND_BLOCK,202001.2,205619.3,2470,73,60.27751302719116
2026-09-09T13:03:46.949389+00:00,NULL_SPHERE,277.9,357.9,31873,688,60.27751302719116
2026-09-09T13:03:46.949389+00:00,NULL_OVOID,140003.6,166048.2,96,1472,60.27751302719116
2026-09-09T13:03:46.949389+00:00,RECOMBOBULATOR_3000,9931476.7,10128598.9,1,1,60.27751302719116
2026-09-09T13:03:46.949389+00:00,SUMMONING_EYE,1261724.1,1340651.8,9,3,60.27751302719116
2026-09-09T13:04:47.198680+00:00,BOOSTER_COOKIE,12417534.6,12549999.3,7,2,60.247148513793945
2026-09-09T13:04:47.198680+00:00,ENCHANTED_DIAMOND,1327.5,1525.7,30739,162,60.247148513793945
2026-09-09T13:04:47.198680+00:00,ENCHANTED_DIAMOND_BLOCK,202001.2,205619.2,2307,20,60.247148513793945
2026-09-09T13:04:47.198680+00:00,NULL_SPHERE,277.9,357.9,27945,688,60.247148513793945
2026-09-09T13:04:47.198680+00:00,NULL_OVOID,140003.6,166048.2,96,1472,60.247148513793945
2026-09-09T13:04:47.198680+00:00,RECOMBOBULATOR_3000,9931476.5,10128598.8,6,1,60.247148513793945
2026-09-09T13:04:47.198680+00:00,SUMMONING_EYE,1261724.1,1340651.7,1,3,60.247148513793945
2026-09-09T13:05:47.464529+00:00,BOOSTER_COOKIE,12417534.7,12549999.3,6,1,60.265385150909424
2026-09-09T13:05:47.464529+00:00,ENCHANTED_DIAMOND,1327.5,1525.7,29648,1357,60.265385150909424
2026-09-09T13:05:47.464529+00:00,ENCHANTED_DIAMOND_BLOCK,202001.2,205619.2,2261,20,60.265385150909424
2026-09-09T13:05:47.464529+00:00,NULL_SPHERE,278.1,357.9,19989,688,60.265385150909424
2026-09-09T13:05:47.464529+00:00,NULL_OVOID,140003.6,166048.2,96,1472,60.265385150909424
2026-09-09T13:05:47.464529+00:00,RECOMBOBULATOR_3000,9931476.4,10128598.4,1,2,60.265385150909424
2026-09-09T13:05:47.464529+00:00,SUMMONING_EYE,1261724.1,1340651.2,1,8,60.265385150909424
2026-09-09T13:06:47.709829+00:00,BOOSTER_COOKIE,12417535.0,12549999.5,1,17,60.246126651763916
2026-09-09T13:06:47.709829+00:00,ENCHANTED_DIAMOND,1327.6,1525.6,9149,387,60.246126651763916
2026-09-09T13:06:47.709829+00:00,ENCHANTED_DIAMOND_BLOCK,202001.2,205619.1,2062,24,60.246126651763916
2026-09-09T13:06:47.709829+00:00,NULL_SPHERE,278.1,357.9,19896,688,60.246126651763916
2026-09-09T13:06:47.709829+00:00,NULL_OVOID,140003.7,166048.2,299,1472,60.246126651763916
2026-09-09T13:06:47.709829+00:00,RECOMBOBULATOR_3000,9922187.9,10128598.5,8,4,60.246126651763916
2026-09-09T13:06:47.709829+00:00,SUMMONING_EYE,1261724.3,1332758.1,4,1,60.246126651763916
2026-09-09T13:07:47.958139+00:00,BOOSTER_COOKIE,12417535.3,12549999.5,1,7,60.249125957489014
2026-09-09T13:07:47.958139+00:00,ENCHANTED_DIAMOND,1327.8,1525.4,82647,2176,60.249125957489014
2026-09-09T13:07:47.958139+00:00,ENCHANTED_DIAMOND_BLOCK,202001.2,205619.3,2053,51,60.249125957489014
2026-09-09T13:07:47.958139+00:00,NULL_SPHERE,278.1,357.9,18366,688,60.249125957489014
2026-09-09T13:07:47.958139+00:00,NULL_OVOID,140003.7,166048.2,299,1464,60.249125957489014
2026-09-09T13:07:47.958139+00:00,RECOMBOBULATOR_3000,9922188.0,10128598.5,3,1,60.249125957489014
2026-09-09T13:07:47.958139+00:00,SUMMONING_EYE,1261724.3,1325654.3,1,7,60.249125957489014
2026-09-09T13:08:48.218404+00:00,BOOSTER_COOKIE,12417535.6,12550000.0,7,10,60.257723331451416
2026-09-09T13:08:48.218404+00:00,ENCHANTED_DIAMOND,1327.9,1525.4,71435,320,60.257723331451416
2026-09-09T13:08:48.218404+00:00,ENCHANTED_DIAMOND_BLOCK,202001.2,205619.3,1931,15,60.257723331451416
2026-09-09T13:08:48.218404+00:00,NULL_SPHERE,278.1,357.9,18256,688,60.257723331451416
2026-09-09T13:08:48.218404+00:00,NULL_OVOID,140003.7,166048.2,299,1464,60.257723331451416
2026-09-09T13:08:48.218404+00:00,RECOMBOBULATOR_3000,9922188.1,10128598.5,7,3,60.257723331451416
2026-09-09T13:08:48.218404+00:00,SUMMONING_EYE,1261724.0,1325653.8,32,3,60.257723331451416
2026-09-09T13:09:48.496609+00:00,BOOSTER_COOKIE,12417535.9,12600000.0,2,32,60.2795934677124
2026-09-09T13:09:48.496609+00:00,ENCHANTED_DIAMOND,1328.0,1526.9,49948,1691,60.2795934677124
2026-09-09T13:09:48.496609+00:00,ENCHANTED_DIAMOND_BLOCK,202001.3,205619.3,140,15,60.2795934677124
2026-09-09T13:09:48.496609+00:00,NULL_SPHERE,278.1,357.9,16818,688,60.2795934677124
2026-09-09T13:09:48.496609+00:00,NULL_OVOID,140003.7,166048.2,299,1461,60.2795934677124
2026-09-09T13:09:48.496609+00:00,RECOMBOBULATOR_3000,9922187.9,10128598.1,1,1,60.2795934677124
2026-09-09T13:09:48.496609+00:00,SUMMONING_EYE,1261724.1,1325653.6,4,1,60.2795934677124
2026-09-09T13:10:48.801486+00:00,BOOSTER_COOKIE,12417536.0,12600000.0,1,32,60.305099964141846
2026-09-09T13:10:48.801486+00:00,ENCHANTED_DIAMOND,1328.0,1526.9,68839,1667,60.305099964141846
2026-09-09T13:10:48.801486+00:00,ENCHANTED_DIAMOND_BLOCK,202001.3,205619.4,112,378,60.305099964141846
2026-09-09T13:10:48.801486+00:00,NULL_SPHERE,278.1,357.9,16818,688,60.305099964141846
2026-09-09T13:10:48.801486+00:00,NULL_OVOID,140003.7,166048.1,299,115,60.305099964141846
2026-09-09T13:10:48.801486+00:00,RECOMBOBULATOR_3000,9922187.9,10128598.2,1,1,60.305099964141846
2026-09-09T13:10:48.801486+00:00,SUMMONING_EYE,1261724.0,1319260.5,11,2,60.305099964141846
2026-09-09T13:11:49.024630+00:00,BOOSTER_COOKIE,12417536.3,12600000.0,1,18,60.225284814834595
2026-09-09T13:11:49.024630+00:00,ENCHANTED_DIAMOND,1328.0,1549.4,65911,727,60.225284814834595
2026-09-09T13:11:49.024630+00:00,ENCHANTED_DIAMOND_BLOCK,202001.2,205619.4,1534,354,60.225284814834595
2026-09-09T13:11:49.024630+00:00,NULL_SPHERE,278.1,357.9,13021,688,60.225284814834595
2026-09-09T13:11:49.024630+00:00,NULL_OVOID,140003.8,166048.1,32,19,60.225284814834595
2026-09-09T13:11:49.024630+00:00,RECOMBOBULATOR_3000,9922188.1,10128598.4,3,1,60.225284814834595
2026-09-09T13:11:49.024630+00:00,SUMMONING_EYE,1261724.0,1319260.3,10,1,60.225284814834595
2026-09-09T13:12:49.306813+00:00,BOOSTER_COOKIE,12417536.4,12600000.0,12,13,60.28615689277649
2026-09-09T13:12:49.306813+00:00,ENCHANTED_DIAMOND,1328.0,1549.3,64036,72,60.28615689277649
2026-09-09T13:12:49.306813+00:00,ENCHANTED_DIAMOND_BLOCK,202001.2,205619.3,1510,207,60.28615689277649
2026-09-09T13:12:49.306813+00:00,NULL_SPHERE,278.1,357.9,12766,656,60.28615689277649
2026-09-09T13:12:49.306813+00:00,NULL_OVOID,140003.8,166048.1,32,19,60.28615689277649
2026-09-09T13:12:49.306813+00:00,RECOMBOBULATOR_3000,9922188.2,10128599.1,4,1,60.28615689277649
2026-09-09T13:12:49.306813+00:00,SUMMONING_EYE,1261724.1,1325653.7,8,1,60.28615689277649
2026-09-09T13:13:49.573811+00:00,BOOSTER_COOKIE,12417536.8,12600000.0,8,8,60.26066851615906
2026-09-09T13:13:49.573811+00:00,ENCHANTED_DIAMOND,1328.1,1549.9,67517,318,60.26066851615906
2026-09-09T13:13:49.573811+00:00,ENCHANTED_DIAMOND_BLOCK,202001.2,205619.2,1310,1738,60.26066851615906
2026-09-09T13:13:49.573811+00:00,NULL_SPHERE,278.1,357.9,11919,656,60.26066851615906
2026-09-09T13:13:49.573811+00:00,NULL_OVOID,140003.8,166048.1,32,51,60.26066851615906
2026-09-09T13:13:49.573811+00:00,RECOMBOBULATOR_3000,9922188.4,10128599.0,1,2,60.26066851615906
2026-09-09T13:13:49.573811+00:00,SUMMONING_EYE,1261724.1,1319260.4,7,4,60.26066851615906
2026-09-09T13:14:49.867464+00:00,BOOSTER_COOKIE,12417537.1,12800000.0,13,3,60.2996506690979
2026-09-09T13:14:49.867464+00:00,ENCHANTED_DIAMOND,1328.1,1549.7,66548,322,60.2996506690979
2026-09-09T13:14:49.867464+00:00,ENCHANTED_DIAMOND_BLOCK,202001.2,205619.2,1570,1150,60.2996506690979
2026-09-09T13:14:49.867464+00:00,NULL_SPHERE,277.9,357.9,18095,656,60.2996506690979
2026-09-09T13:14:49.867464+00:00,NULL_OVOID,140003.8,166048.0,32,41,60.2996506690979
2026-09-09T13:14:49.867464+00:00,RECOMBOBULATOR_3000,9922188.5,10128599.0,13,1,60.2996506690979
2026-09-09T13:14:49.867464+00:00,SUMMONING_EYE,1261724.1,1319260.3,6,25,60.2996506690979
2026-09-09T13:15:50.165968+00:00,BOOSTER_COOKIE,12436660.4,12974999.9,12,22,60.29189085960388
2026-09-09T13:15:50.165968+00:00,ENCHANTED_DIAMOND,1328.3,1549.6,71680,56,60.29189085960388
2026-09-09T13:15:50.165968+00:00,ENCHANTED_DIAMOND_BLOCK,202001.2,205619.0,1522,42,60.29189085960388
2026-09-09T13:15:50.165968+00:00,NULL_SPHERE,277.6,357.8,23002,864,60.29189085960388
2026-09-09T13:15:50.165968+00:00,NULL_OVOID,140003.8,166048.0,32,41,60.29189085960388
2026-09-09T13:15:50.165968+00:00,RECOMBOBULATOR_3000,9922188.8,10128598.6,1,1,60.29189085960388
2026-09-09T13:15:50.165968+00:00,SUMMONING_EYE,1261724.1,1319259.9,5,10,60.29189085960388
2026-09-09T13:16:50.799630+00:00,BOOSTER_COOKIE,12436661.0,12974999.9,8,14,60.63788175582886
2026-09-09T13:16:50.799630+00:00,ENCHANTED_DIAMOND,1328.3,1549.7,69538,249,60.63788175582886
2026-09-09T13:16:50.799630+00:00,ENCHANTED_DIAMOND_BLOCK,202001.2,205618.9,1510,114,60.63788175582886
2026-09-09T13:16:50.799630+00:00,NULL_SPHERE,277.6,357.8,11481,864,60.63788175582886
2026-09-09T13:16:50.799630+00:00,NULL_OVOID,140003.8,166048.0,32,41,60.63788175582886
2026-09-09T13:16:50.799630+00:00,RECOMBOBULATOR_3000,9922188.7,10128598.5,4,1,60.63788175582886
2026-09-09T13:16:50.799630+00:00,SUMMONING_EYE,1261724.1,1319259.8,3,1,60.63788175582886
2026-09-09T13:17:51.050822+00:00,BOOSTER_COOKIE,12450000.2,12974999.9,1,9,60.250579595565796
2026-09-09T13:17:51.050822+00:00,ENCHANTED_DIAMOND,1328.3,1550.0,69315,122769,60.250579595565796
2026-09-09T13:17:51.050822+00:00,ENCHANTED_DIAMOND_BLOCK,202001.2,205618.8,1510,1321,60.250579595565796
2026-09-09T13:17:51.050822+00:00,NULL_SPHERE,277.6,357.8,10862,864,60.250579595565796
2026-09-09T13:17:51.050822+00:00,NULL_OVOID,140003.8,166048.0,32,41,60.250579595565796
2026-09-09T13:17:51.050822+00:00,RECOMBOBULATOR_3000,9922188.8,10128598.5,9,1,60.250579595565796
2026-09-09T13:17:51.050822+00:00,SUMMONING_EYE,1261724.0,1319259.8,6,3,60.250579595565796
2026-09-09T13:18:51.322144+00:00,BOOSTER_COOKIE,12450000.7,12974999.9,9,5,60.26861000061035
2026-09-09T13:18:51.322144+00:00,ENCHANTED_DIAMOND,1328.4,1550.0,4068,122289,60.26861000061035
2026-09-09T13:18:51.322144+00:00,ENCHANTED_DIAMOND_BLOCK,202001.2,205619.2,1448,1042,60.26861000061035
2026-09-09T13:18:51.322144+00:00,NULL_SPHERE,277.7,358.1,265,838,60.26861000061035
2026-09-09T13:18:51.322144+00:00,NULL_OVOID,140003.8,166048.0,32,17,60.26861000061035
2026-09-09T13:18:51.322144+00:00,RECOMBOBULATOR_3000,9922188.9,10128598.4,6,2,60.26861000061035
2026-09-09T13:18:51.322144+00:00,SUMMONING_EYE,1261722.8,1319259.7,10,33,60.26861000061035
2026-09-09T13:19:51.601589+00:00,BOOSTER_COOKIE,12476250.8,12975000.0,4,73,60.27877235412598
2026-09-09T13:19:51.601589+00:00,ENCHANTED_DIAMOND,1328.5,1550.0,47880,118896,60.27877235412598
2026-09-09T13:19:51.601589+00:00,ENCHANTED_DIAMOND_BLOCK,202001.3,205619.1,303,138,60.27877235412598
2026-09-09T13:19:51.601589+00:00,NULL_SPHERE,277.6,358.0,8739,864,60.27877235412598
2026-09-09T13:19:51.601589+00:00,NULL_OVOID,140003.9,166048.0,64,17,60.27877235412598
2026-09-09T13:19:51.601589+00:00,RECOMBOBULATOR_3000,9922189.0,10128598.7,2,1,60.27877235412598
2026-09-09T13:19:51.601589+00:00,SUMMONING_EYE,1261722.9,1319259.5,21,4,60.27877235412598
2026-09-09T13:20:51.879389+00:00,BOOSTER_COOKIE,12501188.5,12975000.0,12,63,60.27852463722229
2026-09-09T13:20:51.879389+00:00,ENCHANTED_DIAMOND,1328.6,1549.5,286,337,60.27852463722229
2026-09-09T13:20:51.879389+00:00,ENCHANTED_DIAMOND_BLOCK,202001.3,205618.9,210,32,60.27852463722229
2026-09-09T13:20:51.879389+00:00,NULL_SPHERE,277.6,358.0,3776,864,60.27852463722229
2026-09-09T13:20:51.879389+00:00,NULL_OVOID,140003.9,166048.0,64,17,60.27852463722229
2026-09-09T13:20:51.879389+00:00,RECOMBOBULATOR_3000,9922188.9,10128599.3,2,12,60.27852463722229
2026-09-09T13:20:51.879389+00:00,SUMMONING_EYE,1261722.9,1319259.5,5,5,60.27852463722229
2026-09-09T13:21:52.180325+00:00,BOOSTER_COOKIE,12501188.8,12974999.8,1,2,60.30497622489929
2026-09-09T13:21:52.180325+00:00,ENCHANTED_DIAMOND,1328.5,1549.5,43199,100,60.30497622489929
2026-09-09T13:21:52.180325+00:00,ENCHANTED_DIAMOND_BLOCK,202001.4,205618.7,274,88,60.30497622489929
2026-09-09T13:21:52.180325+00:00,NULL_SPHERE,277.5,358.0,65076,864,60.30497622489929
2026-09-09T13:21:52.180325+00:00,NULL_OVOID,140003.9,166048.1,64,36,60.30497622489929
2026-09-09T13:21:52.180325+00:00,RECOMBOBULATOR_3000,9922189.0,10107958.1,8,1,60.30497622489929
2026-09-09T13:21:52.180325+00:00,SUMMONING_EYE,1261722.9,1319259.4,2,3,60.30497622489929
2026-09-09T13:22:52.602054+00:00,BOOSTER_COOKIE,12524879.7,12974999.9,1,3,60.418803453445435
2026-09-09T13:22:52.602054+00:00,ENCHANTED_DIAMOND,1328.7,1549.5,80298,100,60.418803453445435
2026-09-09T13:22:52.602054+00:00,ENCHANTED_DIAMOND_BLOCK,202001.4,205618.6,188,1,60.418803453445435
2026-09-09T13:22:52.602054+00:00,NULL_SPHERE,277.5,358.0,65076,864,60.418803453445435
2026-09-09T13:22:52.602054+00:00,NULL_OVOID,140004.0,166048.1,300,36,60.418803453445435
2026-09-09T13:22:52.602054+00:00,RECOMBOBULATOR_3000,9922189.0,10107958.1,5,1,60.418803453445435
2026-09-09T13:22:52.602054+00:00,SUMMONING_EYE,1261722.8,1319259.1,9,5,60.418803453445435
2026-09-09T13:23:52.875496+00:00,BOOSTER_COOKIE,12568516.5,12970000.0,1,126,60.27267384529114
2026-09-09T13:23:52.875496+00:00,ENCHANTED_DIAMOND,1329.1,1549.5,71680,99,60.27267384529114
2026-09-09T13:23:52.875496+00:00,ENCHANTED_DIAMOND_BLOCK,202001.4,205619.5,83,1677,60.27267384529114
2026-09-09T13:23:52.875496+00:00,NULL_SPHERE,277.5,358.0,64209,864,60.27267384529114
2026-09-09T13:23:52.875496+00:00,NULL_OVOID,140004.0,166048.1,300,29,60.27267384529114
2026-09-09T13:23:52.875496+00:00,RECOMBOBULATOR_3000,9922189.0,10128599.3,1,7,60.27267384529114
2026-09-09T13:23:52.875496+00:00,SUMMONING_EYE,1261722.8,1319258.8,4,5,60.27267384529114
2026-09-09T13:24:53.127505+00:00,BOOSTER_COOKIE,12568516.7,12969999.9,12,1,60.256221294403076
2026-09-09T13:24:53.127505+00:00,ENCHANTED_DIAMOND,1329.2,1549.9,2240,1379,60.256221294403076
2026-09-09T13:24:53.127505+00:00,ENCHANTED_DIAMOND_BLOCK,202001.3,205619.2,163,486,60.256221294403076
2026-09-09T13:24:53.127505+00:00,NULL_SPHERE,277.5,358.0,59783,864,60.256221294403076
2026-09-09T13:24:53.127505+00:00,NULL_OVOID,140004.0,166048.1,300,29,60.256221294403076
2026-09-09T13:24:53.127505+00:00,RECOMBOBULATOR_3000,9922188.2,10128598.9,1,2,60.256221294403076
2026-09-09T13:24:53.127505+00:00,SUMMONING_EYE,1261723.0,1319259.0,31,6,60.256221294403076
2026-09-09T13:25:53.392229+00:00,BOOSTER_COOKIE,12568516.9,12969999.9,5,1,60.27016568183899
2026-09-09T13:25:53.392229+00:00,ENCHANTED_DIAMOND,1329.2,1550.0,1602,117628,60.27016568183899
2026-09-09T13:25:53.392229+00:00,ENCHANTED_DIAMOND_BLOCK,202001.4,205619.2,2400,452,60.27016568183899
2026-09-09T13:25:53.392229+00:00,NULL_SPHERE,277.6,358.0,40000,864,60.27016568183899
2026-09-09T13:25:53.392229+00:00,NULL_OVOID,140004.0,166048.0,300,248,60.27016568183899
2026-09-09T13:25:53.392229+00:00,RECOMBOBULATOR_3000,9922187.8,10128598.9,4,1,60.27016568183899
2026-09-09T13:25:53.392229+00:00,SUMMONING_EYE,1261723.0,1319258.8,29,14,60.27016568183899
2026-09-09T13:26:53.675729+00:00,BOOSTER_COOKIE,12568517.5,12970000.0,8,87,60.27276277542114
2026-09-09T13:26:53.675729+00:00,ENCHANTED_DIAMOND,1329.2,1549.9,585,704,60.27276277542114
2026-09-09T13:26:53.675729+00:00,ENCHANTED_DIAMOND_BLOCK,202001.5,205619.2,42,421,60.27276277542114
2026-09-09T13:26:53.675729+00:00,NULL_SPHERE,277.6,358.0,38642,864,60.27276277542114
2026-09-09T13:26:53.675729+00:00,NULL_OVOID,140004.0,166048.0,300,248,60.27276277542114
2026-09-09T13:26:53.675729+00:00,RECOMBOBULATOR_3000,9922187.9,10128599.0,1,1,60.27276277542114
2026-09-09T13:26:53.675729+00:00,SUMMONING_EYE,1261723.0,1319258.6,24,7,60.27276277542114
2026-09-09T13:27:53.941971+00:00,BOOSTER_COOKIE,12568517.6,12970000.0,2,82,60.26737642288208
2026-09-09T13:27:53.941971+00:00,ENCHANTED_DIAMOND,1329.3,1549.8,30000,525,60.26737642288208
2026-09-09T13:27:53.941971+00:00,ENCHANTED_DIAMOND_BLOCK,202001.6,205619.1,472,20,60.26737642288208
2026-09-09T13:27:53.941971+00:00,NULL_SPHERE,277.6,358.0,38638,864,60.26737642288208
2026-09-09T13:27:53.941971+00:00,NULL_OVOID,140004.0,166048.0,300,247,60.26737642288208
2026-09-09T13:27:53.941971+00:00,RECOMBOBULATOR_3000,9922187.2,10128598.9,8,4,60.26737642288208
2026-09-09T13:27:53.941971+00:00,SUMMONING_EYE,1261723.0,1319258.5,24,14,60.26737642288208
2026-09-09T13:28:54.190016+00:00,BOOSTER_COOKIE,12568517.9,12970000.0,3,67,60.24770975112915
2026-09-09T13:28:54.190016+00:00,ENCHANTED_DIAMOND,1329.3,1549.4,22863,971,60.24770975112915
2026-09-09T13:28:54.190016+00:00,ENCHANTED_DIAMOND_BLOCK,202001.7,205619.2,1394,77,60.24770975112915
2026-09-09T13:28:54.190016+00:00,NULL_SPHERE,277.6,357.9,38626,445,60.24770975112915
2026-09-09T13:28:54.190016+00:00,NULL_OVOID,140004.1,166047.9,6,63,60.24770975112915
2026-09-09T13:28:54.190016+00:00,RECOMBOBULATOR_3000,9922187.3,10128599.3,4,4,60.24770975112915
2026-09-09T13:28:54.190016+00:00,SUMMONING_EYE,1261723.0,1319258.3,22,22,60.24770975112915
2026-09-09T13:29:54.463824+00:00,BOOSTER_COOKIE,12568518.3,12969999.9,8,2,60.27359342575073
2026-09-09T13:29:54.463824+00:00,ENCHANTED_DIAMOND,1329.6,1549.0,296,1984,60.27359342575073
2026-09-09T13:29:54.463824+00:00,ENCHANTED_DIAMOND_BLOCK,202001.7,205619.1,1173,10,60.27359342575073
2026-09-09T13:29:54.463824+00:00,NULL_SPHERE,277.6,357.9,36456,445,60.27359342575073
2026-09-09T13:29:54.463824+00:00,NULL_OVOID,140004.1,166047.9,6,63,60.27359342575073
2026-09-09T13:29:54.463824+00:00,RECOMBOBULATOR_3000,9922187.3,10128603.7,4,5,60.27359342575073
2026-09-09T13:29:54.463824+00:00,SUMMONING_EYE,1261723.0,1319258.2,14,7,60.27359342575073
2026-09-09T13:30:54.725118+00:00,BOOSTER_COOKIE,12568518.4,12970000.0,1,46,60.264238595962524
2026-09-09T13:30:54.725118+00:00,ENCHANTED_DIAMOND,1329.7,1550.0,44015,111768,60.264238595962524
2026-09-09T13:30:54.725118+00:00,ENCHANTED_DIAMOND_BLOCK,202001.7,205619.1,927,16,60.264238595962524
2026-09-09T13:30:54.725118+00:00,NULL_SPHERE,277.6,357.7,36225,832,60.264238595962524
2026-09-09T13:30:54.725118+00:00,NULL_OVOID,140004.0,166047.8,279,40,60.264238595962524
2026-09-09T13:30:54.725118+00:00,RECOMBOBULATOR_3000,9922187.5,10128603.6,1,1,60.264238595962524
2026-09-09T13:30:54.725118+00:00,SUMMONING_EYE,1261723.0,1319258.2,9,7,60.264238595962524
2026-09-09T13:31:54.993147+00:00,BOOSTER_COOKIE,12568518.6,12969999.9,1,48,60.26762795448303
2026-09-09T13:31:54.993147+00:00,ENCHANTED_DIAMOND,1329.7,1550.0,40345,108792,60.26762795448303
2026-09-09T13:31:54.993147+00:00,ENCHANTED_DIAMOND_BLOCK,202001.7,205619.1,823,4,60.26762795448303
2026-09-09T13:31:54.993147+00:00,NULL_SPHERE,277.6,357.7,31349,832,60.26762795448303
2026-09-09T13:31:54.993147+00:00,NULL_OVOID,140004.0,166047.8,279,40,60.26762795448303
2026-09-09T13:31:54.993147+00:00,RECOMBOBULATOR_3000,9922187.4,10128605.8,7,3,60.26762795448303
2026-09-09T13:31:54.993147+00:00,SUMMONING_EYE,1261723.0,1319258.1,5,14,60.26762795448303
2026-09-09T13:32:55.236371+00:00,BOOSTER_COOKIE,12568519.0,12969999.9,8,39,60.24200224876404
2026-09-09T13:32:55.236371+00:00,ENCHANTED_DIAMOND,1329.7,1550.0,37849,89192,60.24200224876404
2026-09-09T13:32:55.236371+00:00,ENCHANTED_DIAMOND_BLOCK,202001.7,205619.0,512,252,60.24200224876404
2026-09-09T13:32:55.236371+00:00,NULL_SPHERE,277.6,357.7,29758,832,60.24200224876404
2026-09-09T13:32:55.236371+00:00,NULL_OVOID,140004.0,166047.8,279,40,60.24200224876404
2026-09-09T13:32:55.236371+00:00,RECOMBOBULATOR_3000,9922187.4,10128605.8,7,1,60.24200224876404
2026-09-09T13:32:55.236371+00:00,SUMMONING_EYE,1261721.5,1319257.9,26,32,60.24200224876404
2026-09-09T13:33:55.509547+00:00,BOOSTER_COOKIE,12568519.3,12969999.4,40,5,60.273701906204224
2026-09-09T13:33:55.509547+00:00,ENCHANTED_DIAMOND,1329.8,1550.0,1986,62851,60.273701906204224
2026-09-09T13:33:55.509547+00:00,ENCHANTED_DIAMOND_BLOCK,202001.7,205619.0,1878,29,60.273701906204224
2026-09-09T13:33:55.509547+00:00,NULL_SPHERE,277.6,357.7,29758,832,60.273701906204224
2026-09-09T13:33:55.509547+00:00,NULL_OVOID,140004.0,166047.8,279,40,60.273701906204224
2026-09-09T13:33:55.509547+00:00,RECOMBOBULATOR_3000,9922187.5,10128605.7,5,1,60.273701906204224
2026-09-09T13:33:55.509547+00:00,SUMMONING_EYE,1261721.5,1319256.7,25,3,60.273701906204224
2026-09-09T13:34:55.781451+00:00,BOOSTER_COOKIE,12568519.9,12969999.5,1,15,60.27138566970825
2026-09-09T13:34:55.781451+00:00,ENCHANTED_DIAMOND,1329.4,1550.0,51950,62264,60.27138566970825
2026-09-09T13:34:55.781451+00:00,ENCHANTED_DIAMOND_BLOCK,202001.7,205619.5,1862,268,60.27138566970825
2026-09-09T13:34:55.781451+00:00,NULL_SPHERE,277.6,357.7,29049,832,60.27138566970825
2026-09-09T13:34:55.781451+00:00,NULL_OVOID,140004.1,166047.8,64,26,60.27138566970825
2026-09-09T13:34:55.781451+00:00,RECOMBOBULATOR_3000,9932508.5,10147987.5,1,2,60.27138566970825
2026-09-09T13:34:55.781451+00:00,SUMMONING_EYE,1261721.5,1319256.5,23,2,60.27138566970825
2026-09-09T13:35:56.108542+00:00,BOOSTER_COOKIE,12568520.0,12969999.5,8,4,60.32874512672424
2026-09-09T13:35:56.108542+00:00,ENCHANTED_DIAMOND,1329.4,1550.0,50419,52389,60.32874512672424
2026-09-09T13:35:56.108542+00:00,ENCHANTED_DIAMOND_BLOCK,202001.7,205619.5,1862,250,60.32874512672424
2026-09-09T13:35:56.108542+00:00,NULL_SPHERE,277.6,357.7,28751,832,60.32874512672424
2026-09-09T13:35:56.108542+00:00,NULL_OVOID,140004.1,166047.8,64,26,60.32874512672424
2026-09-09T13:35:56.108542+00:00,RECOMBOBULATOR_3000,9932508.6,10147987.4,1,3,60.32874512672424
2026-09-09T13:35:56.108542+00:00,SUMMONING_EYE,1261721.6,1319256.4,32,16,60.32874512672424
2026-09-09T13:36:56.408509+00:00,BOOSTER_COOKIE,12568520.1,12969999.6,4,2,60.29779386520386
2026-09-09T13:36:56.408509+00:00,ENCHANTED_DIAMOND,1329.5,1550.0,1968,42305,60.29779386520386
2026-09-09T13:36:56.408509+00:00,ENCHANTED_DIAMOND_BLOCK,202001.7,205619.5,1851,246,60.29779386520386
2026-09-09T13:36:56.408509+00:00,NULL_SPHERE,277.7,357.7,16205,768,60.29779386520386
2026-09-09T13:36:56.408509+00:00,NULL_OVOID,140004.1,166047.8,64,26,60.29779386520386
2026-09-09T13:36:56.408509+00:00,RECOMBOBULATOR_3000,9932508.8,10147992.9,5,1,60.29779386520386
2026-09-09T13:36:56.408509+00:00,SUMMONING_EYE,1261721.6,1319256.3,31,2,60.29779386520386
2026-09-09T13:37:56.698045+00:00,BOOSTER_COOKIE,12568520.7,12969999.7,5,7,60.2939453125
2026-09-09T13:37:56.698045+00:00,ENCHANTED_DIAMOND,1329.5,1550.0,1071,34781,60.2939453125
2026-09-09T13:37:56.698045+00:00,ENCHANTED_DIAMOND_BLOCK,202182.6,205620.2,10,21,60.2939453125
2026-09-09T13:37:56.698045+00:00,NULL_SPHERE,277.8,357.7,15154,768,60.2939453125
2026-09-09T13:37:56.698045+00:00,NULL_OVOID,140004.1,166047.8,64,26,60.2939453125
2026-09-09T13:37:56.698045+00:00,RECOMBOBULATOR_3000,9932509.0,10126448.5,2,1,60.2939453125
2026-09-09T13:37:56.698045+00:00,SUMMONING_EYE,1261721.6,1319256.0,24,13,60.2939453125
2026-09-09T13:38:56.981778+00:00,BOOSTER_COOKIE,12568521.0,12969999.6,8,9,60.28086543083191
2026-09-09T13:38:56.981778+00:00,ENCHANTED_DIAMOND,1329.5,1549.9,2240,528,60.28086543083191
2026-09-09T13:38:56.981778+00:00,ENCHANTED_DIAMOND_BLOCK,202001.7,205620.0,1809,24,60.28086543083191
2026-09-09T13:38:56.981778+00:00,NULL_SPHERE,277.8,357.7,8924,768,60.28086543083191
2026-09-09T13:38:56.981778+00:00,NULL_OVOID,140004.1,166047.7,64,137,60.28086543083191
2026-09-09T13:38:56.981778+00:00,RECOMBOBULATOR_3000,9932509.0,10107054.3,5,1,60.28086543083191
2026-09-09T13:38:56.981778+00:00,SUMMONING_EYE,1261721.6,1319256.1,22,1,60.28086543083191
2026-09-09T13:39:57.230095+00:00,BOOSTER_COOKIE,12568521.1,12969999.8,1,3,60.24735450744629
2026-09-09T13:39:57.230095+00:00,ENCHANTED_DIAMOND,1329.8,1550.0,1683,32547,60.24735450744629
2026-09-09T13:39:57.230095+00:00,ENCHANTED_DIAMOND_BLOCK,202001.8,205619.9,281,368,60.24735450744629
2026-09-09T13:39:57.230095+00:00,NULL_SPHERE,277.8,357.7,7832,768,60.24735450744629
2026-09-09T13:39:57.230095+00:00,NULL_OVOID,140004.1,166047.7,64,137,60.24735450744629
2026-09-09T13:39:57.230095+00:00,RECOMBOBULATOR_3000,9932509.3,10148863.0,4,12,60.24735450744629
2026-09-09T13:39:57.230095+00:00,SUMMONING_EYE,1261721.6,1319255.9,18,3,60.24735450744629
2026-09-09T13:40:57.482748+00:00,BOOSTER_COOKIE,12568521.5,12970000.0,1,11,60.25369954109192
2026-09-09T13:40:57.482748+00:00,ENCHANTED_DIAMOND,1330.0,1549.9,1494,581,60.25369954109192
2026-09-09T13:40:57.482748+00:00,ENCHANTED_DIAMOND_BLOCK,202001.9,205996.8,123,343,60.25369954109192
2026-09-09T13:40:57.482748+00:00,NULL_SPHERE,277.9,357.7,3580,768,60.25369954109192
2026-09-09T13:40:57.482748+00:00,NULL_OVOID,140004.1,166047.7,64,125,60.25369954109192
2026-09-09T13:40:57.482748+00:00,RECOMBOBULATOR_3000,9932509.1,10148862.6,1,6,60.25369954109192
2026-09-09T13:40:57.482748+00:00,SUMMONING_EYE,1261721.6,1319255.8,11,2,60.25369954109192
2026-09-09T13:41:57.764818+00:00,BOOSTER_COOKIE,12568519.4,12969999.4,2,3,60.280094623565674
2026-09-09T13:41:57.764818+00:00,ENCHANTED_DIAMOND,1330.2,1550.0,1716,10881,60.280094623565674
2026-09-09T13:41:57.764818+00:00,ENCHANTED_DIAMOND_BLOCK,202001.8,205996.8,242,333,60.280094623565674
2026-09-09T13:41:57.764818+00:00,NULL_SPHERE,278.0,357.7,3405,768,60.280094623565674
2026-09-09T13:41:57.764818+00:00,NULL_OVOID,140004.1,166047.7,64,125,60.280094623565674
2026-09-09T13:41:57.764818+00:00,RECOMBOBULATOR_3000,9932509.0,10148862.4,2,2,60.280094623565674
2026-09-09T13:41:57.764818+00:00,SUMMONING_EYE,1261721.6,1319255.5,8,1,60.280094623565674
2026-09-09T13:42:58.002136+00:00,BOOSTER_COOKIE,12568519.5,12968999.9,6,13,60.23987627029419
2026-09-09T13:42:58.002136+00:00,ENCHANTED_DIAMOND,1330.2,1549.9,369,415,60.23987627029419
2026-09-09T13:42:58.002136+00:00,ENCHANTED_DIAMOND_BLOCK,202001.7,205996.8,1283,305,60.23987627029419
2026-09-09T13:42:58.002136+00:00,NULL_SPHERE,277.7,357.7,2837,768,60.23987627029419
2026-09-09T13:42:58.002136+00:00,NULL_OVOID,140004.1,166047.5,64,221,60.23987627029419
2026-09-09T13:42:58.002136+00:00,RECOMBOBULATOR_3000,9912456.7,10148861.9,1,8,60.23987627029419
2026-09-09T13:42:58.002136+00:00,SUMMONING_EYE,1261721.7,1319255.3,245,1,60.23987627029419
2026-09-09T13:43:58.277108+00:00,BOOSTER_COOKIE,12607566.4,12968999.8,1,2,60.273916721343994
2026-09-09T13:43:58.277108+00:00,ENCHANTED_DIAMOND,1330.1,1549.7,70620,1920,60.273916721343994
2026-09-09T13:43:58.277108+00:00,ENCHANTED_DIAMOND_BLOCK,202002.0,205996.8,48,36,60.273916721343994
2026-09-09T13:43:58.277108+00:00,NULL_SPHERE,277.8,357.7,65124,736,60.273916721343994
2026-09-09T13:43:58.277108+00:00,NULL_OVOID,140004.1,166047.5,64,220,60.273916721343994
2026-09-09T13:43:58.277108+00:00,RECOMBOBULATOR_3000,9912457.0,10125220.5,3,1,60.273916721343994
2026-09-09T13:43:58.277108+00:00,SUMMONING_EYE,1261721.5,1319255.0,16,16,60.273916721343994
2026-09-09T13:44:58.556923+00:00,BOOSTER_COOKIE,12625638.3,12968999.8,8,2,60.27687191963196
2026-09-09T13:44:58.556923+00:00,ENCHANTED_DIAMOND,1330.3,1549.4,71364,525,60.27687191963196
2026-09-09T13:44:58.556923+00:00,ENCHANTED_DIAMOND_BLOCK,202001.9,205996.7,1587,48,60.27687191963196
2026-09-09T13:44:58.556923+00:00,NULL_SPHERE,277.8,357.7,64200,736,60.27687191963196
2026-09-09T13:44:58.556923+00:00,NULL_OVOID,140004.1,166047.5,64,220,60.27687191963196
2026-09-09T13:44:58.556923+00:00,RECOMBOBULATOR_3000,9912456.9,10125219.9,2,1,60.27687191963196
2026-09-09T13:44:58.556923+00:00,SUMMONING_EYE,1256015.8,1319254.9,5,29,60.27687191963196
2026-09-09T13:45:58.819028+00:00,BOOSTER_COOKIE,12625638.6,12969000.0,1,109,60.26355314254761
2026-09-09T13:45:58.819028+00:00,ENCHANTED_DIAMOND,1330.4,1550.0,2110,2878,60.26355314254761
2026-09-09T13:45:58.819028+00:00,ENCHANTED_DIAMOND_BLOCK,202001.9,205996.5,1583,382,60.26355314254761
2026-09-09T13:45:58.819028+00:00,NULL_SPHERE,277.9,357.7,2837,736,60.26355314254761
2026-09-09T13:45:58.819028+00:00,NULL_OVOID,140004.1,166047.5,64,213,60.26355314254761
2026-09-09T13:45:58.819028+00:00,RECOMBOBULATOR_3000,9912456.9,10125219.5,1,3,60.26355314254761
2026-09-09T13:45:58.819028+00:00,SUMMONING_EYE,1256015.8,1319254.7,5,10,60.26355314254761
2026-09-09T13:46:59.083013+00:00,BOOSTER_COOKIE,12642807.2,12969000.0,2,105,60.264673709869385
2026-09-09T13:46:59.083013+00:00,ENCHANTED_DIAMOND,1330.6,1690.0,1387,43414,60.264673709869385
2026-09-09T13:46:59.083013+00:00,ENCHANTED_DIAMOND_BLOCK,202002.0,205996.4,550,16,60.264673709869385
2026-09-09T13:46:59.083013+00:00,NULL_SPHERE,277.9,357.6,1982,245,60.264673709869385
2026-09-09T13:46:59.083013+00:00,NULL_OVOID,140004.2,166047.5,6,191,60.264673709869385
2026-09-09T13:46:59.083013+00:00,RECOMBOBULATOR_3000,9912456.9,10125219.2,1,3,60.264673709869385
2026-09-09T13:46:59.083013+00:00,SUMMONING_EYE,1256015.9,1319254.4,22,34,60.264673709869385
2026-09-09T13:47:59.366636+00:00,BOOSTER_COOKIE,12642807.0,12969000.0,20,96,60.28201985359192
2026-09-09T13:47:59.366636+00:00,ENCHANTED_DIAMOND,1330.8,1690.0,1925,33638,60.28201985359192
2026-09-09T13:47:59.366636+00:00,ENCHANTED_DIAMOND_BLOCK,202002.3,205996.5,325,125,60.28201985359192
2026-09-09T13:47:59.366636+00:00,NULL_SPHERE,278.0,357.6,1055,245,60.28201985359192
2026-09-09T13:47:59.366636+00:00,NULL_OVOID,140004.3,166047.5,96,187,60.28201985359192
2026-09-09T13:47:59.366636+00:00,RECOMBOBULATOR_3000,9912456.7,10125219.1,4,4,60.28201985359192
2026-09-09T13:47:59.366636+00:00,SUMMONING_EYE,1256015.9,1319254.1,18,14,60.28201985359192
2026-09-09T13:48:59.617672+00:00,BOOSTER_COOKIE,12659116.8,12969000.0,1,84,60.252320766448975
2026-09-09T13:48:59.617672+00:00,ENCHANTED_DIAMOND,1330.8,1689.9,2157,1024,60.252320766448975
2026-09-09T13:48:59.617672+00:00,ENCHANTED_DIAMOND_BLOCK,202002.3,205996.4,316,252,60.252320766448975
2026-09-09T13:48:59.617672+00:00,NULL_SPHERE,278.0,357.6,907,245,60.252320766448975
2026-09-09T13:48:59.617672+00:00,NULL_OVOID,140004.4,166047.5,17,179,60.252320766448975
2026-09-09T13:48:59.617672+00:00,RECOMBOBULATOR_3000,9912456.8,10125219.4,2,2,60.252320766448975
2026-09-09T13:48:59.617672+00:00,SUMMONING_EYE,1256015.9,1319253.9,18,1,60.252320766448975
2026-09-09T13:49:59.859436+00:00,BOOSTER_COOKIE,12659117.0,12969000.0,1,79,60.246817111968994
2026-09-09T13:49:59.859436+00:00,ENCHANTED_DIAMOND,1330.9,1689.9,1852,1628,60.246817111968994
2026-09-09T13:49:59.859436+00:00,ENCHANTED_DIAMOND_BLOCK,202002.4,205996.1,65,24,60.246817111968994
2026-09-09T13:49:59.859436+00:00,NULL_SPHERE,277.8,357.6,63949,155,60.246817111968994
2026-09-09T13:49:59.859436+00:00,NULL_OVOID,140004.4,166047.6,17,512,60.246817111968994
2026-09-09T13:49:59.859436+00:00,RECOMBOBULATOR_3000,9912456.6,10125219.8,7,1,60.246817111968994
2026-09-09T13:49:59.859436+00:00,SUMMONING_EYE,1256015.9,1319253.8,10,16,60.246817111968994
2026-09-09T13:51:00.106442+00:00,BOOSTER_COOKIE,12659117.4,12969000.0,1,69,60.24309325218201
2026-09-09T13:51:00.106442+00:00,ENCHANTED_DIAMOND,1331.0,1690.0,99,17316,60.24309325218201
2026-09-09T13:51:00.106442+00:00,ENCHANTED_DIAMOND_BLOCK,202002.3,205995.9,225,94,60.24309325218201
2026-09-09T13:51:00.106442+00:00,NULL_SPHERE,277.8,357.6,63933,155,60.24309325218201
2026-09-09T13:51:00.106442+00:00,NULL_OVOID,140004.4,166047.5,17,184,60.24309325218201
2026-09-09T13:51:00.106442+00:00,RECOMBOBULATOR_3000,9912456.6,10125219.6,2,3,60.24309325218201
2026-09-09T13:51:00.106442+00:00,SUMMONING_EYE,1256015.9,1319253.6,8,21,60.24309325218201
2026-09-09T13:52:00.380166+00:00,BOOSTER_COOKIE,12659117.7,12885021.8,1,11,60.27424883842468
2026-09-09T13:52:00.380166+00:00,ENCHANTED_DIAMOND,1330.8,1690.0,14739,9380,60.27424883842468
2026-09-09T13:52:00.380166+00:00,ENCHANTED_DIAMOND_BLOCK,202002.4,205599.9,38,63,60.27424883842468
2026-09-09T13:52:00.380166+00:00,NULL_SPHERE,277.8,357.6,55627,155,60.27424883842468
2026-09-09T13:52:00.380166+00:00,NULL_OVOID,140004.3,166047.5,96,184,60.27424883842468
2026-09-09T13:52:00.380166+00:00,RECOMBOBULATOR_3000,9912456.8,10125219.5,11,1,60.27424883842468
2026-09-09T13:52:00.380166+00:00,SUMMONING_EYE,1256015.9,1319253.4,3,4,60.27424883842468
2026-09-09T13:53:00.653790+00:00,BOOSTER_COOKIE,12659118.0,12823801.7,1,16,60.27086782455444
2026-09-09T13:53:00.653790+00:00,ENCHANTED_DIAMOND,1330.8,1692.0,6415,47160,60.27086782455444
2026-09-09T13:53:00.653790+00:00,ENCHANTED_DIAMOND_BLOCK,202002.3,205599.9,67,3,60.27086782455444
2026-09-09T13:53:00.653790+00:00,NULL_SPHERE,277.8,357.6,55619,155,60.27086782455444
2026-09-09T13:53:00.653790+00:00,NULL_OVOID,140004.3,166047.5,96,167,60.27086782455444
2026-09-09T13:53:00.653790+00:00,RECOMBOBULATOR_3000,9912456.9,10125219.2,2,1,60.27086782455444
2026-09-09T13:53:00.653790+00:00,SUMMONING_EYE,1256016.0,1319253.0,1,22,60.27086782455444
2026-09-09T13:54:00.898395+00:00,BOOSTER_COOKIE,12659118.5,12792511.8,1,6,60.24261522293091
2026-09-09T13:54:00.898395+00:00,ENCHANTED_DIAMOND,1330.8,1692.0,5388,29720,60.24261522293091
2026-09-09T13:54:00.898395+00:00,ENCHANTED_DIAMOND_BLOCK,202002.3,205599.7,24,15,60.24261522293091
2026-09-09T13:54:00.898395+00:00,NULL_SPHERE,277.8,357.6,55397,155,60.24261522293091
2026-09-09T13:54:00.898395+00:00,NULL_OVOID,140004.3,166047.5,96,167,60.24261522293091
2026-09-09T13:54:00.898395+00:00,RECOMBOBULATOR_3000,9912456.9,10125218.7,2,1,60.24261522293091
2026-09-09T13:54:00.898395+00:00,SUMMONING_EYE,1256015.8,1319252.7,4,16,60.24261522293091
2026-09-09T13:55:01.169612+00:00,BOOSTER_COOKIE,12659118.7,12938011.9,8,14,60.27316880226135
2026-09-09T13:55:01.169612+00:00,ENCHANTED_DIAMOND,1331.1,1691.7,2214,1984,60.27316880226135
2026-09-09T13:55:01.169612+00:00,ENCHANTED_DIAMOND_BLOCK,202002.0,205599.5,389,364,60.27316880226135
2026-09-09T13:55:01.169612+00:00,NULL_SPHERE,277.8,357.6,53947,155,60.27316880226135
2026-09-09T13:55:01.169612+00:00,NULL_OVOID,140004.3,166047.4,96,358,60.27316880226135
2026-09-09T13:55:01.169612+00:00,RECOMBOBULATOR_3000,9912457.0,10125218.6,3,2,60.27316880226135
2026-09-09T13:55:01.169612+00:00,SUMMONING_EYE,1256013.8,1319252.1,94,9,60.27316880226135
2026-09-09T13:56:01.406790+00:00,BOOSTER_COOKIE,12659119.0,12910122.4,1,8,60.23855233192444
2026-09-09T13:56:01.406790+00:00,ENCHANTED_DIAMOND,1331.3,1691.7,39,1982,60.23855233192444
2026-09-09T13:56:01.406790+00:00,ENCHANTED_DIAMOND_BLOCK,202002.1,205599.3,2441,90,60.23855233192444
2026-09-09T13:56:01.406790+00:00,NULL_SPHERE,277.8,357.6,53737,155,60.23855233192444
2026-09-09T13:56:01.406790+00:00,NULL_OVOID,140004.3,166047.4,96,80,60.23855233192444
2026-09-09T13:56:01.406790+00:00,RECOMBOBULATOR_3000,9912456.8,10125218.5,6,2,60.23855233192444
2026-09-09T13:56:01.406790+00:00,SUMMONING_EYE,1256014.0,1319251.6,7,2,60.23855233192444
2026-09-09T13:57:01.677627+00:00,BOOSTER_COOKIE,12659119.3,12938011.7,12,4,60.27078366279602
2026-09-09T13:57:01.677627+00:00,ENCHANTED_DIAMOND,1331.3,1691.7,584,1398,60.27078366279602
2026-09-09T13:57:01.677627+00:00,ENCHANTED_DIAMOND_BLOCK,202002.1,205599.6,2378,90,60.27078366279602
2026-09-09T13:57:01.677627+00:00,NULL_SPHERE,277.8,357.6,52727,155,60.27078366279602
2026-09-09T13:57:01.677627+00:00,NULL_OVOID,140004.5,166047.4,63,80,60.27078366279602
2026-09-09T13:57:01.677627+00:00,RECOMBOBULATOR_3000,9912456.9,10125218.2,3,2,60.27078366279602
2026-09-09T13:57:01.677627+00:00,SUMMONING_EYE,1256014.1,1319251.3,1,16,60.27078366279602
2026-09-09T13:58:01.959072+00:00,BOOSTER_COOKIE,12659119.4,12938011.8,8,4,60.28261137008667
2026-09-09T13:58:01.959072+00:00,ENCHANTED_DIAMOND,1331.3,1691.8,2146,752,60.28261137008667
2026-09-09T13:58:01.959072+00:00,ENCHANTED_DIAMOND_BLOCK,202182.1,205599.4,239,63,60.28261137008667
2026-09-09T13:58:01.959072+00:00,NULL_SPHERE,277.8,357.5,49218,768,60.28261137008667
2026-09-09T13:58:01.959072+00:00,NULL_OVOID,140004.5,166047.3,63,122,60.28261137008667
2026-09-09T13:58:01.959072+00:00,RECOMBOBULATOR_3000,9923095.1,10125217.5,1,1,60.28261137008667
2026-09-09T13:58:01.959072+00:00,SUMMONING_EYE,1256014.1,1319250.7,12,7,60.28261137008667
2026-09-09T13:59:02.183645+00:00,BOOSTER_COOKIE,12659119.7,12938011.7,1,1,60.22360873222351
2026-09-09T13:59:02.183645+00:00,ENCHANTED_DIAMOND,1331.5,1691.8,2150,752,60.22360873222351
2026-09-09T13:59:02.183645+00:00,ENCHANTED_DIAMOND_BLOCK,202182.2,205599.4,10,47,60.22360873222351
2026-09-09T13:59:02.183645+00:00,NULL_SPHERE,277.9,357.5,61062,768,60.22360873222351
2026-09-09T13:59:02.183645+00:00,NULL_OVOID,140004.5,166047.3,63,122,60.22360873222351
2026-09-09T13:59:02.183645+00:00,RECOMBOBULATOR_3000,9923095.2,10125217.5,7,5,60.22360873222351
2026-09-09T13:59:02.183645+00:00,SUMMONING_EYE,1256014.1,1319250.0,11,5,60.22360873222351
2026-09-09T14:00:02.573043+00:00,BOOSTER_COOKIE,12659120.0,12968999.9,1,1,60.38994288444519
2026-09-09T14:00:02.573043+00:00,ENCHANTED_DIAMOND,1331.6,1691.5,71277,1600,60.38994288444519
2026-09-09T14:00:02.573043+00:00,ENCHANTED_DIAMOND_BLOCK,202182.2,205257.6,1441,42,60.38994288444519
2026-09-09T14:00:02.573043+00:00,NULL_SPHERE,277.9,357.5,60503,768,60.38994288444519
2026-09-09T14:00:02.573043+00:00,NULL_OVOID,140004.5,166047.3,63,26,60.38994288444519
2026-09-09T14:00:02.573043+00:00,RECOMBOBULATOR_3000,9923095.2,10125217.4,6,3,60.38994288444519
2026-09-09T14:00:02.573043+00:00,SUMMONING_EYE,1256014.1,1319249.2,6,10,60.38994288444519
2026-09-09T14:01:02.798372+00:00,BOOSTER_COOKIE,12659120.2,12969000.0,9,55,60.22279405593872
2026-09-09T14:01:02.798372+00:00,ENCHANTED_DIAMOND,1331.8,1691.0,71256,2176,60.22279405593872
2026-09-09T14:01:02.798372+00:00,ENCHANTED_DIAMOND_BLOCK,202182.1,205257.5,10,336,60.22279405593872
2026-09-09T14:01:02.798372+00:00,NULL_SPHERE,277.9,357.5,60503,768,60.22279405593872
2026-09-09T14:01:02.798372+00:00,NULL_OVOID,140004.5,166047.3,63,26,60.22279405593872
2026-09-09T14:01:02.798372+00:00,RECOMBOBULATOR_3000,9923095.0,10125216.7,12,2,60.22279405593872
2026-09-09T14:01:02.798372+00:00,SUMMONING_EYE,1256014.1,1319248.7,1,38,60.22279405593872
2026-09-09T14:02:03.087488+00:00,BOOSTER_COOKIE,12659120.6,12969000.0,1,37,60.300522804260254
2026-09-09T14:02:03.087488+00:00,ENCHANTED_DIAMOND,1332.1,1691.0,71675,1192,60.300522804260254
2026-09-09T14:02:03.087488+00:00,ENCHANTED_DIAMOND_BLOCK,202002.1,205257.5,1448,297,60.300522804260254
2026-09-09T14:02:03.087488+00:00,NULL_SPHERE,277.9,357.5,55717,768,60.300522804260254
2026-09-09T14:02:03.087488+00:00,NULL_OVOID,140004.5,166047.3,42,18,60.300522804260254
2026-09-09T14:02:03.087488+00:00,RECOMBOBULATOR_3000,9923095.1,10125217.0,7,1,60.300522804260254
2026-09-09T14:02:03.087488+00:00,SUMMONING_EYE,1256013.9,1319248.1,12,1,60.300522804260254
2026-09-09T14:03:03.318147+00:00,BOOSTER_COOKIE,12659120.8,12969000.0,1,33,60.221285581588745
2026-09-09T14:03:03.318147+00:00,ENCHANTED_DIAMOND,1332.2,1691.2,2240,1473,60.221285581588745
2026-09-09T14:03:03.318147+00:00,ENCHANTED_DIAMOND_BLOCK,202002.1,205257.3,1400,75,60.221285581588745
2026-09-09T14:03:03.318147+00:00,NULL_SPHERE,277.9,357.5,52079,768,60.221285581588745
2026-09-09T14:03:03.318147+00:00,NULL_OVOID,140004.4,166047.3,245,18,60.221285581588745
2026-09-09T14:03:03.318147+00:00,RECOMBOBULATOR_3000,9923095.3,10125216.9,9,2,60.221285581588745
2026-09-09T14:03:03.318147+00:00,SUMMONING_EYE,1256013.9,1319247.7,9,22,60.221285581588745
2026-09-09T14:04:03.569068+00:00,BOOSTER_COOKIE,12659121.3,12968999.9,1,8,60.25121569633484
2026-09-09T14:04:03.569068+00:00,ENCHANTED_DIAMOND,1332.2,1690.9,2240,1526,60.25121569633484
2026-09-09T14:04:03.569068+00:00,ENCHANTED_DIAMOND_BLOCK,202002.1,205257.3,1320,158,60.25121569633484
2026-09-09T14:04:03.569068+00:00,NULL_SPHERE,277.9,357.5,20821,768,60.25121569633484
2026-09-09T14:04:03.569068+00:00,NULL_OVOID,140004.4,166047.3,245,18,60.25121569633484
2026-09-09T14:04:03.569068+00:00,RECOMBOBULATOR_3000,9933201.4,10125217.4,4,1,60.25121569633484
2026-09-09T14:04:03.569068+00:00,SUMMONING_EYE,1256013.9,1319247.0,3,2,60.25121569633484
2026-09-09T14:05:03.837649+00:00,BOOSTER_COOKIE,12659121.9,12969000.0,1,12,60.26886487007141
2026-09-09T14:05:03.837649+00:00,ENCHANTED_DIAMOND,1332.2,1690.8,74437,357,60.26886487007141
2026-09-09T14:05:03.837649+00:00,ENCHANTED_DIAMOND_BLOCK,202002.1,205257.3,827,130,60.26886487007141
2026-09-09T14:05:03.837649+00:00,NULL_SPHERE,277.9,357.5,20811,768,60.26886487007141
2026-09-09T14:05:03.837649+00:00,NULL_OVOID,140004.4,166047.3,245,18,60.26886487007141
2026-09-09T14:05:03.837649+00:00,RECOMBOBULATOR_3000,9933201.5,10125217.2,2,3,60.26886487007141
2026-09-09T14:05:03.837649+00:00,SUMMONING_EYE,1256013.9,1319246.4,3,5,60.26886487007141
2026-09-09T14:06:04.068796+00:00,BOOSTER_COOKIE,12659122.1,12969000.0,11,4,60.23464274406433
2026-09-09T14:06:04.068796+00:00,ENCHANTED_DIAMOND,1332.3,1690.5,558,1472,60.23464274406433
2026-09-09T14:06:04.068796+00:00,ENCHANTED_DIAMOND_BLOCK,202002.3,205257.2,238,276,60.23464274406433
2026-09-09T14:06:04.068796+00:00,NULL_SPHERE,277.9,357.5,20376,680,60.23464274406433
2026-09-09T14:06:04.068796+00:00,NULL_OVOID,140004.4,166047.5,245,73,60.23464274406433
2026-09-09T14:06:04.068796+00:00,RECOMBOBULATOR_3000,9912454.8,10125216.9,4,4,60.23464274406433
2026-09-09T14:06:04.068796+00:00,SUMMONING_EYE,1256014.0,1319245.3,16,16,60.23464274406433
2026-09-09T14:07:04.310800+00:00,BOOSTER_COOKIE,12659122.3,12970000.0,1,8,60.23782229423523
2026-09-09T14:07:04.310800+00:00,ENCHANTED_DIAMOND,1332.2,1690.4,68560,109,60.23782229423523
2026-09-09T14:07:04.310800+00:00,ENCHANTED_DIAMOND_BLOCK,202002.4,205257.2,338,276,60.23782229423523
2026-09-09T14:07:04.310800+00:00,NULL_SPHERE,277.9,357.5,18942,680,60.23782229423523
2026-09-09T14:07:04.310800+00:00,NULL_OVOID,140004.5,166047.5,279,65,60.23782229423523
2026-09-09T14:07:04.310800+00:00,RECOMBOBULATOR_3000,9912454.9,10125217.6,8,1,60.23782229423523
2026-09-09T14:07:04.310800+00:00,SUMMONING_EYE,1256014.2,1319245.0,9,1,60.23782229423523
2026-09-09T14:08:04.545947+00:00,BOOSTER_COOKIE,12659122.7,12974999.9,5,12,60.236207723617554
2026-09-09T14:08:04.545947+00:00,ENCHANTED_DIAMOND,1332.3,1690.1,9418,12,60.236207723617554
2026-09-09T14:08:04.545947+00:00,ENCHANTED_DIAMOND_BLOCK,202002.5,205257.1,1130,288,60.236207723617554
2026-09-09T14:08:04.545947+00:00,NULL_SPHERE,277.9,357.5,18652,680,60.236207723617554
2026-09-09T14:08:04.545947+00:00,NULL_OVOID,140004.5,166047.5,279,65,60.236207723617554
2026-09-09T14:08:04.545947+00:00,RECOMBOBULATOR_3000,9912455.1,10125217.6,5,1,60.236207723617554
2026-09-09T14:08:04.545947+00:00,SUMMONING_EYE,1256014.4,1319244.4,1,19,60.236207723617554
2026-09-09T14:09:04.795626+00:00,BOOSTER_COOKIE,12659122.9,12866369.6,1,23,60.251363039016724
2026-09-09T14:09:04.795626+00:00,ENCHANTED_DIAMOND,1332.4,1690.0,68926,2049,60.251363039016724
2026-09-09T14:09:04.795626+00:00,ENCHANTED_DIAMOND_BLOCK,202002.5,205257.1,1099,273,60.251363039016724
2026-09-09T14:09:04.795626+00:00,NULL_SPHERE,277.9,357.5,15586,680,60.251363039016724
2026-09-09T14:09:04.795626+00:00,NULL_OVOID,140004.5,166047.5,279,65,60.251363039016724
2026-09-09T14:09:04.795626+00:00,RECOMBOBULATOR_3000,9912455.3,10125217.9,4,1,60.251363039016724
2026-09-09T14:09:04.795626+00:00,SUMMONING_EYE,1256014.5,1319244.0,4,2,60.251363039016724
2026-09-09T14:10:05.082805+00:00,BOOSTER_COOKIE,12659123.4,12795097.4,13,27,60.37672281265259
2026-09-09T14:10:05.082805+00:00,ENCHANTED_DIAMOND,1332.4,1689.7,67223,537,60.37672281265259
2026-09-09T14:10:05.082805+00:00,ENCHANTED_DIAMOND_BLOCK,202002.6,205257.0,8,3,60.37672281265259
2026-09-09T14:10:05.082805+00:00,NULL_SPHERE,277.9,357.5,12826,680,60.37672281265259
2026-09-09T14:10:05.082805+00:00,NULL_OVOID,140004.5,166047.5,279,65,60.37672281265259
2026-09-09T14:10:05.082805+00:00,RECOMBOBULATOR_3000,9912455.2,10125219.1,3,1,60.37672281265259
2026-09-09T14:10:05.082805+00:00,SUMMONING_EYE,1256014.7,1319243.5,2,14,60.37672281265259
2026-09-09T14:11:05.390619+00:00,BOOSTER_COOKIE,12659123.0,12758248.4,2,19,60.305466651916504
2026-09-09T14:11:05.390619+00:00,ENCHANTED_DIAMOND,1332.4,1689.8,65574,15,60.305466651916504
2026-09-09T14:11:05.390619+00:00,ENCHANTED_DIAMOND_BLOCK,202002.7,205257.1,10,270,60.305466651916504
2026-09-09T14:11:05.390619+00:00,NULL_SPHERE,277.9,357.5,9927,680,60.305466651916504
2026-09-09T14:11:05.390619+00:00,NULL_OVOID,140004.5,166047.5,279,29,60.305466651916504
2026-09-09T14:11:05.390619+00:00,RECOMBOBULATOR_3000,9912455.4,10125219.1,42,1,60.305466651916504
2026-09-09T14:11:05.390619+00:00,SUMMONING_EYE,1256014.1,1319243.0,53,2,60.305466651916504
2026-09-09T14:12:05.755594+00:00,BOOSTER_COOKIE,12659123.2,12739414.6,2,14,60.27705478668213
2026-09-09T14:12:05.755594+00:00,ENCHANTED_DIAMOND,1332.5,1689.7,50000,350,60.27705478668213
2026-09-09T14:12:05.755594+00:00,ENCHANTED_DIAMOND_BLOCK,202002.7,205257.1,10,270,60.27705478668213
2026-09-09T14:12:05.755594+00:00,NULL_SPHERE,277.9,357.4,9806,249,60.27705478668213
2026-09-09T14:12:05.755594+00:00,NULL_OVOID,140004.5,166047.6,279,509,60.27705478668213
2026-09-09T14:12:05.755594+00:00,RECOMBOBULATOR_3000,9912455.5,10125218.9,3,7,60.27705478668213
2026-09-09T14:12:05.755594+00:00,SUMMONING_EYE,1256014.2,1319242.6,26,21,60.27705478668213
2026-09-09T14:13:06.011879+00:00,BOOSTER_COOKIE,12663138.0,12748335.9,1,19,60.25213432312012
2026-09-09T14:13:06.011879+00:00,ENCHANTED_DIAMOND,1332.5,1689.7,48922,349,60.25213432312012
2026-09-09T14:13:06.011879+00:00,ENCHANTED_DIAMOND_BLOCK,202002.6,205257.0,14,38,60.25213432312012
2026-09-09T14:13:06.011879+00:00,NULL_SPHERE,272.9,357.3,22301,502,60.25213432312012
2026-09-09T14:13:06.011879+00:00,NULL_OVOID,140004.6,166047.6,32,509,60.25213432312012
2026-09-09T14:13:06.011879+00:00,RECOMBOBULATOR_3000,9912455.9,10125218.8,1,2,60.25213432312012
2026-09-09T14:13:06.011879+00:00,SUMMONING_EYE,1256014.2,1319242.4,18,14,60.25213432312012
2026-09-09T14:14:06.218961+00:00,BOOSTER_COOKIE,12663138.2,12748335.8,1,4,60.32174634933472
2026-09-09T14:14:06.218961+00:00,ENCHANTED_DIAMOND,1332.5,1689.5,45064,359,60.32174634933472
2026-09-09T14:14:06.218961+00:00,ENCHANTED_DIAMOND_BLOCK,202002.6,205257.0,337,24,60.32174634933472
2026-09-09T14:14:06.218961+00:00,NULL_SPHERE,272.9,357.3,15111,470,60.32174634933472
2026-09-09T14:14:06.218961+00:00,NULL_OVOID,140004.6,166047.5,32,288,60.32174634933472
2026-09-09T14:14:06.218961+00:00,RECOMBOBULATOR_3000,9912456.1,10125219.3,4,12,60.32174634933472
2026-09-09T14:14:06.218961+00:00,SUMMONING_EYE,1256014.2,1319242.2,13,5,60.32174634933472
2026-09-09T14:15:06.605092+00:00,BOOSTER_COOKIE,12663138.1,12748335.9,1,7,60.37227916717529
2026-09-09T14:15:06.605092+00:00,ENCHANTED_DIAMOND,1332.6,1689.3,68131,110,60.37227916717529
2026-09-09T14:15:06.605092+00:00,ENCHANTED_DIAMOND_BLOCK,202002.6,205257.1,172,30,60.37227916717529
2026-09-09T14:15:06.605092+00:00,NULL_SPHERE,272.9,357.3,13119,470,60.37227916717529
2026-09-09T14:15:06.605092+00:00,NULL_OVOID,140004.6,166047.5,32,288,60.37227916717529
2026-09-09T14:15:06.605092+00:00,RECOMBOBULATOR_3000,9912456.1,10125219.3,3,8,60.37227916717529
2026-09-09T14:15:06.605092+00:00,SUMMONING_EYE,1256014.4,1319241.9,7,2,60.37227916717529
2026-09-09T14:16:06.924765+00:00,BOOSTER_COOKIE,12659122.9,12742420.4,1,125,60.302505016326904
2026-09-09T14:16:06.924765+00:00,ENCHANTED_DIAMOND,1332.6,1690.0,64472,1985,60.302505016326904
2026-09-09T14:16:06.924765+00:00,ENCHANTED_DIAMOND_BLOCK,202002.7,205257.1,148,20,60.302505016326904
2026-09-09T14:16:06.924765+00:00,NULL_SPHERE,272.9,357.2,12671,20661,60.302505016326904
2026-09-09T14:16:06.924765+00:00,NULL_OVOID,140004.6,166047.5,32,288,60.302505016326904
2026-09-09T14:16:06.924765+00:00,RECOMBOBULATOR_3000,9912456.1,10125219.0,10,1,60.302505016326904
2026-09-09T14:16:06.924765+00:00,SUMMONING_EYE,1256014.5,1319241.6,12,7,60.302505016326904
2026-09-09T14:17:07.266480+00:00,BOOSTER_COOKIE,12663287.8,12742420.3,1,8,60.34673261642456
2026-09-09T14:17:07.266480+00:00,ENCHANTED_DIAMOND,1332.6,1692.0,58855,26994,60.34673261642456
2026-09-09T14:17:07.266480+00:00,ENCHANTED_DIAMOND_BLOCK,202002.5,205257.2,694,262,60.34673261642456
2026-09-09T14:17:07.266480+00:00,NULL_SPHERE,272.9,357.2,9008,20661,60.34673261642456
2026-09-09T14:17:07.266480+00:00,NULL_OVOID,140004.7,166047.5,250,288,60.34673261642456
2026-09-09T14:17:07.266480+00:00,RECOMBOBULATOR_3000,9912456.4,10125218.8,5,2,60.34673261642456
2026-09-09T14:17:07.266480+00:00,SUMMONING_EYE,1256014.7,1319241.5,12,1,60.34673261642456
2026-09-09T14:18:07.630835+00:00,BOOSTER_COOKIE,12667244.6,12742420.3,1,6,60.279146671295166
2026-09-09T14:18:07.630835+00:00,ENCHANTED_DIAMOND,1332.8,1691.6,2972,1088,60.279146671295166
2026-09-09T14:18:07.630835+00:00,ENCHANTED_DIAMOND_BLOCK,202002.6,204931.6,108,49,60.279146671295166
2026-09-09T14:18:07.630835+00:00,NULL_SPHERE,272.9,357.2,7303,20661,60.279146671295166
2026-09-09T14:18:07.630835+00:00,NULL_OVOID,140004.7,166047.4,250,18,60.279146671295166
2026-09-09T14:18:07.630835+00:00,RECOMBOBULATOR_3000,9912456.4,10125219.2,2,3,60.279146671295166
2026-09-09T14:18:07.630835+00:00,SUMMONING_EYE,1256014.7,1319241.2,11,14,60.279146671295166
2026-09-09T14:19:07.876289+00:00,BOOSTER_COOKIE,12671003.7,12742420.2,1,11,60.246057748794556
2026-09-09T14:19:07.876289+00:00,ENCHANTED_DIAMOND,1332.8,1691.8,1312,1408,60.246057748794556
2026-09-09T14:19:07.876289+00:00,ENCHANTED_DIAMOND_BLOCK,202002.6,204931.5,8,16,60.246057748794556
2026-09-09T14:19:07.876289+00:00,NULL_SPHERE,263.1,357.1,364978,46,60.246057748794556
2026-09-09T14:19:07.876289+00:00,NULL_OVOID,140004.7,166047.3,250,288,60.246057748794556
2026-09-09T14:19:07.876289+00:00,RECOMBOBULATOR_3000,9912456.4,10125219.0,2,1,60.246057748794556
2026-09-09T14:19:07.876289+00:00,SUMMONING_EYE,1256014.0,1319240.8,12,31,60.246057748794556
2026-09-09T14:20:08.151137+00:00,BOOSTER_COOKIE,12671003.9,12742420.0,1,33,60.27496862411499
2026-09-09T14:20:08.151137+00:00,ENCHANTED_DIAMOND,1332.9,1692.0,1883,20801,60.27496862411499
2026-09-09T14:20:08.151137+00:00,ENCHANTED_DIAMOND_BLOCK,202002.5,204931.4,566,8,60.27496862411499
2026-09-09T14:20:08.151137+00:00,NULL_SPHERE,263.1,357.1,364978,46,60.27496862411499
2026-09-09T14:20:08.151137+00:00,NULL_OVOID,140004.7,166047.3,250,288,60.27496862411499
2026-09-09T14:20:08.151137+00:00,RECOMBOBULATOR_3000,9912454.3,10125218.9,109,1,60.27496862411499
2026-09-09T14:20:08.151137+00:00,SUMMONING_EYE,1256014.2,1319240.5,6,2,60.27496862411499
2026-09-09T14:21:08.380515+00:00,BOOSTER_COOKIE,12671004.3,12742419.9,1,5,60.22696781158447
2026-09-09T14:21:08.380515+00:00,ENCHANTED_DIAMOND,1333.2,1692.0,2105,12411,60.22696781158447
2026-09-09T14:21:08.380515+00:00,ENCHANTED_DIAMOND_BLOCK,202002.5,204931.3,144,94,60.22696781158447
2026-09-09T14:21:08.380515+00:00,NULL_SPHERE,263.1,357.1,364554,46,60.22696781158447
2026-09-09T14:21:08.380515+00:00,NULL_OVOID,140004.7,166047.3,250,160,60.22696781158447
2026-09-09T14:21:08.380515+00:00,RECOMBOBULATOR_3000,9912454.6,10125218.6,1,2,60.22696781158447
2026-09-09T14:21:08.380515+00:00,SUMMONING_EYE,1256014.3,1319240.1,12,1,60.22696781158447
2026-09-09T14:22:08.632629+00:00,BOOSTER_COOKIE,12671003.7,12742419.8,2,4,60.25393199920654
2026-09-09T14:22:08.632629+00:00,ENCHANTED_DIAMOND,1333.4,1691.9,2021,112,60.25393199920654
2026-09-09T14:22:08.632629+00:00,ENCHANTED_DIAMOND_BLOCK,202002.8,204931.2,1019,24,60.25393199920654
2026-09-09T14:22:08.632629+00:00,NULL_SPHERE,263.1,357.1,360059,46,60.25393199920654
2026-09-09T14:22:08.632629+00:00,NULL_OVOID,140004.7,166047.3,250,64,60.25393199920654
2026-09-09T14:22:08.632629+00:00,RECOMBOBULATOR_3000,9912454.5,10125218.1,5,1,60.25393199920654
2026-09-09T14:22:08.632629+00:00,SUMMONING_EYE,1256014.4,1319240.1,33,4,60.25393199920654
2026-09-09T14:23:08.891003+00:00,BOOSTER_COOKIE,12659120.9,12742420.0,6,4,60.25697946548462
2026-09-09T14:23:08.891003+00:00,ENCHANTED_DIAMOND,1333.2,1691.5,73116,194,60.25697946548462
2026-09-09T14:23:08.891003+00:00,ENCHANTED_DIAMOND_BLOCK,202002.8,204931.3,944,66,60.25697946548462
2026-09-09T14:23:08.891003+00:00,NULL_SPHERE,263.1,357.1,360043,46,60.25697946548462
2026-09-09T14:23:08.891003+00:00,NULL_OVOID,140004.7,166047.3,250,64,60.25697946548462
2026-09-09T14:23:08.891003+00:00,RECOMBOBULATOR_3000,9912454.5,10125217.5,1,1,60.25697946548462
2026-09-09T14:23:08.891003+00:00,SUMMONING_EYE,1256014.5,1319240.0,12,4,60.25697946548462
2026-09-09T14:24:09.180917+00:00,BOOSTER_COOKIE,12659121.2,12742420.1,1,7,60.29092717170715
2026-09-09T14:24:09.180917+00:00,ENCHANTED_DIAMOND,1333.2,1691.5,71920,1009,60.29092717170715
2026-09-09T14:24:09.180917+00:00,ENCHANTED_DIAMOND_BLOCK,202002.9,205599.7,1023,13,60.29092717170715
2026-09-09T14:24:09.180917+00:00,NULL_SPHERE,263.1,357.1,359823,46,60.29092717170715
2026-09-09T14:24:09.180917+00:00,NULL_OVOID,140004.7,166047.1,250,99,60.29092717170715
2026-09-09T14:24:09.180917+00:00,RECOMBOBULATOR_3000,9912454.7,10125216.7,5,2,60.29092717170715
2026-09-09T14:24:09.180917+00:00,SUMMONING_EYE,1256014.5,1319239.6,10,11,60.29092717170715
2026-09-09T14:25:09.458356+00:00,BOOSTER_COOKIE,12659121.4,12742420.2,3,15,60.2753267288208
2026-09-09T14:25:09.458356+00:00,ENCHANTED_DIAMOND,1333.3,1691.3,249,22,60.2753267288208
2026-09-09T14:25:09.458356+00:00,ENCHANTED_DIAMOND_BLOCK,202002.9,205599.5,915,15,60.2753267288208
2026-09-09T14:25:09.458356+00:00,NULL_SPHERE,263.1,357.1,349420,46,60.2753267288208
2026-09-09T14:25:09.458356+00:00,NULL_OVOID,140004.7,166047.4,250,7,60.2753267288208
2026-09-09T14:25:09.458356+00:00,RECOMBOBULATOR_3000,9912454.6,10125216.8,6,4,60.2753267288208
2026-09-09T14:25:09.458356+00:00,SUMMONING_EYE,1256014.5,1319239.4,6,11,60.2753267288208
2026-09-09T14:26:09.714621+00:00,BOOSTER_COOKIE,12659118.2,12742420.2,6,1,60.26287531852722
2026-09-09T14:26:09.714621+00:00,ENCHANTED_DIAMOND,1333.5,1690.9,462,1280,60.26287531852722
2026-09-09T14:26:09.714621+00:00,ENCHANTED_DIAMOND_BLOCK,202002.9,205240.3,518,865,60.26287531852722
2026-09-09T14:26:09.714621+00:00,NULL_SPHERE,263.3,357.1,12800,46,60.26287531852722
2026-09-09T14:26:09.714621+00:00,NULL_OVOID,140004.7,166047.3,250,1000,60.26287531852722
2026-09-09T14:26:09.714621+00:00,RECOMBOBULATOR_3000,9912454.6,10125216.1,2,3,60.26287531852722
2026-09-09T14:26:09.714621+00:00,SUMMONING_EYE,1256014.5,1319239.1,6,2,60.26287531852722
2026-09-09T14:27:10.003430+00:00,BOOSTER_COOKIE,12659118.2,12742420.3,1,3,60.2863187789917
2026-09-09T14:27:10.003430+00:00,ENCHANTED_DIAMOND,1333.4,1690.4,66324,1189,60.2863187789917
2026-09-09T14:27:10.003430+00:00,ENCHANTED_DIAMOND_BLOCK,202002.9,205599.8,268,41,60.2863187789917
2026-09-09T14:27:10.003430+00:00,NULL_SPHERE,263.3,357.1,11011,46,60.2863187789917
2026-09-09T14:27:10.003430+00:00,NULL_OVOID,140004.7,166047.3,250,1000,60.2863187789917
2026-09-09T14:27:10.003430+00:00,RECOMBOBULATOR_3000,9912454.8,10125215.6,6,3,60.2863187789917
2026-09-09T14:27:10.003430+00:00,SUMMONING_EYE,1256014.5,1319240.6,13,12,60.2863187789917
2026-09-09T14:28:10.243688+00:00,BOOSTER_COOKIE,12659118.4,12742420.2,1,10,60.23875617980957
2026-09-09T14:28:10.243688+00:00,ENCHANTED_DIAMOND,1333.4,1691.4,65163,1,60.23875617980957
2026-09-09T14:28:10.243688+00:00,ENCHANTED_DIAMOND_BLOCK,202003.0,205599.7,1940,66,60.23875617980957
2026-09-09T14:28:10.243688+00:00,NULL_SPHERE,263.3,357.1,10859,46,60.23875617980957
2026-09-09T14:28:10.243688+00:00,NULL_OVOID,140004.7,166047.2,250,5,60.23875617980957
2026-09-09T14:28:10.243688+00:00,RECOMBOBULATOR_3000,9912454.8,10125215.2,6,2,60.23875617980957
2026-09-09T14:28:10.243688+00:00,SUMMONING_EYE,1256014.5,1319240.2,12,12,60.23875617980957
2026-09-09T14:29:10.576452+00:00,BOOSTER_COOKIE,12659118.6,12742420.4,2,106,60.331743478775024
2026-09-09T14:29:10.576452+00:00,ENCHANTED_DIAMOND,1333.5,1691.6,68447,525,60.331743478775024
2026-09-09T14:29:10.576452+00:00,ENCHANTED_DIAMOND_BLOCK,202003.0,205599.6,1500,200,60.331743478775024
2026-09-09T14:29:10.576452+00:00,NULL_SPHERE,263.3,357.1,10347,46,60.331743478775024
2026-09-09T14:29:10.576452+00:00,NULL_OVOID,140004.7,166047.2,244,5,60.331743478775024
2026-09-09T14:29:10.576452+00:00,RECOMBOBULATOR_3000,9912454.7,10125214.8,5,1,60.331743478775024
2026-09-09T14:29:10.576452+00:00,SUMMONING_EYE,1256014.5,1319240.1,9,1,60.331743478775024
2026-09-09T14:30:10.829255+00:00,BOOSTER_COOKIE,12663283.7,12742420.4,1,97,60.251943826675415
2026-09-09T14:30:10.829255+00:00,ENCHANTED_DIAMOND,1333.6,1691.5,71000,1088,60.251943826675415
2026-09-09T14:30:10.829255+00:00,ENCHANTED_DIAMOND_BLOCK,202003.0,205599.6,764,168,60.251943826675415
2026-09-09T14:30:10.829255+00:00,NULL_SPHERE,263.3,357.1,10175,46,60.251943826675415
2026-09-09T14:30:10.829255+00:00,NULL_OVOID,140004.7,166047.2,244,5,60.251943826675415
2026-09-09T14:30:10.829255+00:00,RECOMBOBULATOR_3000,9912454.8,10125214.8,1,3,60.251943826675415
2026-09-09T14:30:10.829255+00:00,SUMMONING_EYE,1256014.5,1319239.9,7,4,60.251943826675415
2026-09-09T14:31:11.064837+00:00,BOOSTER_COOKIE,12568519.4,12742420.2,1,23,60.23929953575134
2026-09-09T14:31:11.064837+00:00,ENCHANTED_DIAMOND,1333.6,1691.2,135057,1728,60.23929953575134
2026-09-09T14:31:11.064837+00:00,ENCHANTED_DIAMOND_BLOCK,202003.0,205599.5,496,32,60.23929953575134
2026-09-09T14:31:11.064837+00:00,NULL_SPHERE,263.3,357.1,10175,46,60.23929953575134
2026-09-09T14:31:11.064837+00:00,NULL_OVOID,140004.7,166047.0,244,1000,60.23929953575134
2026-09-09T14:31:11.064837+00:00,RECOMBOBULATOR_3000,9912455.0,10125214.4,8,1,60.23929953575134
2026-09-09T14:31:11.064837+00:00,SUMMONING_EYE,1256014.4,1319239.7,2,17,60.23929953575134
2026-09-09T14:32:11.307597+00:00,BOOSTER_COOKIE,12568519.6,12742420.1,2,6,60.24157214164734
2026-09-09T14:32:11.307597+00:00,ENCHANTED_DIAMOND,1333.6,1690.9,129263,1088,60.24157214164734
2026-09-09T14:32:11.307597+00:00,ENCHANTED_DIAMOND_BLOCK,202003.0,205599.5,337,8,60.24157214164734
2026-09-09T14:32:11.307597+00:00,NULL_SPHERE,263.3,357.1,9833,46,60.24157214164734
2026-09-09T14:32:11.307597+00:00,NULL_OVOID,140004.7,166046.9,244,47,60.24157214164734
2026-09-09T14:32:11.307597+00:00,RECOMBOBULATOR_3000,9912455.1,10125213.8,1,1,60.24157214164734
2026-09-09T14:32:11.307597+00:00,SUMMONING_EYE,1256013.9,1319239.5,159,26,60.24157214164734
2026-09-09T14:33:11.580736+00:00,BOOSTER_COOKIE,12568520.0,12742420.1,1,69,60.270169258117676
2026-09-09T14:33:11.580736+00:00,ENCHANTED_DIAMOND,1333.7,1690.8,1987,21,60.270169258117676
2026-09-09T14:33:11.580736+00:00,ENCHANTED_DIAMOND_BLOCK,202003.0,205599.9,224,542,60.270169258117676
2026-09-09T14:33:11.580736+00:00,NULL_SPHERE,263.3,357.1,9814,46,60.270169258117676
2026-09-09T14:33:11.580736+00:00,NULL_OVOID,140004.7,166046.9,244,47,60.270169258117676
2026-09-09T14:33:11.580736+00:00,RECOMBOBULATOR_3000,9912455.2,10125213.5,9,1,60.270169258117676
2026-09-09T14:33:11.580736+00:00,SUMMONING_EYE,1256014.0,1319239.2,34,18,60.270169258117676
2026-09-09T14:34:11.834702+00:00,BOOSTER_COOKIE,12568520.3,12742420.1,4,57,60.25528526306152
2026-09-09T14:34:11.834702+00:00,ENCHANTED_DIAMOND,1333.8,1690.6,14440,1216,60.25528526306152
2026-09-09T14:34:11.834702+00:00,ENCHANTED_DIAMOND_BLOCK,202003.0,205599.9,197,540,60.25528526306152
2026-09-09T14:34:11.834702+00:00,NULL_SPHERE,263.3,357.1,9572,46,60.25528526306152
2026-09-09T14:34:11.834702+00:00,NULL_OVOID,140004.7,166047.0,244,808,60.25528526306152
2026-09-09T14:34:11.834702+00:00,RECOMBOBULATOR_3000,9912455.4,10125213.1,4,1,60.25528526306152
2026-09-09T14:34:11.834702+00:00,SUMMONING_EYE,1256014.0,1319238.7,27,24,60.25528526306152
2026-09-09T14:35:12.064754+00:00,BOOSTER_COOKIE,12568520.6,12742420.1,1,51,60.23027491569519
2026-09-09T14:35:12.064754+00:00,ENCHANTED_DIAMOND,1333.8,1690.5,60000,40,60.23027491569519
2026-09-09T14:35:12.064754+00:00,ENCHANTED_DIAMOND_BLOCK,202003.2,205599.8,4,20,60.23027491569519
2026-09-09T14:35:12.064754+00:00,NULL_SPHERE,263.3,357.0,9044,85,60.23027491569519
2026-09-09T14:35:12.064754+00:00,NULL_OVOID,140004.7,166047.0,244,776,60.23027491569519
2026-09-09T14:35:12.064754+00:00,RECOMBOBULATOR_3000,9912455.4,10125212.3,4,1,60.23027491569519
2026-09-09T14:35:12.064754+00:00,SUMMONING_EYE,1256014.1,1319238.3,7,33,60.23027491569519
2026-09-09T14:36:12.335832+00:00,BOOSTER_COOKIE,12568521.1,12742420.1,1,41,60.27025508880615
2026-09-09T14:36:12.335832+00:00,ENCHANTED_DIAMOND,1333.8,1690.4,57277,333,60.27025508880615
2026-09-09T14:36:12.335832+00:00,ENCHANTED_DIAMOND_BLOCK,202003.2,205599.8,585,99,60.27025508880615
2026-09-09T14:36:12.335832+00:00,NULL_SPHERE,263.3,357.0,7960,37909,60.27025508880615
2026-09-09T14:36:12.335832+00:00,NULL_OVOID,140004.7,166046.8,244,736,60.27025508880615
2026-09-09T14:36:12.335832+00:00,RECOMBOBULATOR_3000,9912455.5,10103935.8,3,4,60.27025508880615
2026-09-09T14:36:12.335832+00:00,SUMMONING_EYE,1256014.1,1319238.0,6,17,60.27025508880615
2026-09-09T14:37:12.601665+00:00,BOOSTER_COOKIE,12568521.3,12742420.1,2,23,60.267613887786865
2026-09-09T14:37:12.601665+00:00,ENCHANTED_DIAMOND,1333.8,1690.1,53738,132,60.267613887786865
2026-09-09T14:37:12.601665+00:00,ENCHANTED_DIAMOND_BLOCK,202003.2,205599.8,1047,71,60.267613887786865
2026-09-09T14:37:12.601665+00:00,NULL_SPHERE,263.3,357.0,5980,37908,60.267613887786865
2026-09-09T14:37:12.601665+00:00,NULL_OVOID,140004.7,166046.9,244,715,60.267613887786865
2026-09-09T14:37:12.601665+00:00,RECOMBOBULATOR_3000,9912455.4,10103935.4,1,2,60.267613887786865
2026-09-09T14:37:12.601665+00:00,SUMMONING_EYE,1256014.1,1319237.7,3,20,60.267613887786865
2026-09-09T14:38:12.857152+00:00,BOOSTER_COOKIE,12568521.6,12742420.1,1,8,60.26013970375061
2026-09-09T14:38:12.857152+00:00,ENCHANTED_DIAMOND,1333.9,1689.9,70353,1536,60.26013970375061
2026-09-09T14:38:12.857152+00:00,ENCHANTED_DIAMOND_BLOCK,202003.3,205599.8,746,62,60.26013970375061
2026-09-09T14:38:12.857152+00:00,NULL_SPHERE,263.3,357.0,5553,37908,60.26013970375061
2026-09-09T14:38:12.857152+00:00,NULL_OVOID,140004.7,166046.8,244,690,60.26013970375061
2026-09-09T14:38:12.857152+00:00,RECOMBOBULATOR_3000,9912454.4,10103935.0,5,2,60.26013970375061
2026-09-09T14:38:12.857152+00:00,SUMMONING_EYE,1256014.2,1319237.1,12,12,60.26013970375061
2026-09-09T14:39:13.095697+00:00,BOOSTER_COOKIE,12568522.0,12742419.7,5,127,60.23042058944702
2026-09-09T14:39:13.095697+00:00,ENCHANTED_DIAMOND,1334.1,1689.4,2105,1732,60.23042058944702
2026-09-09T14:39:13.095697+00:00,ENCHANTED_DIAMOND_BLOCK,202003.5,205600.0,10,116,60.23042058944702
2026-09-09T14:39:13.095697+00:00,NULL_SPHERE,263.3,357.0,4834,37908,60.23042058944702
2026-09-09T14:39:13.095697+00:00,NULL_OVOID,140004.8,166046.8,32,690,60.23042058944702
2026-09-09T14:39:13.095697+00:00,RECOMBOBULATOR_3000,9912454.4,10103934.7,2,3,60.23042058944702
2026-09-09T14:39:13.095697+00:00,SUMMONING_EYE,1256014.0,1319236.7,17,24,60.23042058944702
2026-09-09T14:40:13.351677+00:00,BOOSTER_COOKIE,12568522.4,12742419.5,1,144,60.257956743240356
2026-09-09T14:40:13.351677+00:00,ENCHANTED_DIAMOND,1334.2,1689.2,120916,270,60.257956743240356
2026-09-09T14:40:13.351677+00:00,ENCHANTED_DIAMOND_BLOCK,202003.5,205599.9,7,111,60.257956743240356
2026-09-09T14:40:13.351677+00:00,NULL_SPHERE,263.3,356.9,3411,320,60.257956743240356
2026-09-09T14:40:13.351677+00:00,NULL_OVOID,140004.8,166046.8,32,690,60.257956743240356
2026-09-09T14:40:13.351677+00:00,RECOMBOBULATOR_3000,9912454.3,10103934.1,95,1,60.257956743240356
2026-09-09T14:40:13.351677+00:00,SUMMONING_EYE,1256014.0,1319236.5,16,33,60.257956743240356
2026-09-09T14:41:13.627577+00:00,BOOSTER_COOKIE,12568522.7,12742419.5,1,204,60.27657198905945
2026-09-09T14:41:13.627577+00:00,ENCHANTED_DIAMOND,1334.4,1688.7,19569,39,60.27657198905945
2026-09-09T14:41:13.627577+00:00,ENCHANTED_DIAMOND_BLOCK,202003.4,205599.9,49,69,60.27657198905945
2026-09-09T14:41:13.627577+00:00,NULL_SPHERE,263.3,356.8,3116,256,60.27657198905945
2026-09-09T14:41:13.627577+00:00,NULL_OVOID,140004.8,166046.5,28,715,60.27657198905945
2026-09-09T14:41:13.627577+00:00,RECOMBOBULATOR_3000,9912454.4,10103933.6,6,1,60.27657198905945
2026-09-09T14:41:13.627577+00:00,SUMMONING_EYE,1256014.1,1319236.0,10,3,60.27657198905945
2026-09-09T14:42:13.892524+00:00,BOOSTER_COOKIE,12568523.3,12742419.4,7,29,60.263131618499756
2026-09-09T14:42:13.892524+00:00,ENCHANTED_DIAMOND,1334.7,1688.6,9998,1343,60.263131618499756
2026-09-09T14:42:13.892524+00:00,ENCHANTED_DIAMOND_BLOCK,202003.5,205599.7,1549,48,60.263131618499756
2026-09-09T14:42:13.892524+00:00,NULL_SPHERE,263.3,356.8,2883,256,60.263131618499756
2026-09-09T14:42:13.892524+00:00,NULL_OVOID,140004.8,166046.5,28,715,60.263131618499756
2026-09-09T14:42:13.892524+00:00,RECOMBOBULATOR_3000,9912454.4,10103933.6,4,3,60.263131618499756
2026-09-09T14:42:13.892524+00:00,SUMMONING_EYE,1256014.2,1319236.3,8,15,60.263131618499756
2026-09-09T14:43:14.172304+00:00,BOOSTER_COOKIE,12577218.5,12742419.4,1,14,60.27910590171814
2026-09-09T14:43:14.172304+00:00,ENCHANTED_DIAMOND,1334.9,1688.2,740,896,60.27910590171814
2026-09-09T14:43:14.172304+00:00,ENCHANTED_DIAMOND_BLOCK,202003.5,205599.4,1409,36,60.27910590171814
2026-09-09T14:43:14.172304+00:00,NULL_SPHERE,263.3,356.8,1519,256,60.27910590171814
2026-09-09T14:43:14.172304+00:00,NULL_OVOID,140004.7,166046.5,244,655,60.27910590171814
2026-09-09T14:43:14.172304+00:00,RECOMBOBULATOR_3000,9912454.3,10103933.4,90,1,60.27910590171814
2026-09-09T14:43:14.172304+00:00,SUMMONING_EYE,1256014.2,1319236.0,3,17,60.27910590171814
2026-09-09T14:44:14.459076+00:00,BOOSTER_COOKIE,12577218.9,12742419.4,1,23,60.290231704711914
2026-09-09T14:44:14.459076+00:00,ENCHANTED_DIAMOND,1334.8,1688.0,70963,1556,60.290231704711914
2026-09-09T14:44:14.459076+00:00,ENCHANTED_DIAMOND_BLOCK,202003.4,205599.2,49,27,60.290231704711914
2026-09-09T14:44:14.459076+00:00,NULL_SPHERE,263.1,356.8,347042,256,60.290231704711914
2026-09-09T14:44:14.459076+00:00,NULL_OVOID,140004.7,166046.5,244,647,60.290231704711914
2026-09-09T14:44:14.459076+00:00,RECOMBOBULATOR_3000,9912454.3,10103899.4,89,1,60.290231704711914
2026-09-09T14:44:14.459076+00:00,SUMMONING_EYE,1256014.1,1319235.7,8,5,60.290231704711914
2026-09-09T14:45:14.703985+00:00,BOOSTER_COOKIE,12577219.1,12742418.9,1,5,60.2424042224884
2026-09-09T14:45:14.703985+00:00,ENCHANTED_DIAMOND,1335.0,1687.8,2198,225,60.2424042224884
2026-09-09T14:45:14.703985+00:00,ENCHANTED_DIAMOND_BLOCK,202003.5,205599.1,8,297,60.2424042224884
2026-09-09T14:45:14.703985+00:00,NULL_SPHERE,263.1,356.8,346494,256,60.2424042224884
2026-09-09T14:45:14.703985+00:00,NULL_OVOID,140004.7,166046.3,244,690,60.2424042224884
2026-09-09T14:45:14.703985+00:00,RECOMBOBULATOR_3000,9912454.3,10103899.3,85,3,60.2424042224884
2026-09-09T14:45:14.703985+00:00,SUMMONING_EYE,1256014.1,1319235.2,4,17,60.2424042224884
2026-09-09T14:46:14.986648+00:00,BOOSTER_COOKIE,12577214.3,12742418.6,1,6,60.2822380065918
2026-09-09T14:46:14.986648+00:00,ENCHANTED_DIAMOND,1335.3,1689.5,73240,54,60.2822380065918
2026-09-09T14:46:14.986648+00:00,ENCHANTED_DIAMOND_BLOCK,202003.6,205599.1,542,287,60.2822380065918
2026-09-09T14:46:14.986648+00:00,NULL_SPHERE,263.1,356.8,346046,256,60.2822380065918
2026-09-09T14:46:14.986648+00:00,NULL_OVOID,140004.7,166046.2,244,100,60.2822380065918
2026-09-09T14:46:14.986648+00:00,RECOMBOBULATOR_3000,9912454.5,10103899.2,2,4,60.2822380065918
2026-09-09T14:46:14.986648+00:00,SUMMONING_EYE,1256014.0,1319235.2,16,35,60.2822380065918
2026-09-09T14:47:15.214814+00:00,BOOSTER_COOKIE,12436660.7,12742418.7,1,5,60.23018431663513
2026-09-09T14:47:15.214814+00:00,ENCHANTED_DIAMOND,1335.5,1689.5,1024,1024,60.23018431663513
2026-09-09T14:47:15.214814+00:00,ENCHANTED_DIAMOND_BLOCK,202003.6,205599.1,160,285,60.23018431663513
2026-09-09T14:47:15.214814+00:00,NULL_SPHERE,263.1,356.8,345784,256,60.23018431663513
2026-09-09T14:47:15.214814+00:00,NULL_OVOID,140004.7,166046.2,244,100,60.23018431663513
2026-09-09T14:47:15.214814+00:00,RECOMBOBULATOR_3000,9912454.4,10103899.0,1,2,60.23018431663513
2026-09-09T14:47:15.214814+00:00,SUMMONING_EYE,1256014.0,1319234.9,15,33,60.23018431663513
2026-09-09T14:48:15.476325+00:00,BOOSTER_COOKIE,12436661.1,12742418.5,1,25,60.260024070739746
2026-09-09T14:48:15.476325+00:00,ENCHANTED_DIAMOND,1353.3,1689.5,59833,256,60.260024070739746
2026-09-09T14:48:15.476325+00:00,ENCHANTED_DIAMOND_BLOCK,202003.7,205599.0,1023,56,60.260024070739746
2026-09-09T14:48:15.476325+00:00,NULL_SPHERE,263.2,356.8,7803,256,60.260024070739746
2026-09-09T14:48:15.476325+00:00,NULL_OVOID,140004.7,166046.2,244,100,60.260024070739746
2026-09-09T14:48:15.476325+00:00,RECOMBOBULATOR_3000,9912454.6,10103899.2,7,1,60.260024070739746
2026-09-09T14:48:15.476325+00:00,SUMMONING_EYE,1256014.0,1319234.4,8,35,60.260024070739746
2026-09-09T14:49:15.793266+00:00,BOOSTER_COOKIE,12451949.2,12742418.1,9,55,60.31942105293274
2026-09-09T14:49:15.793266+00:00,ENCHANTED_DIAMOND,1353.5,1689.6,1399,9975,60.31942105293274
2026-09-09T14:49:15.793266+00:00,ENCHANTED_DIAMOND_BLOCK,202003.7,205598.9,1000,171,60.31942105293274
2026-09-09T14:49:15.793266+00:00,NULL_SPHERE,263.2,356.8,7501,256,60.31942105293274
2026-09-09T14:49:15.793266+00:00,NULL_OVOID,140004.7,166046.1,244,250,60.31942105293274
2026-09-09T14:49:15.793266+00:00,RECOMBOBULATOR_3000,9912454.6,10103898.9,7,1,60.31942105293274
2026-09-09T14:49:15.793266+00:00,SUMMONING_EYE,1256014.0,1319234.0,7,2,60.31942105293274
2026-09-09T14:50:16.097554+00:00,BOOSTER_COOKIE,12480270.0,12742418.1,1,68,60.30890083312988
2026-09-09T14:50:16.097554+00:00,ENCHANTED_DIAMOND,1353.5,1689.5,452,837,60.30890083312988
2026-09-09T14:50:16.097554+00:00,ENCHANTED_DIAMOND_BLOCK,202003.8,205598.8,825,13,60.30890083312988
2026-09-09T14:50:16.097554+00:00,NULL_SPHERE,263.2,356.7,3260,571,60.30890083312988
2026-09-09T14:50:16.097554+00:00,NULL_OVOID,140004.7,166046.1,244,218,60.30890083312988
2026-09-09T14:50:16.097554+00:00,RECOMBOBULATOR_3000,9912454.9,10103899.3,1,1,60.30890083312988
2026-09-09T14:50:16.097554+00:00,SUMMONING_EYE,1256013.9,1319233.7,134,33,60.30890083312988
2026-09-09T14:51:16.408942+00:00,BOOSTER_COOKIE,12480270.4,12742417.7,1,20,60.304741859436035
2026-09-09T14:51:16.408942+00:00,ENCHANTED_DIAMOND,1353.5,1689.4,2240,3072,60.304741859436035
2026-09-09T14:51:16.408942+00:00,ENCHANTED_DIAMOND_BLOCK,202003.8,205598.7,174,471,60.304741859436035
2026-09-09T14:51:16.408942+00:00,NULL_SPHERE,263.2,356.7,3098,507,60.304741859436035
2026-09-09T14:51:16.408942+00:00,NULL_OVOID,140004.7,166046.0,244,100,60.304741859436035
2026-09-09T14:51:16.408942+00:00,RECOMBOBULATOR_3000,9912454.8,10103898.9,29,1,60.304741859436035
2026-09-09T14:51:16.408942+00:00,SUMMONING_EYE,1256014.0,1319233.5,10,35,60.304741859436035
2026-09-09T14:52:16.663279+00:00,BOOSTER_COOKIE,12451949.7,12742417.6,1,12,60.25665593147278
2026-09-09T14:52:16.663279+00:00,ENCHANTED_DIAMOND,1353.5,1688.9,156,72,60.25665593147278
2026-09-09T14:52:16.663279+00:00,ENCHANTED_DIAMOND_BLOCK,202183.5,205996.3,1187,574,60.25665593147278
2026-09-09T14:52:16.663279+00:00,NULL_SPHERE,263.2,356.7,1984,507,60.25665593147278
2026-09-09T14:52:16.663279+00:00,NULL_OVOID,140004.8,166045.8,256,218,60.25665593147278
2026-09-09T14:52:16.663279+00:00,RECOMBOBULATOR_3000,9912454.9,10103898.9,1,1,60.25665593147278
2026-09-09T14:52:16.663279+00:00,SUMMONING_EYE,1256014.0,1319233.3,1,6,60.25665593147278
2026-09-09T14:53:16.919012+00:00,BOOSTER_COOKIE,12417534.4,12742416.9,9,8,60.253846168518066
2026-09-09T14:53:16.919012+00:00,ENCHANTED_DIAMOND,1353.7,1689.3,10000,954,60.253846168518066
2026-09-09T14:53:16.919012+00:00,ENCHANTED_DIAMOND_BLOCK,202183.6,205996.2,12,114,60.253846168518066
2026-09-09T14:53:16.919012+00:00,NULL_SPHERE,263.2,356.7,995,507,60.253846168518066
2026-09-09T14:53:16.919012+00:00,NULL_OVOID,140005.0,166045.6,256,92,60.253846168518066
2026-09-09T14:53:16.919012+00:00,RECOMBOBULATOR_3000,9912455.1,10103899.0,7,1,60.253846168518066
2026-09-09T14:53:16.919012+00:00,SUMMONING_EYE,1256014.0,1319232.8,6,3,60.253846168518066
2026-09-09T14:54:17.192278+00:00,BOOSTER_COOKIE,12436661.6,12742416.7,17,6,60.282896995544434
2026-09-09T14:54:17.192278+00:00,ENCHANTED_DIAMOND,1353.9,1689.4,70042,1273,60.282896995544434
2026-09-09T14:54:17.192278+00:00,ENCHANTED_DIAMOND_BLOCK,202183.8,205997.1,58,161,60.282896995544434
2026-09-09T14:54:17.192278+00:00,NULL_SPHERE,263.2,356.7,577,507,60.282896995544434
2026-09-09T14:54:17.192278+00:00,NULL_OVOID,140005.0,166045.6,256,92,60.282896995544434
2026-09-09T14:54:17.192278+00:00,RECOMBOBULATOR_3000,9912455.2,10103899.9,3,1,60.282896995544434
2026-09-09T14:54:17.192278+00:00,SUMMONING_EYE,1256014.0,1319232.5,6,35,60.282896995544434
2026-09-09T14:55:17.453793+00:00,BOOSTER_COOKIE,12436662.4,12742416.4,1,2,60.25184488296509
2026-09-09T14:55:17.453793+00:00,ENCHANTED_DIAMOND,1354.2,1689.3,10095,475,60.25184488296509
2026-09-09T14:55:17.453793+00:00,ENCHANTED_DIAMOND_BLOCK,202184.1,205996.9,12,96,60.25184488296509
2026-09-09T14:55:17.453793+00:00,NULL_SPHERE,263.1,356.7,343598,507,60.25184488296509
2026-09-09T14:55:17.453793+00:00,NULL_OVOID,140005.0,166045.6,256,80,60.25184488296509
2026-09-09T14:55:17.453793+00:00,RECOMBOBULATOR_3000,9912455.2,10103934.0,1,4,60.25184488296509
2026-09-09T14:55:17.453793+00:00,SUMMONING_EYE,1259175.0,1319232.1,4,33,60.25184488296509
2026-09-09T14:56:17.680676+00:00,BOOSTER_COOKIE,12436663.2,12742416.7,1,59,60.228806495666504
2026-09-09T14:56:17.680676+00:00,ENCHANTED_DIAMOND,1370.9,1689.3,58663,475,60.228806495666504
2026-09-09T14:56:17.680676+00:00,ENCHANTED_DIAMOND_BLOCK,202184.2,205997.0,2800,17,60.228806495666504
2026-09-09T14:56:17.680676+00:00,NULL_SPHERE,263.2,356.7,557,475,60.228806495666504
2026-09-09T14:56:17.680676+00:00,NULL_OVOID,140005.0,166045.6,256,78,60.228806495666504
2026-09-09T14:56:17.680676+00:00,RECOMBOBULATOR_3000,9912455.5,10125213.3,35,4,60.228806495666504
2026-09-09T14:56:17.680676+00:00,SUMMONING_EYE,1259175.4,1319231.9,32,35,60.228806495666504
2026-09-09T14:57:17.962476+00:00,BOOSTER_COOKIE,12436663.4,12742416.6,129,32,60.282020807266235
2026-09-09T14:57:17.962476+00:00,ENCHANTED_DIAMOND,1371.0,1689.6,1735,5221,60.282020807266235
2026-09-09T14:57:17.962476+00:00,ENCHANTED_DIAMOND_BLOCK,202184.2,206000.0,2432,1741,60.282020807266235
2026-09-09T14:57:17.962476+00:00,NULL_SPHERE,263.1,356.7,333663,475,60.282020807266235
2026-09-09T14:57:17.962476+00:00,NULL_OVOID,140005.0,166045.4,256,78,60.282020807266235
2026-09-09T14:57:17.962476+00:00,RECOMBOBULATOR_3000,9912456.0,10125213.0,3,1,60.282020807266235
2026-09-09T14:57:17.962476+00:00,SUMMONING_EYE,1259175.7,1319231.6,19,1,60.282020807266235
2026-09-09T14:58:18.370631+00:00,BOOSTER_COOKIE,12436664.0,12742416.5,2,6,60.405799865722656
2026-09-09T14:58:18.370631+00:00,ENCHANTED_DIAMOND,1371.2,1689.6,906,1647,60.405799865722656
2026-09-09T14:58:18.370631+00:00,ENCHANTED_DIAMOND_BLOCK,202184.2,206000.0,2348,1725,60.405799865722656
2026-09-09T14:58:18.370631+00:00,NULL_SPHERE,263.1,356.7,333648,475,60.405799865722656
2026-09-09T14:58:18.370631+00:00,NULL_OVOID,140005.0,166045.4,256,78,60.405799865722656
2026-09-09T14:58:18.370631+00:00,RECOMBOBULATOR_3000,9912456.3,10125213.2,10,3,60.405799865722656
2026-09-09T14:58:18.370631+00:00,SUMMONING_EYE,1259175.9,1319231.2,19,33,60.405799865722656
2026-09-09T14:59:18.658178+00:00,BOOSTER_COOKIE,12436664.3,12742416.6,1,6,60.289050817489624
2026-09-09T14:59:18.658178+00:00,ENCHANTED_DIAMOND,1387.1,1689.1,274,1396,60.289050817489624
2026-09-09T14:59:18.658178+00:00,ENCHANTED_DIAMOND_BLOCK,202184.2,206000.0,2305,1198,60.289050817489624
2026-09-09T14:59:18.658178+00:00,NULL_SPHERE,263.1,356.7,325399,475,60.289050817489624
2026-09-09T14:59:18.658178+00:00,NULL_OVOID,140005.0,166045.4,256,78,60.289050817489624
2026-09-09T14:59:18.658178+00:00,RECOMBOBULATOR_3000,9912456.7,10125212.7,1,5,60.289050817489624
2026-09-09T14:59:18.658178+00:00,SUMMONING_EYE,1262179.0,1319230.9,3,2,60.289050817489624
2026-09-09T15:00:18.932885+00:00,BOOSTER_COOKIE,12436664.7,12742416.5,1,22,60.36126637458801
2026-09-09T15:00:18.932885+00:00,ENCHANTED_DIAMOND,1371.0,1658.6,798,4023,60.36126637458801
2026-09-09T15:00:18.932885+00:00,ENCHANTED_DIAMOND_BLOCK,202184.3,205999.8,637,636,60.36126637458801
2026-09-09T15:00:18.932885+00:00,NULL_SPHERE,263.1,356.7,325331,475,60.36126637458801
2026-09-09T15:00:18.932885+00:00,NULL_OVOID,140005.0,166045.5,256,672,60.36126637458801
2026-09-09T15:00:18.932885+00:00,RECOMBOBULATOR_3000,9912457.0,10103936.7,3,1,60.36126637458801
2026-09-09T15:00:18.932885+00:00,SUMMONING_EYE,1262179.2,1319230.6,2,10,60.36126637458801
2026-09-09T15:01:19.293361+00:00,BOOSTER_COOKIE,12436665.2,12742416.5,1,12,60.361719369888306
2026-09-09T15:01:19.293361+00:00,ENCHANTED_DIAMOND,1371.0,1658.4,69786,3159,60.361719369888306
2026-09-09T15:01:19.293361+00:00,ENCHANTED_DIAMOND_BLOCK,202184.4,205999.6,1963,18,60.361719369888306
2026-09-09T15:01:19.293361+00:00,NULL_SPHERE,263.1,356.7,323251,475,60.361719369888306
2026-09-09T15:01:19.293361+00:00,NULL_OVOID,140005.0,166045.2,256,1536,60.361719369888306
2026-09-09T15:01:19.293361+00:00,RECOMBOBULATOR_3000,9912457.1,10103936.0,25,3,60.361719369888306
2026-09-09T15:01:19.293361+00:00,SUMMONING_EYE,1262179.3,1319231.0,10,1,60.361719369888306
2026-09-09T15:02:19.721011+00:00,BOOSTER_COOKIE,12436665.7,12742416.5,8,2,60.44765639305115
2026-09-09T15:02:19.721011+00:00,ENCHANTED_DIAMOND,1371.0,1658.0,64301,1280,60.44765639305115
2026-09-09T15:02:19.721011+00:00,ENCHANTED_DIAMOND_BLOCK,202184.5,205999.5,569,44,60.44765639305115
2026-09-09T15:02:19.721011+00:00,NULL_SPHERE,263.2,356.7,142000,474,60.44765639305115
2026-09-09T15:02:19.721011+00:00,NULL_OVOID,140005.0,166045.1,256,32,60.44765639305115
2026-09-09T15:02:19.721011+00:00,RECOMBOBULATOR_3000,9912457.4,10103935.8,6,4,60.44765639305115
2026-09-09T15:02:19.721011+00:00,SUMMONING_EYE,1262179.5,1319230.9,60,8,60.44765639305115
2026-09-09T15:03:20.161362+00:00,BOOSTER_COOKIE,12436665.9,12742416.8,1,1,60.415262937545776
2026-09-09T15:03:20.161362+00:00,ENCHANTED_DIAMOND,1371.0,1629.0,60815,493,60.415262937545776
2026-09-09T15:03:20.161362+00:00,ENCHANTED_DIAMOND_BLOCK,202375.3,206000.0,668,976,60.415262937545776
2026-09-09T15:03:20.161362+00:00,NULL_SPHERE,263.2,356.7,567835,442,60.415262937545776
2026-09-09T15:03:20.161362+00:00,NULL_OVOID,140005.1,166045.1,7,32,60.415262937545776
2026-09-09T15:03:20.161362+00:00,RECOMBOBULATOR_3000,9912457.1,10103935.3,23,1,60.415262937545776
2026-09-09T15:03:20.161362+00:00,SUMMONING_EYE,1262179.5,1319230.8,53,1,60.415262937545776
2026-09-09T15:04:20.532306+00:00,BOOSTER_COOKIE,12436666.6,12742417.0,1,18,60.373536109924316
2026-09-09T15:04:20.532306+00:00,ENCHANTED_DIAMOND,1371.0,1603.0,58908,953,60.373536109924316
2026-09-09T15:04:20.532306+00:00,ENCHANTED_DIAMOND_BLOCK,202375.4,205999.9,2141,107,60.373536109924316
2026-09-09T15:04:20.532306+00:00,NULL_SPHERE,263.2,356.6,552123,768,60.373536109924316
2026-09-09T15:04:20.532306+00:00,NULL_OVOID,140005.1,166045.1,7,31,60.373536109924316
2026-09-09T15:04:20.532306+00:00,RECOMBOBULATOR_3000,9912457.1,10103935.1,7,29,60.373536109924316
2026-09-09T15:04:20.532306+00:00,SUMMONING_EYE,1262179.7,1319230.6,2,1,60.373536109924316
2026-09-09T15:05:20.869095+00:00,BOOSTER_COOKIE,12436667.1,12742416.7,2,1,60.25276446342468
2026-09-09T15:05:20.869095+00:00,ENCHANTED_DIAMOND,1371.1,1558.5,1912,322,60.25276446342468
2026-09-09T15:05:20.869095+00:00,ENCHANTED_DIAMOND_BLOCK,202375.5,205999.9,1023,916,60.25276446342468
2026-09-09T15:05:20.869095+00:00,NULL_SPHERE,263.2,356.6,548531,768,60.25276446342468
2026-09-09T15:05:20.869095+00:00,NULL_OVOID,140005.1,166045.0,7,218,60.25276446342468
2026-09-09T15:05:20.869095+00:00,RECOMBOBULATOR_3000,9912457.2,10103934.6,5,1,60.25276446342468
2026-09-09T15:05:20.869095+00:00,SUMMONING_EYE,1262179.7,1319231.1,1,3,60.25276446342468
2026-09-09T16:49:01.950811+00:00,BOOSTER_COOKIE,12241281.6,12740998.3,9,7,
2026-09-09T16:49:01.950811+00:00,ENCHANTED_DIAMOND,1419.3,1776.0,2240,713927,
2026-09-09T16:49:01.950811+00:00,ENCHANTED_DIAMOND_BLOCK,202376.9,205633.9,782,56,
2026-09-09T16:49:01.950811+00:00,NULL_SPHERE,264.1,354.5,3877,734,
2026-09-09T16:49:01.950811+00:00,NULL_OVOID,140007.6,161093.8,224,1099,
2026-09-09T16:49:01.950811+00:00,RECOMBOBULATOR_3000,9912454.3,10067549.7,74,1,
2026-09-09T16:49:01.950811+00:00,SUMMONING_EYE,1256013.9,1319249.3,16,5,
2026-09-09T16:50:02.192242+00:00,BOOSTER_COOKIE,12241281.9,12740998.2,7,11,60.40574073791504
2026-09-09T16:50:02.192242+00:00,ENCHANTED_DIAMOND,1419.0,1775.6,19601,960,60.40574073791504
2026-09-09T16:50:02.192242+00:00,ENCHANTED_DIAMOND_BLOCK,202376.9,205633.8,469,8,60.40574073791504
2026-09-09T16:50:02.192242+00:00,NULL_SPHERE,264.1,354.5,1852,702,60.40574073791504
2026-09-09T16:50:02.192242+00:00,NULL_OVOID,140007.6,161093.8,224,1083,60.40574073791504
2026-09-09T16:50:02.192242+00:00,RECOMBOBULATOR_3000,9912454.4,10067549.7,1,1,60.40574073791504
2026-09-09T16:50:02.192242+00:00,SUMMONING_EYE,1256013.9,1319249.3,16,2,60.40574073791504
2026-09-09T16:51:02.575399+00:00,BOOSTER_COOKIE,12241282.4,12740997.9,1,3,60.40497374534607
2026-09-09T16:51:02.575399+00:00,ENCHANTED_DIAMOND,1419.1,1776.0,271,711622,60.40497374534607
2026-09-09T16:51:02.575399+00:00,ENCHANTED_DIAMOND_BLOCK,202376.9,205633.7,355,459,60.40497374534607
2026-09-09T16:51:02.575399+00:00,NULL_SPHERE,264.0,354.5,6799,702,60.40497374534607
2026-09-09T16:51:02.575399+00:00,NULL_OVOID,140007.6,161093.8,224,1083,60.40497374534607
2026-09-09T16:51:02.575399+00:00,RECOMBOBULATOR_3000,9912454.3,10103933.0,71,1,60.40497374534607
2026-09-09T16:51:02.575399+00:00,SUMMONING_EYE,1256013.9,1319253.3,15,4,60.40497374534607
2026-09-09T16:52:02.985539+00:00,BOOSTER_COOKIE,12241283.2,12740998.1,1,19,60.26986074447632
2026-09-09T16:52:02.985539+00:00,ENCHANTED_DIAMOND,1419.2,1776.0,1566,708934,60.26986074447632
2026-09-09T16:52:02.985539+00:00,ENCHANTED_DIAMOND_BLOCK,202376.9,205633.7,37,139,60.26986074447632
2026-09-09T16:52:02.985539+00:00,NULL_SPHERE,264.0,354.5,6637,702,60.26986074447632
2026-09-09T16:52:02.985539+00:00,NULL_OVOID,140007.6,161093.8,221,1082,60.26986074447632
2026-09-09T16:52:02.985539+00:00,RECOMBOBULATOR_3000,9912454.3,10103933.0,68,1,60.26986074447632
2026-09-09T16:52:02.985539+00:00,SUMMONING_EYE,1256013.9,1319253.2,13,15,60.26986074447632
2026-09-09T16:53:03.272316+00:00,BOOSTER_COOKIE,12266269.4,12740997.9,1,1,60.285897731781006
2026-09-09T16:53:03.272316+00:00,ENCHANTED_DIAMOND,1419.4,1740.1,62156,1216,60.285897731781006
2026-09-09T16:53:03.272316+00:00,ENCHANTED_DIAMOND_BLOCK,202376.9,205633.7,11,139,60.285897731781006
2026-09-09T16:53:03.272316+00:00,NULL_SPHERE,264.0,354.5,5127,702,60.285897731781006
2026-09-09T16:53:03.272316+00:00,NULL_OVOID,140007.6,161093.8,221,1050,60.285897731781006
2026-09-09T16:53:03.272316+00:00,RECOMBOBULATOR_3000,9912454.3,10103933.0,68,1,60.285897731781006
2026-09-09T16:53:03.272316+00:00,SUMMONING_EYE,1256014.0,1319253.2,1,13,60.285897731781006
2026-09-09T16:54:03.575486+00:00,BOOSTER_COOKIE,12266270.1,12741000.0,1,15,60.409897327423096
2026-09-09T16:54:03.575486+00:00,ENCHANTED_DIAMOND,1419.4,1776.0,61387,702701,60.409897327423096
2026-09-09T16:54:03.575486+00:00,ENCHANTED_DIAMOND_BLOCK,202377.0,205633.6,16,211,60.409897327423096
2026-09-09T16:54:03.575486+00:00,NULL_SPHERE,263.9,354.5,63441,702,60.409897327423096
2026-09-09T16:54:03.575486+00:00,NULL_OVOID,140007.6,161093.8,221,954,60.409897327423096
2026-09-09T16:54:03.575486+00:00,RECOMBOBULATOR_3000,9912454.3,10103934.1,67,2,60.409897327423096
2026-09-09T16:54:03.575486+00:00,SUMMONING_EYE,1256014.1,1319253.1,16,2,60.409897327423096
2026-09-09T16:55:03.978532+00:00,BOOSTER_COOKIE,12266270.7,12741999.5,1,1,60.40823316574097
2026-09-09T16:55:03.978532+00:00,ENCHANTED_DIAMOND,1419.4,1775.9,55933,192,60.40823316574097
2026-09-09T16:55:03.978532+00:00,ENCHANTED_DIAMOND_BLOCK,202376.8,205633.6,605,211,60.40823316574097
2026-09-09T16:55:03.978532+00:00,NULL_SPHERE,263.9,354.5,61693,702,60.40823316574097
2026-09-09T16:55:03.978532+00:00,NULL_OVOID,140007.6,161093.8,221,954,60.40823316574097
2026-09-09T16:55:03.978532+00:00,RECOMBOBULATOR_3000,9912454.3,10103934.4,66,16,60.40823316574097
2026-09-09T16:55:03.978532+00:00,SUMMONING_EYE,1256014.1,1319253.1,7,6,60.40823316574097
2026-09-09T16:56:04.615665+00:00,BOOSTER_COOKIE,12266270.2,12741999.9,2,26,60.70896100997925
2026-09-09T16:56:04.615665+00:00,ENCHANTED_DIAMOND,1419.4,1775.8,53441,86,60.70896100997925
2026-09-09T16:56:04.615665+00:00,ENCHANTED_DIAMOND_BLOCK,202376.8,205599.9,497,9,60.70896100997925
2026-09-09T16:56:04.615665+00:00,NULL_SPHERE,263.9,354.5,58494,702,60.70896100997925
2026-09-09T16:56:04.615665+00:00,NULL_OVOID,140007.6,161093.7,221,1460,60.70896100997925
2026-09-09T16:56:04.615665+00:00,RECOMBOBULATOR_3000,9912454.4,10103934.1,1,1,60.70896100997925
2026-09-09T16:56:04.615665+00:00,SUMMONING_EYE,1256013.9,1319252.8,6,1,60.70896100997925
2026-09-09T16:57:05.090790+00:00,BOOSTER_COOKIE,12290057.2,12741999.8,2,15,60.39689373970032
2026-09-09T16:57:05.090790+00:00,ENCHANTED_DIAMOND,1419.6,1775.7,1391,112,60.39689373970032
2026-09-09T16:57:05.090790+00:00,ENCHANTED_DIAMOND_BLOCK,202376.8,205599.9,254,9,60.39689373970032
2026-09-09T16:57:05.090790+00:00,NULL_SPHERE,263.9,354.5,53266,702,60.39689373970032
2026-09-09T16:57:05.090790+00:00,NULL_OVOID,140007.6,161093.6,221,512,60.39689373970032
2026-09-09T16:57:05.090790+00:00,RECOMBOBULATOR_3000,9912454.3,10103934.0,58,1,60.39689373970032
2026-09-09T16:57:05.090790+00:00,SUMMONING_EYE,1256013.9,1319252.5,4,10,60.39689373970032
2026-09-09T16:58:05.499436+00:00,BOOSTER_COOKIE,12312654.8,12741999.8,17,14,60.421257734298706
2026-09-09T16:58:05.499436+00:00,ENCHANTED_DIAMOND,1419.5,1775.6,858,2176,60.421257734298706
2026-09-09T16:58:05.499436+00:00,ENCHANTED_DIAMOND_BLOCK,202376.8,205635.7,201,73,60.421257734298706
2026-09-09T16:58:05.499436+00:00,NULL_SPHERE,263.9,354.5,53265,702,60.421257734298706
2026-09-09T16:58:05.499436+00:00,NULL_OVOID,140007.6,161093.6,221,512,60.421257734298706
2026-09-09T16:58:05.499436+00:00,RECOMBOBULATOR_3000,9912454.4,10103934.4,49,10,60.421257734298706
2026-09-09T16:58:05.499436+00:00,SUMMONING_EYE,1256013.9,1319252.1,8,16,60.421257734298706
2026-09-09T16:59:05.910132+00:00,BOOSTER_COOKIE,12334122.2,12741999.2,1,8,60.4138560295105
2026-09-09T16:59:05.910132+00:00,ENCHANTED_DIAMOND,1419.6,1707.8,66163,1351,60.4138560295105
2026-09-09T16:59:05.910132+00:00,ENCHANTED_DIAMOND_BLOCK,202376.9,205635.7,1309,69,60.4138560295105
2026-09-09T16:59:05.910132+00:00,NULL_SPHERE,263.9,354.5,53242,702,60.4138560295105
2026-09-09T16:59:05.910132+00:00,NULL_OVOID,140007.6,161093.4,221,512,60.4138560295105
2026-09-09T16:59:05.910132+00:00,RECOMBOBULATOR_3000,9912454.5,10103934.4,1,7,60.4138560295105
2026-09-09T16:59:05.910132+00:00,SUMMONING_EYE,1256013.9,1319251.8,6,16,60.4138560295105
2026-09-09T17:00:06.276212+00:00,BOOSTER_COOKIE,12373890.3,12741999.1,1,9,60.19393968582153
2026-09-09T17:00:06.276212+00:00,ENCHANTED_DIAMOND,1419.6,1707.3,59049,373,60.19393968582153
2026-09-09T17:00:06.276212+00:00,ENCHANTED_DIAMOND_BLOCK,202377.0,205635.7,12,69,60.19393968582153
2026-09-09T17:00:06.276212+00:00,NULL_SPHERE,263.9,354.5,51366,702,60.19393968582153
2026-09-09T17:00:06.276212+00:00,NULL_OVOID,140007.6,161093.4,221,512,60.19393968582153
2026-09-09T17:00:06.276212+00:00,RECOMBOBULATOR_3000,9912454.4,10103934.4,45,6,60.19393968582153
2026-09-09T17:00:06.276212+00:00,SUMMONING_EYE,1256014.0,1319251.6,10,17,60.19393968582153
2026-09-09T17:01:06.502454+00:00,BOOSTER_COOKIE,12409781.2,12741999.0,1,21,60.27471899986267
2026-09-09T17:01:06.502454+00:00,ENCHANTED_DIAMOND,1419.7,1706.5,210,106,60.27471899986267
2026-09-09T17:01:06.502454+00:00,ENCHANTED_DIAMOND_BLOCK,202376.9,205635.6,866,52,60.27471899986267
2026-09-09T17:01:06.502454+00:00,NULL_SPHERE,263.9,354.5,47257,702,60.27471899986267
2026-09-09T17:01:06.502454+00:00,NULL_OVOID,140007.6,161093.4,221,493,60.27471899986267
2026-09-09T17:01:06.502454+00:00,RECOMBOBULATOR_3000,9912454.5,10103934.3,1,35,60.27471899986267
2026-09-09T17:01:06.502454+00:00,SUMMONING_EYE,1256014.0,1319251.2,7,21,60.27471899986267
2026-09-09T17:02:06.799140+00:00,BOOSTER_COOKIE,12409781.4,12741998.4,1,4,60.29576754570007
2026-09-09T17:02:06.799140+00:00,ENCHANTED_DIAMOND,1419.6,1706.4,53248,2451,60.29576754570007
2026-09-09T17:02:06.799140+00:00,ENCHANTED_DIAMOND_BLOCK,202377.1,205635.6,6,8,60.29576754570007
2026-09-09T17:02:06.799140+00:00,NULL_SPHERE,263.9,354.5,44228,702,60.29576754570007
2026-09-09T17:02:06.799140+00:00,NULL_OVOID,140007.6,161093.4,221,493,60.29576754570007
2026-09-09T17:02:06.799140+00:00,RECOMBOBULATOR_3000,9912454.4,10103934.3,44,33,60.29576754570007
2026-09-09T17:02:06.799140+00:00,SUMMONING_EYE,1256014.0,1319250.0,4,4,60.29576754570007
2026-09-09T17:03:07.091854+00:00,BOOSTER_COOKIE,12409781.9,12741998.0,1,20,60.298259019851685
2026-09-09T17:03:07.091854+00:00,ENCHANTED_DIAMOND,1419.6,1706.3,47883,905,60.298259019851685
2026-09-09T17:03:07.091854+00:00,ENCHANTED_DIAMOND_BLOCK,202377.0,205637.1,601,58,60.298259019851685
2026-09-09T17:03:07.091854+00:00,NULL_SPHERE,263.9,354.5,43552,702,60.298259019851685
2026-09-09T17:03:07.091854+00:00,NULL_OVOID,140007.6,161093.4,221,397,60.298259019851685
2026-09-09T17:03:07.091854+00:00,RECOMBOBULATOR_3000,9912454.4,10084785.9,34,1,60.298259019851685
2026-09-09T17:03:07.091854+00:00,SUMMONING_EYE,1256014.1,1319249.8,5,11,60.298259019851685
2026-09-09T17:04:07.381691+00:00,BOOSTER_COOKIE,12392295.9,12741997.6,3,5,60.400715589523315
2026-09-09T17:04:07.381691+00:00,ENCHANTED_DIAMOND,1419.6,1706.2,30050,32,60.400715589523315
2026-09-09T17:04:07.381691+00:00,ENCHANTED_DIAMOND_BLOCK,202377.0,205637.0,169,51,60.400715589523315
2026-09-09T17:04:07.381691+00:00,NULL_SPHERE,263.9,354.4,42330,594,60.400715589523315
2026-09-09T17:04:07.381691+00:00,NULL_OVOID,140007.7,161093.4,24,397,60.400715589523315
2026-09-09T17:04:07.381691+00:00,RECOMBOBULATOR_3000,9912454.4,10067552.4,29,2,60.400715589523315
2026-09-09T17:04:07.381691+00:00,SUMMONING_EYE,1256014.1,1319249.8,5,8,60.400715589523315
2026-09-09T17:05:07.773507+00:00,BOOSTER_COOKIE,12392296.1,12741997.3,24,26,60.374518156051636
2026-09-09T17:05:07.773507+00:00,ENCHANTED_DIAMOND,1419.6,1705.8,25775,896,60.374518156051636
2026-09-09T17:05:07.773507+00:00,ENCHANTED_DIAMOND_BLOCK,202376.6,205637.4,56,709,60.374518156051636
2026-09-09T17:05:07.773507+00:00,NULL_SPHERE,263.9,354.4,42131,594,60.374518156051636
2026-09-09T17:05:07.773507+00:00,NULL_OVOID,140007.7,161093.4,24,397,60.374518156051636
2026-09-09T17:05:07.773507+00:00,RECOMBOBULATOR_3000,9912454.4,10103934.1,20,1,60.374518156051636
2026-09-09T17:05:07.773507+00:00,SUMMONING_EYE,1256014.2,1319249.9,4,8,60.374518156051636
2026-09-09T17:06:08.162446+00:00,BOOSTER_COOKIE,12392296.5,12741996.9,1,24,60.29178023338318
2026-09-09T17:06:08.162446+00:00,ENCHANTED_DIAMOND,1419.7,1706.3,9272,1152,60.29178023338318
2026-09-09T17:06:08.162446+00:00,ENCHANTED_DIAMOND_BLOCK,202376.1,205637.3,99,6,60.29178023338318
2026-09-09T17:06:08.162446+00:00,NULL_SPHERE,263.9,354.4,41918,594,60.29178023338318
2026-09-09T17:06:08.162446+00:00,NULL_OVOID,140007.8,161093.4,7,206,60.29178023338318
2026-09-09T17:06:08.162446+00:00,RECOMBOBULATOR_3000,9912454.5,10103933.9,8,1,60.29178023338318
2026-09-09T17:06:08.162446+00:00,SUMMONING_EYE,1256014.3,1319249.9,8,4,60.29178023338318
2026-09-09T17:07:08.442166+00:00,BOOSTER_COOKIE,12409781.7,12741996.9,7,8,60.27889847755432
2026-09-09T17:07:08.442166+00:00,ENCHANTED_DIAMOND,1419.9,1776.0,3717,697958,60.27889847755432
2026-09-09T17:07:08.442166+00:00,ENCHANTED_DIAMOND_BLOCK,202376.1,205637.1,79,8,60.27889847755432
2026-09-09T17:07:08.442166+00:00,NULL_SPHERE,263.9,354.4,41146,594,60.27889847755432
2026-09-09T17:07:08.442166+00:00,NULL_OVOID,140007.9,161093.4,24,206,60.27889847755432
2026-09-09T17:07:08.442166+00:00,RECOMBOBULATOR_3000,9912454.6,10103934.3,1,23,60.27889847755432
2026-09-09T17:07:08.442166+00:00,SUMMONING_EYE,1256014.3,1319251.0,11,2,60.27889847755432
2026-09-09T17:08:08.719108+00:00,BOOSTER_COOKIE,12409781.9,12741999.0,28,9,60.2733736038208
2026-09-09T17:08:08.719108+00:00,ENCHANTED_DIAMOND,1420.1,1775.8,826,1175,60.2733736038208
2026-09-09T17:08:08.719108+00:00,ENCHANTED_DIAMOND_BLOCK,202375.4,205637.5,1020,41,60.2733736038208
2026-09-09T17:08:08.719108+00:00,NULL_SPHERE,263.9,354.4,40994,594,60.2733736038208
2026-09-09T17:08:08.719108+00:00,NULL_OVOID,140007.9,161093.4,24,174,60.2733736038208
2026-09-09T17:08:08.719108+00:00,RECOMBOBULATOR_3000,9912454.5,10103934.1,6,25,60.2733736038208
2026-09-09T17:08:08.719108+00:00,SUMMONING_EYE,1256014.3,1319250.7,8,13,60.2733736038208
2026-09-09T17:09:09.046677+00:00,BOOSTER_COOKIE,12409782.2,12741998.6,10,6,60.43913459777832
2026-09-09T17:09:09.046677+00:00,ENCHANTED_DIAMOND,1419.8,1776.0,1648,695151,60.43913459777832
2026-09-09T17:09:09.046677+00:00,ENCHANTED_DIAMOND_BLOCK,202375.4,208000.0,954,2508,60.43913459777832
2026-09-09T17:09:09.046677+00:00,NULL_SPHERE,263.9,354.4,40857,594,60.43913459777832
2026-09-09T17:09:09.046677+00:00,NULL_OVOID,140008.1,161093.4,24,174,60.43913459777832
2026-09-09T17:09:09.046677+00:00,RECOMBOBULATOR_3000,9912454.7,10103934.1,30,22,60.43913459777832
2026-09-09T17:09:09.046677+00:00,SUMMONING_EYE,1256014.3,1319250.7,2,13,60.43913459777832
2026-09-09T17:10:09.443864+00:00,BOOSTER_COOKIE,12127419.7,12678877.1,25,1,60.41325855255127
2026-09-09T17:10:09.443864+00:00,ENCHANTED_DIAMOND,1420.0,1776.0,833,689101,60.41325855255127
2026-09-09T17:10:09.443864+00:00,ENCHANTED_DIAMOND_BLOCK,202375.5,208000.0,49,2242,60.41325855255127
2026-09-09T17:10:09.443864+00:00,NULL_SPHERE,263.9,354.4,40687,594,60.41325855255127
2026-09-09T17:10:09.443864+00:00,NULL_OVOID,140008.1,161093.4,24,174,60.41325855255127
2026-09-09T17:10:09.443864+00:00,RECOMBOBULATOR_3000,9912455.0,10103934.1,9,18,60.41325855255127
2026-09-09T17:10:09.443864+00:00,SUMMONING_EYE,1256014.7,1319250.5,7,1,60.41325855255127
2026-09-09T17:11:09.887451+00:00,BOOSTER_COOKIE,12127420.1,12678877.1,1,1,60.38883113861084
2026-09-09T17:11:09.887451+00:00,ENCHANTED_DIAMOND,1420.0,1775.5,22389,612,60.38883113861084
2026-09-09T17:11:09.887451+00:00,ENCHANTED_DIAMOND_BLOCK,202003.1,208000.0,870,2228,60.38883113861084
2026-09-09T17:11:09.887451+00:00,NULL_SPHERE,263.9,354.4,40687,594,60.38883113861084
2026-09-09T17:11:09.887451+00:00,NULL_OVOID,140008.3,161093.4,96,174,60.38883113861084
2026-09-09T17:11:09.887451+00:00,RECOMBOBULATOR_3000,9912455.1,10103933.6,10,1,60.38883113861084
2026-09-09T17:11:09.887451+00:00,SUMMONING_EYE,1256014.7,1319250.3,7,2,60.38883113861084
2026-09-09T17:12:10.246748+00:00,BOOSTER_COOKIE,12095072.5,12678877.2,14,4,60.407434701919556
2026-09-09T17:12:10.246748+00:00,ENCHANTED_DIAMOND,1420.0,1775.4,21143,2629,60.407434701919556
2026-09-09T17:12:10.246748+00:00,ENCHANTED_DIAMOND_BLOCK,202002.6,208000.0,141,1178,60.407434701919556
2026-09-09T17:12:10.246748+00:00,NULL_SPHERE,263.9,354.4,40155,565,60.407434701919556
2026-09-09T17:12:10.246748+00:00,NULL_OVOID,140008.3,161093.4,96,78,60.407434701919556
2026-09-09T17:12:10.246748+00:00,RECOMBOBULATOR_3000,9912455.2,10103933.5,9,1,60.407434701919556
2026-09-09T17:12:10.246748+00:00,SUMMONING_EYE,1256014.8,1319250.1,7,4,60.407434701919556
2026-09-09T17:13:10.637131+00:00,BOOSTER_COOKIE,12095072.6,12678876.8,1,15,60.37059164047241
2026-09-09T17:13:10.637131+00:00,ENCHANTED_DIAMOND,1420.1,1775.3,832,218,60.37059164047241
2026-09-09T17:13:10.637131+00:00,ENCHANTED_DIAMOND_BLOCK,202002.1,208000.0,218,1050,60.37059164047241
2026-09-09T17:13:10.637131+00:00,NULL_SPHERE,263.9,354.4,40086,565,60.37059164047241
2026-09-09T17:13:10.637131+00:00,NULL_OVOID,140008.3,161093.4,96,75,60.37059164047241
2026-09-09T17:13:10.637131+00:00,RECOMBOBULATOR_3000,9912455.2,10103933.2,7,1,60.37059164047241
2026-09-09T17:13:10.637131+00:00,SUMMONING_EYE,1256014.9,1319249.9,1,1,60.37059164047241
2026-09-09T17:14:11.064051+00:00,BOOSTER_COOKIE,12095072.8,12678876.8,8,7,60.43912720680237
2026-09-09T17:14:11.064051+00:00,ENCHANTED_DIAMOND,1420.0,1776.0,19571,688342,60.43912720680237
2026-09-09T17:14:11.064051+00:00,ENCHANTED_DIAMOND_BLOCK,202001.7,207999.9,1061,67,60.43912720680237
2026-09-09T17:14:11.064051+00:00,NULL_SPHERE,263.9,354.4,39368,565,60.43912720680237
2026-09-09T17:14:11.064051+00:00,NULL_OVOID,140008.3,161093.4,96,63,60.43912720680237
2026-09-09T17:14:11.064051+00:00,RECOMBOBULATOR_3000,9912455.3,10084786.2,6,1,60.43912720680237
2026-09-09T17:14:11.064051+00:00,SUMMONING_EYE,1256014.7,1319249.9,1,1,60.43912720680237
2026-09-09T17:15:11.449382+00:00,BOOSTER_COOKIE,12151993.7,12678876.6,7,4,60.409868240356445
2026-09-09T17:15:11.449382+00:00,ENCHANTED_DIAMOND,1420.1,1775.7,15,2000,60.409868240356445
2026-09-09T17:15:11.449382+00:00,ENCHANTED_DIAMOND_BLOCK,202001.7,207999.7,492,1865,60.409868240356445
2026-09-09T17:15:11.449382+00:00,NULL_SPHERE,263.9,354.4,33858,565,60.409868240356445
2026-09-09T17:15:11.449382+00:00,NULL_OVOID,140008.3,161093.7,96,1256,60.409868240356445
2026-09-09T17:15:11.449382+00:00,RECOMBOBULATOR_3000,9912455.3,10103934.1,5,4,60.409868240356445
2026-09-09T17:15:11.449382+00:00,SUMMONING_EYE,1256014.5,1319249.7,1,22,60.409868240356445
2026-09-09T17:16:11.847931+00:00,BOOSTER_COOKIE,12151993.9,12678876.9,13,9,60.24005079269409
2026-09-09T17:16:11.847931+00:00,ENCHANTED_DIAMOND,1420.0,1776.0,12371,685719,60.24005079269409
2026-09-09T17:16:11.847931+00:00,ENCHANTED_DIAMOND_BLOCK,202001.8,207999.6,346,108,60.24005079269409
2026-09-09T17:16:11.847931+00:00,NULL_SPHERE,263.9,354.4,20254,565,60.24005079269409
2026-09-09T17:16:11.847931+00:00,NULL_OVOID,140008.3,158985.2,96,32,60.24005079269409
2026-09-09T17:16:11.847931+00:00,RECOMBOBULATOR_3000,9912455.1,10103933.9,8,8,60.24005079269409
2026-09-09T17:16:11.847931+00:00,SUMMONING_EYE,1256014.6,1319249.5,1,22,60.24005079269409
2026-09-09T17:24:38.650122+00:00,BOOSTER_COOKIE,12346810.0,12741998.3,1,2,
2026-09-09T17:24:38.650122+00:00,ENCHANTED_DIAMOND,1419.9,1773.8,68275,1319,
2026-09-09T17:24:38.650122+00:00,ENCHANTED_DIAMOND_BLOCK,202000.8,209999.4,1767,48,
2026-09-09T17:24:38.650122+00:00,NULL_SPHERE,264.2,354.4,69414,481,
2026-09-09T17:24:38.650122+00:00,NULL_OVOID,140008.5,157087.4,24,11,
2026-09-09T17:24:38.650122+00:00,RECOMBOBULATOR_3000,9912455.3,10103932.7,2,26,
2026-09-09T17:24:38.650122+00:00,SUMMONING_EYE,1256010.8,1319247.7,7,1,
2026-09-09T17:25:38.933992+00:00,BOOSTER_COOKIE,12310935.9,12698892.1,1,10,60.40274214744568
2026-09-09T17:25:38.933992+00:00,ENCHANTED_DIAMOND,1419.9,1773.7,61648,2366,60.40274214744568
2026-09-09T17:25:38.933992+00:00,ENCHANTED_DIAMOND_BLOCK,202000.8,209999.2,1644,192,60.40274214744568
2026-09-09T17:25:38.933992+00:00,NULL_SPHERE,264.3,354.4,65347,481,60.40274214744568
2026-09-09T17:25:38.933992+00:00,NULL_OVOID,140008.5,157087.4,24,11,60.40274214744568
2026-09-09T17:25:38.933992+00:00,RECOMBOBULATOR_3000,9912455.5,10103932.3,8,1,60.40274214744568
2026-09-09T17:25:38.933992+00:00,SUMMONING_EYE,1256010.8,1319247.4,4,6,60.40274214744568
2026-09-09T17:26:39.350571+00:00,BOOSTER_COOKIE,12271185.2,12698891.8,1,6,60.44574308395386
2026-09-09T17:26:39.350571+00:00,ENCHANTED_DIAMOND,1420.0,1773.5,6229,1024,60.44574308395386
2026-09-09T17:26:39.350571+00:00,ENCHANTED_DIAMOND_BLOCK,202000.5,209999.0,117,34,60.44574308395386
2026-09-09T17:26:39.350571+00:00,NULL_SPHERE,264.3,354.4,64913,481,60.44574308395386
2026-09-09T17:26:39.350571+00:00,NULL_OVOID,140008.5,157087.4,24,11,60.44574308395386
2026-09-09T17:26:39.350571+00:00,RECOMBOBULATOR_3000,9912455.6,10103931.7,15,26,60.44574308395386
2026-09-09T17:26:39.350571+00:00,SUMMONING_EYE,1256010.9,1319247.3,22,1,60.44574308395386
2026-09-09T17:27:40.126527+00:00,BOOSTER_COOKIE,12271185.4,12698891.4,1,8,60.72170066833496
2026-09-09T17:27:40.126527+00:00,ENCHANTED_DIAMOND,1420.1,1738.0,9079,334,60.72170066833496
2026-09-09T17:27:40.126527+00:00,ENCHANTED_DIAMOND_BLOCK,202000.7,209198.9,44,9,60.72170066833496
2026-09-09T17:27:40.126527+00:00,NULL_SPHERE,264.4,354.4,68024,481,60.72170066833496
2026-09-09T17:27:40.126527+00:00,NULL_OVOID,140008.6,158985.1,7,941,60.72170066833496
2026-09-09T17:27:40.126527+00:00,RECOMBOBULATOR_3000,9912455.6,10103931.3,7,14,60.72170066833496
2026-09-09T17:27:40.126527+00:00,SUMMONING_EYE,1256010.9,1319247.8,19,1,60.72170066833496
2026-09-09T17:28:40.516565+00:00,BOOSTER_COOKIE,12271185.4,12698891.3,1,2,60.417471408843994
2026-09-09T17:28:40.516565+00:00,ENCHANTED_DIAMOND,1420.2,1737.4,2240,320,60.417471408843994
2026-09-09T17:28:40.516565+00:00,ENCHANTED_DIAMOND_BLOCK,202000.4,209198.6,913,40,60.417471408843994
2026-09-09T17:28:40.516565+00:00,NULL_SPHERE,264.4,354.4,67862,1139,60.417471408843994
2026-09-09T17:28:40.516565+00:00,NULL_OVOID,140008.6,158985.1,7,941,60.417471408843994
2026-09-09T17:28:40.516565+00:00,RECOMBOBULATOR_3000,9912455.8,10103930.9,15,23,60.417471408843994
2026-09-09T17:28:40.516565+00:00,SUMMONING_EYE,1256010.9,1319249.4,9,3,60.417471408843994
2026-09-09T17:29:40.937406+00:00,BOOSTER_COOKIE,12292570.8,12698891.4,1,1,60.42643165588379
2026-09-09T17:29:40.937406+00:00,ENCHANTED_DIAMOND,1420.2,1737.4,1218,319,60.42643165588379
2026-09-09T17:29:40.937406+00:00,ENCHANTED_DIAMOND_BLOCK,202000.4,209198.4,732,17,60.42643165588379
2026-09-09T17:29:40.937406+00:00,NULL_SPHERE,264.5,354.4,64554,1063,60.42643165588379
2026-09-09T17:29:40.937406+00:00,NULL_OVOID,140008.6,158985.1,7,941,60.42643165588379
2026-09-09T17:29:40.937406+00:00,RECOMBOBULATOR_3000,9912455.5,10103930.6,2,1,60.42643165588379
2026-09-09T17:29:40.937406+00:00,SUMMONING_EYE,1256010.9,1319249.2,3,7,60.42643165588379
2026-09-09T17:30:41.358769+00:00,BOOSTER_COOKIE,12292570.9,12698891.6,1,3,60.41616630554199
2026-09-09T17:30:41.358769+00:00,ENCHANTED_DIAMOND,1420.3,1736.7,968,60,60.41616630554199
2026-09-09T17:30:41.358769+00:00,ENCHANTED_DIAMOND_BLOCK,202000.5,209198.2,548,47,60.41616630554199
2026-09-09T17:30:41.358769+00:00,NULL_SPHERE,264.5,354.5,64550,229,60.41616630554199
2026-09-09T17:30:41.358769+00:00,NULL_OVOID,140008.6,158985.1,7,941,60.41616630554199
2026-09-09T17:30:41.358769+00:00,RECOMBOBULATOR_3000,9912456.0,10103930.4,1,5,60.41616630554199
2026-09-09T17:30:41.358769+00:00,SUMMONING_EYE,1256010.9,1319249.2,2,7,60.41616630554199
2026-09-09T17:31:41.814859+00:00,BOOSTER_COOKIE,12064588.6,12698891.5,13,2,60.44254779815674
2026-09-09T17:31:41.814859+00:00,ENCHANTED_DIAMOND,1420.5,1736.4,70124,1035,60.44254779815674
2026-09-09T17:31:41.814859+00:00,ENCHANTED_DIAMOND_BLOCK,202000.5,210000.0,43,1237,60.44254779815674
2026-09-09T17:31:41.814859+00:00,NULL_SPHERE,264.6,354.5,71399,229,60.44254779815674
2026-09-09T17:31:41.814859+00:00,NULL_OVOID,140008.6,158985.1,7,941,60.44254779815674
2026-09-09T17:31:41.814859+00:00,RECOMBOBULATOR_3000,9912456.3,10103929.9,8,1,60.44254779815674
2026-09-09T17:31:41.814859+00:00,SUMMONING_EYE,1250006.0,1319249.1,16,28,60.44254779815674
2026-09-09T17:32:42.216512+00:00,BOOSTER_COOKIE,12064588.9,12698891.6,2,3,60.38663077354431
2026-09-09T17:32:42.216512+00:00,ENCHANTED_DIAMOND,1420.5,1737.7,68493,15,60.38663077354431
2026-09-09T17:32:42.216512+00:00,ENCHANTED_DIAMOND_BLOCK,202000.7,209999.7,21,47,60.38663077354431
2026-09-09T17:32:42.216512+00:00,NULL_SPHERE,269.2,354.5,20000,229,60.38663077354431
2026-09-09T17:32:42.216512+00:00,NULL_OVOID,140008.6,158985.1,7,941,60.38663077354431
2026-09-09T17:32:42.216512+00:00,RECOMBOBULATOR_3000,9912456.3,10103929.8,6,1,60.38663077354431
2026-09-09T17:32:42.216512+00:00,SUMMONING_EYE,1250006.1,1319249.0,66,6,60.38663077354431
2026-09-09T17:33:42.601119+00:00,BOOSTER_COOKIE,12064589.2,12739999.9,7,6,60.41592621803284
2026-09-09T17:33:42.601119+00:00,ENCHANTED_DIAMOND,1420.6,1773.6,160,70,60.41592621803284
2026-09-09T17:33:42.601119+00:00,ENCHANTED_DIAMOND_BLOCK,202000.5,209999.4,43,36,60.41592621803284
2026-09-09T17:33:42.601119+00:00,NULL_SPHERE,269.3,354.5,62185,197,60.41592621803284
2026-09-09T17:33:42.601119+00:00,NULL_OVOID,140008.6,158985.1,7,935,60.41592621803284
2026-09-09T17:33:42.601119+00:00,RECOMBOBULATOR_3000,9912456.5,10103929.6,1,2,60.41592621803284
2026-09-09T17:33:42.601119+00:00,SUMMONING_EYE,1250006.1,1319249.0,65,6,60.41592621803284
2026-09-09T17:34:43.015157+00:00,BOOSTER_COOKIE,12098360.1,12740000.0,1,125,60.38184356689453
2026-09-09T17:34:43.015157+00:00,ENCHANTED_DIAMOND,1420.8,1775.5,1572,1180,60.38184356689453
2026-09-09T17:34:43.015157+00:00,ENCHANTED_DIAMOND_BLOCK,202000.4,209999.0,364,15,60.38184356689453
2026-09-09T17:34:43.015157+00:00,NULL_SPHERE,269.3,354.5,59826,197,60.38184356689453
2026-09-09T17:34:43.015157+00:00,NULL_OVOID,140008.6,158985.1,7,926,60.38184356689453
2026-09-09T17:34:43.015157+00:00,RECOMBOBULATOR_3000,9912456.3,10103929.2,1,1,60.38184356689453
2026-09-09T17:34:43.015157+00:00,SUMMONING_EYE,1250006.1,1319248.9,65,7,60.38184356689453
2026-09-09T17:35:43.414141+00:00,BOOSTER_COOKIE,12098360.6,12739999.9,8,1,60.40251445770264
2026-09-09T17:35:43.414141+00:00,ENCHANTED_DIAMOND,1438.8,1776.0,10000,675045,60.40251445770264
2026-09-09T17:35:43.414141+00:00,ENCHANTED_DIAMOND_BLOCK,202000.6,209998.8,722,31,60.40251445770264
2026-09-09T17:35:43.414141+00:00,NULL_SPHERE,269.3,354.5,59826,197,60.40251445770264
2026-09-09T17:35:43.414141+00:00,NULL_OVOID,140008.6,158985.1,7,914,60.40251445770264
2026-09-09T17:35:43.414141+00:00,RECOMBOBULATOR_3000,9912456.2,10084781.7,1,23,60.40251445770264
2026-09-09T17:35:43.414141+00:00,SUMMONING_EYE,1250006.1,1319248.8,59,1,60.40251445770264
2026-09-09T17:36:43.802211+00:00,BOOSTER_COOKIE,12130442.9,12739999.9,9,8,60.40281796455383
2026-09-09T17:36:43.802211+00:00,ENCHANTED_DIAMOND,1455.9,1775.8,138,46,60.40281796455383
2026-09-09T17:36:43.802211+00:00,ENCHANTED_DIAMOND_BLOCK,202000.6,209998.8,225,37,60.40281796455383
2026-09-09T17:36:43.802211+00:00,NULL_SPHERE,269.3,354.4,59483,384,60.40281796455383
2026-09-09T17:36:43.802211+00:00,NULL_OVOID,140008.6,158985.1,7,901,60.40281796455383
2026-09-09T17:36:43.802211+00:00,RECOMBOBULATOR_3000,9912456.3,10103929.1,3,9,60.40281796455383
2026-09-09T17:36:43.802211+00:00,SUMMONING_EYE,1250006.1,1319248.7,56,3,60.40281796455383
2026-09-09T17:37:44.194531+00:00,BOOSTER_COOKIE,12098360.4,12739999.5,8,12,60.39088988304138
2026-09-09T17:37:44.194531+00:00,ENCHANTED_DIAMOND,1438.9,1775.9,2819,111,60.39088988304138
2026-09-09T17:37:44.194531+00:00,ENCHANTED_DIAMOND_BLOCK,202000.6,209999.8,160,503,60.39088988304138
2026-09-09T17:37:44.194531+00:00,NULL_SPHERE,269.3,354.4,58578,384,60.39088988304138
2026-09-09T17:37:44.194531+00:00,NULL_OVOID,140008.6,158985.0,7,187,60.39088988304138
2026-09-09T17:37:44.194531+00:00,RECOMBOBULATOR_3000,9912456.4,10103928.8,1,1,60.39088988304138
2026-09-09T17:37:44.194531+00:00,SUMMONING_EYE,1250006.1,1319248.6,54,11,60.39088988304138
2026-09-09T17:38:44.588241+00:00,BOOSTER_COOKIE,12098360.6,12739999.5,1,10,60.72610139846802
2026-09-09T17:38:44.588241+00:00,ENCHANTED_DIAMOND,1438.9,1775.9,2056,1704,60.72610139846802
2026-09-09T17:38:44.588241+00:00,ENCHANTED_DIAMOND_BLOCK,202000.7,209999.9,99,87,60.72610139846802
2026-09-09T17:38:44.588241+00:00,NULL_SPHERE,269.3,354.4,57375,384,60.72610139846802
2026-09-09T17:38:44.588241+00:00,NULL_OVOID,140008.6,158985.0,7,186,60.72610139846802
2026-09-09T17:38:44.588241+00:00,RECOMBOBULATOR_3000,9912456.5,10103928.7,1,7,60.72610139846802
2026-09-09T17:38:44.588241+00:00,SUMMONING_EYE,1250006.1,1319248.6,50,11,60.72610139846802
2026-09-09T17:39:45.337595+00:00,BOOSTER_COOKIE,12098360.6,12739999.2,6,1,60.39374327659607
2026-09-09T17:39:45.337595+00:00,ENCHANTED_DIAMOND,1438.8,1776.0,4032,664840,60.39374327659607
2026-09-09T17:39:45.337595+00:00,ENCHANTED_DIAMOND_BLOCK,202000.9,209999.7,411,98,60.39374327659607
2026-09-09T17:39:45.337595+00:00,NULL_SPHERE,269.3,354.4,55358,384,60.39374327659607
2026-09-09T17:39:45.337595+00:00,NULL_OVOID,140008.6,158985.0,7,186,60.39374327659607
2026-09-09T17:39:45.337595+00:00,RECOMBOBULATOR_3000,9912456.5,10103928.3,1,7,60.39374327659607
2026-09-09T17:39:45.337595+00:00,SUMMONING_EYE,1250006.1,1319248.4,49,1,60.39374327659607
2026-09-09T17:40:45.700590+00:00,BOOSTER_COOKIE,12098360.9,12739999.5,1,1,60.3965368270874
2026-09-09T17:40:45.700590+00:00,ENCHANTED_DIAMOND,1438.9,1775.7,2560,440,60.3965368270874
2026-09-09T17:40:45.700590+00:00,ENCHANTED_DIAMOND_BLOCK,202001.1,209999.7,29,830,60.3965368270874
2026-09-09T17:40:45.700590+00:00,NULL_SPHERE,269.3,354.3,55358,252,60.3965368270874
2026-09-09T17:40:45.700590+00:00,NULL_OVOID,140008.6,158985.0,7,186,60.3965368270874
2026-09-09T17:40:45.700590+00:00,RECOMBOBULATOR_3000,9912456.2,10103927.7,5,14,60.3965368270874
2026-09-09T17:40:45.700590+00:00,SUMMONING_EYE,1250006.2,1319248.1,5,1,60.3965368270874
2026-09-09T17:41:46.109682+00:00,BOOSTER_COOKIE,12098361.5,12739999.9,1,3,60.364157915115356
2026-09-09T17:41:46.109682+00:00,ENCHANTED_DIAMOND,1439.0,1775.9,59422,760,60.364157915115356
2026-09-09T17:41:46.109682+00:00,ENCHANTED_DIAMOND_BLOCK,202001.3,209999.4,718,33,60.364157915115356
2026-09-09T17:41:46.109682+00:00,NULL_SPHERE,269.3,354.3,54844,252,60.364157915115356
2026-09-09T17:41:46.109682+00:00,NULL_OVOID,140008.6,158985.0,7,186,60.364157915115356
2026-09-09T17:41:46.109682+00:00,RECOMBOBULATOR_3000,9912456.2,10103927.7,3,10,60.364157915115356
2026-09-09T17:41:46.109682+00:00,SUMMONING_EYE,1250006.2,1319247.6,6,28,60.364157915115356
2026-09-09T17:42:46.482130+00:00,BOOSTER_COOKIE,12098361.7,12740000.0,1,108,60.40550899505615
2026-09-09T17:42:46.482130+00:00,ENCHANTED_DIAMOND,1439.0,1776.0,58182,658122,60.40550899505615
2026-09-09T17:42:46.482130+00:00,ENCHANTED_DIAMOND_BLOCK,202001.3,209999.1,712,830,60.40550899505615
2026-09-09T17:42:46.482130+00:00,NULL_SPHERE,269.3,354.3,54818,252,60.40550899505615
2026-09-09T17:42:46.482130+00:00,NULL_OVOID,140008.6,158985.0,7,186,60.40550899505615
2026-09-09T17:42:46.482130+00:00,RECOMBOBULATOR_3000,9912456.5,10084780.5,1,1,60.40550899505615
2026-09-09T17:42:46.482130+00:00,SUMMONING_EYE,1250006.2,1319247.5,6,3,60.40550899505615
2026-09-09T17:43:46.948714+00:00,BOOSTER_COOKIE,12098362.1,12739999.9,32,36,60.43586277961731
2026-09-09T17:43:46.948714+00:00,ENCHANTED_DIAMOND,1439.0,1776.0,50781,650698,60.43586277961731
2026-09-09T17:43:46.948714+00:00,ENCHANTED_DIAMOND_BLOCK,202001.3,209999.1,591,815,60.43586277961731
2026-09-09T17:43:46.948714+00:00,NULL_SPHERE,269.4,354.3,4096,252,60.43586277961731
2026-09-09T17:43:46.948714+00:00,NULL_OVOID,140008.6,158985.0,7,186,60.43586277961731
2026-09-09T17:43:46.948714+00:00,RECOMBOBULATOR_3000,9912456.3,10084780.0,1,1,60.43586277961731
2026-09-09T17:43:46.948714+00:00,SUMMONING_EYE,1250006.3,1319247.3,3,3,60.43586277961731
2026-09-09T17:44:47.321616+00:00,BOOSTER_COOKIE,12098362.8,12739999.8,32,21,60.41499662399292
2026-09-09T17:44:47.321616+00:00,ENCHANTED_DIAMOND,1439.1,1776.0,12743,644632,60.41499662399292
2026-09-09T17:44:47.321616+00:00,ENCHANTED_DIAMOND_BLOCK,202001.5,209998.9,9,815,60.41499662399292
2026-09-09T17:44:47.321616+00:00,NULL_SPHERE,269.5,354.2,54670,322,60.41499662399292
2026-09-09T17:44:47.321616+00:00,NULL_OVOID,140008.7,158985.0,32,186,60.41499662399292
2026-09-09T17:44:47.321616+00:00,RECOMBOBULATOR_3000,9912456.2,10084779.5,2,17,60.41499662399292
2026-09-09T17:44:47.321616+00:00,SUMMONING_EYE,1250006.2,1319247.6,1,21,60.41499662399292
2026-09-09T17:45:47.760267+00:00,BOOSTER_COOKIE,12098363.2,12739999.8,4,20,60.397791624069214
2026-09-09T17:45:47.760267+00:00,ENCHANTED_DIAMOND,1439.2,1776.0,7559,643224,60.397791624069214
2026-09-09T17:45:47.760267+00:00,ENCHANTED_DIAMOND_BLOCK,202001.6,209998.7,8,33,60.397791624069214
2026-09-09T17:45:47.760267+00:00,NULL_SPHERE,269.5,354.2,54427,322,60.397791624069214
2026-09-09T17:45:47.760267+00:00,NULL_OVOID,140008.8,158985.0,7,142,60.397791624069214
2026-09-09T17:45:47.760267+00:00,RECOMBOBULATOR_3000,9912455.2,10084778.9,2,4,60.397791624069214
2026-09-09T17:45:47.760267+00:00,SUMMONING_EYE,1250006.1,1319247.2,39,7,60.397791624069214
2026-09-09T17:46:48.393647+00:00,BOOSTER_COOKIE,12098363.4,12739999.7,5,3,60.64922642707825
2026-09-09T17:46:48.393647+00:00,ENCHANTED_DIAMOND,1439.3,1776.0,742,636468,60.64922642707825
2026-09-09T17:46:48.393647+00:00,ENCHANTED_DIAMOND_BLOCK,202001.6,209998.3,32,47,60.64922642707825
2026-09-09T17:46:48.393647+00:00,NULL_SPHERE,269.5,354.1,52744,491,60.64922642707825
2026-09-09T17:46:48.393647+00:00,NULL_OVOID,140008.8,158985.0,7,142,60.64922642707825
2026-09-09T17:46:48.393647+00:00,RECOMBOBULATOR_3000,9912455.2,10084779.0,8,6,60.64922642707825
2026-09-09T17:46:48.393647+00:00,SUMMONING_EYE,1250006.3,1319246.9,7,8,60.64922642707825
2026-09-09T17:47:48.794488+00:00,BOOSTER_COOKIE,12098363.8,12740000.0,6,77,60.422513008117676
2026-09-09T17:47:48.794488+00:00,ENCHANTED_DIAMOND,1439.3,1775.8,2719,160,60.422513008117676
2026-09-09T17:47:48.794488+00:00,ENCHANTED_DIAMOND_BLOCK,202001.3,209998.1,484,66,60.422513008117676
2026-09-09T17:47:48.794488+00:00,NULL_SPHERE,269.5,354.1,51866,491,60.422513008117676
2026-09-09T17:47:48.794488+00:00,NULL_OVOID,140008.8,158985.0,7,142,60.422513008117676
2026-09-09T17:47:48.794488+00:00,RECOMBOBULATOR_3000,9912455.2,10084778.7,7,1,60.422513008117676
2026-09-09T17:47:48.794488+00:00,SUMMONING_EYE,1250006.1,1319246.7,33,7,60.422513008117676
2026-09-09T17:48:49.268098+00:00,BOOSTER_COOKIE,12098364.3,12739999.9,8,10,60.47138047218323
2026-09-09T17:48:49.268098+00:00,ENCHANTED_DIAMOND,1439.2,1775.5,6325,160,60.47138047218323
2026-09-09T17:48:49.268098+00:00,ENCHANTED_DIAMOND_BLOCK,202001.3,209997.8,446,33,60.47138047218323
2026-09-09T17:48:49.268098+00:00,NULL_SPHERE,269.5,354.0,50019,226,60.47138047218323
2026-09-09T17:48:49.268098+00:00,NULL_OVOID,140008.9,158985.0,221,133,60.47138047218323
2026-09-09T17:48:49.268098+00:00,RECOMBOBULATOR_3000,9912455.2,10084778.7,3,1,60.47138047218323
2026-09-09T17:48:49.268098+00:00,SUMMONING_EYE,1250006.1,1319246.4,28,7,60.47138047218323
2026-09-09T17:49:49.678557+00:00,BOOSTER_COOKIE,12130446.4,12739999.9,12,7,60.42859888076782
2026-09-09T17:49:49.678557+00:00,ENCHANTED_DIAMOND,1439.2,1775.5,2922,96,60.42859888076782
2026-09-09T17:49:49.678557+00:00,ENCHANTED_DIAMOND_BLOCK,202001.4,209997.1,14,47,60.42859888076782
2026-09-09T17:49:49.678557+00:00,NULL_SPHERE,269.5,354.0,47722,226,60.42859888076782
2026-09-09T17:49:49.678557+00:00,NULL_OVOID,140008.9,158985.0,221,133,60.42859888076782
2026-09-09T17:49:49.678557+00:00,RECOMBOBULATOR_3000,9912455.2,10084778.4,1,7,60.42859888076782
2026-09-09T17:49:49.678557+00:00,SUMMONING_EYE,1250006.1,1319246.3,18,21,60.42859888076782
2026-09-09T17:50:50.073731+00:00,BOOSTER_COOKIE,12130446.9,12740000.0,1,46,60.398266315460205
2026-09-09T17:50:50.073731+00:00,ENCHANTED_DIAMOND,1439.1,1775.5,10000,80,60.398266315460205
2026-09-09T17:50:50.073731+00:00,ENCHANTED_DIAMOND_BLOCK,202002.1,209996.8,10,42,60.398266315460205
2026-09-09T17:50:50.073731+00:00,NULL_SPHERE,269.6,353.9,2240,736,60.398266315460205
2026-09-09T17:50:50.073731+00:00,NULL_OVOID,140008.9,158984.9,221,1600,60.398266315460205
2026-09-09T17:50:50.073731+00:00,RECOMBOBULATOR_3000,9912454.3,10084778.3,54,1,60.398266315460205
2026-09-09T17:50:50.073731+00:00,SUMMONING_EYE,1250006.0,1312322.1,15,13,60.398266315460205
2026-09-09T17:51:50.502471+00:00,BOOSTER_COOKIE,12189878.6,12739999.8,1,37,60.42105197906494
2026-09-09T17:51:50.502471+00:00,ENCHANTED_DIAMOND,1439.1,1775.9,8771,8,60.42105197906494
2026-09-09T17:51:50.502471+00:00,ENCHANTED_DIAMOND_BLOCK,202003.0,209197.1,861,30,60.42105197906494
2026-09-09T17:51:50.502471+00:00,NULL_SPHERE,269.7,353.9,46069,736,60.42105197906494
2026-09-09T17:51:50.502471+00:00,NULL_OVOID,140008.9,158984.9,221,1589,60.42105197906494
2026-09-09T17:51:50.502471+00:00,RECOMBOBULATOR_3000,9912454.3,10084778.4,50,2,60.42105197906494
2026-09-09T17:51:50.502471+00:00,SUMMONING_EYE,1250003.0,1312321.8,220,5,60.42105197906494
2026-09-09T17:52:50.905976+00:00,BOOSTER_COOKIE,12189878.8,12739999.7,11,15,60.382086753845215
2026-09-09T17:52:50.905976+00:00,ENCHANTED_DIAMOND,1439.3,1775.9,160,124,60.382086753845215
2026-09-09T17:52:50.905976+00:00,ENCHANTED_DIAMOND_BLOCK,202003.2,209195.9,10,47,60.382086753845215
2026-09-09T17:52:50.905976+00:00,NULL_SPHERE,269.7,353.9,45555,757,60.382086753845215
2026-09-09T17:52:50.905976+00:00,NULL_OVOID,140009.0,158984.9,32,1589,60.382086753845215
2026-09-09T17:52:50.905976+00:00,RECOMBOBULATOR_3000,9912454.3,10084778.2,46,4,60.382086753845215
2026-09-09T17:52:50.905976+00:00,SUMMONING_EYE,1250003.0,1312321.7,220,1,60.382086753845215
2026-09-09T17:53:51.283052+00:00,BOOSTER_COOKIE,12217385.1,12739999.5,5,11,60.35769319534302
2026-09-09T17:53:51.283052+00:00,ENCHANTED_DIAMOND,1439.1,1776.0,4314,613218,60.35769319534302
2026-09-09T17:53:51.283052+00:00,ENCHANTED_DIAMOND_BLOCK,202003.0,209195.6,721,47,60.35769319534302
2026-09-09T17:53:51.283052+00:00,NULL_SPHERE,269.9,353.9,45555,757,60.35769319534302
2026-09-09T17:53:51.283052+00:00,NULL_OVOID,140009.0,158984.8,32,900,60.35769319534302
2026-09-09T17:53:51.283052+00:00,RECOMBOBULATOR_3000,9912454.3,10084778.2,41,1,60.35769319534302
2026-09-09T17:53:51.283052+00:00,SUMMONING_EYE,1250003.0,1312321.4,205,6,60.35769319534302
2026-09-09T17:54:51.657919+00:00,BOOSTER_COOKIE,12250000.4,12739999.6,1,4,60.383469343185425
2026-09-09T17:54:51.657919+00:00,ENCHANTED_DIAMOND,1439.4,1775.9,644,320,60.383469343185425
2026-09-09T17:54:51.657919+00:00,ENCHANTED_DIAMOND_BLOCK,202003.0,209195.5,644,38,60.383469343185425
2026-09-09T17:54:51.657919+00:00,NULL_SPHERE,270.1,353.9,44352,757,60.383469343185425
2026-09-09T17:54:51.657919+00:00,NULL_OVOID,140009.0,158984.8,32,879,60.383469343185425
2026-09-09T17:54:51.657919+00:00,RECOMBOBULATOR_3000,9912454.7,10084778.8,1,5,60.383469343185425
2026-09-09T17:54:51.657919+00:00,SUMMONING_EYE,1250003.0,1312321.1,201,4,60.383469343185425
2026-09-09T17:55:52.052597+00:00,BOOSTER_COOKIE,12250000.8,12739999.7,5,9,60.42746114730835
2026-09-09T17:55:52.052597+00:00,ENCHANTED_DIAMOND,1439.1,1776.0,1900,602159,60.42746114730835
2026-09-09T17:55:52.052597+00:00,ENCHANTED_DIAMOND_BLOCK,202001.4,209195.3,37,69,60.42746114730835
2026-09-09T17:55:52.052597+00:00,NULL_SPHERE,270.1,353.9,43509,757,60.42746114730835
2026-09-09T17:55:52.052597+00:00,NULL_OVOID,140009.1,158984.8,7,872,60.42746114730835
2026-09-09T17:55:52.052597+00:00,RECOMBOBULATOR_3000,9912454.6,10067546.4,5,2,60.42746114730835
2026-09-09T17:55:52.052597+00:00,SUMMONING_EYE,1250003.0,1306089.3,197,3,60.42746114730835
2026-09-09T17:56:52.474673+00:00,BOOSTER_COOKIE,12250001.1,12699999.9,5,1,60.40336775779724
2026-09-09T17:56:52.474673+00:00,ENCHANTED_DIAMOND,1439.0,1776.0,42545,596474,60.40336775779724
2026-09-09T17:56:52.474673+00:00,ENCHANTED_DIAMOND_BLOCK,202002.0,209195.3,741,1069,60.40336775779724
2026-09-09T17:56:52.474673+00:00,NULL_SPHERE,270.1,353.9,42392,757,60.40336775779724
2026-09-09T17:56:52.474673+00:00,NULL_OVOID,140009.1,158984.8,7,872,60.40336775779724
2026-09-09T17:56:52.474673+00:00,RECOMBOBULATOR_3000,9912454.6,10084778.8,4,2,60.40336775779724
2026-09-09T17:56:52.474673+00:00,SUMMONING_EYE,1250003.0,1306089.2,195,7,60.40336775779724
2026-09-09T17:57:52.863985+00:00,BOOSTER_COOKIE,12272501.2,12700000.0,5,19,60.38729238510132
2026-09-09T17:57:52.863985+00:00,ENCHANTED_DIAMOND,1439.1,1776.0,8836,591514,60.38729238510132
2026-09-09T17:57:52.863985+00:00,ENCHANTED_DIAMOND_BLOCK,202002.0,209195.1,666,589,60.38729238510132
2026-09-09T17:57:52.863985+00:00,NULL_SPHERE,270.1,353.9,41684,757,60.38729238510132
2026-09-09T17:57:52.863985+00:00,NULL_OVOID,140009.1,158984.8,7,712,60.38729238510132
2026-09-09T17:57:52.863985+00:00,RECOMBOBULATOR_3000,9912454.6,10103927.8,2,4,60.38729238510132
2026-09-09T17:57:52.863985+00:00,SUMMONING_EYE,1250003.0,1306089.1,194,21,60.38729238510132
2026-09-09T17:58:53.271335+00:00,BOOSTER_COOKIE,12272501.3,12699999.9,10,1,60.422117710113525
2026-09-09T17:58:53.271335+00:00,ENCHANTED_DIAMOND,1439.3,1741.9,409,9,60.422117710113525
2026-09-09T17:58:53.271335+00:00,ENCHANTED_DIAMOND_BLOCK,202001.5,209194.8,140,4,60.422117710113525
2026-09-09T17:58:53.271335+00:00,NULL_SPHERE,270.1,353.9,40940,757,60.422117710113525
2026-09-09T17:58:53.271335+00:00,NULL_OVOID,140009.2,158984.7,32,19,60.422117710113525
2026-09-09T17:58:53.271335+00:00,RECOMBOBULATOR_3000,9912454.5,10103927.6,3,1,60.422117710113525
2026-09-09T17:58:53.271335+00:00,SUMMONING_EYE,1250003.0,1306089.0,193,3,60.422117710113525
2026-09-09T17:59:53.688313+00:00,BOOSTER_COOKIE,12272501.6,12700000.0,1,140,60.39800429344177
2026-09-09T17:59:53.688313+00:00,ENCHANTED_DIAMOND,1439.4,1776.0,606,588051,60.39800429344177
2026-09-09T17:59:53.688313+00:00,ENCHANTED_DIAMOND_BLOCK,202000.9,209194.5,391,89,60.39800429344177
2026-09-09T17:59:53.688313+00:00,NULL_SPHERE,270.2,353.9,64777,757,60.39800429344177
2026-09-09T17:59:53.688313+00:00,NULL_OVOID,140009.1,158984.7,7,19,60.39800429344177
2026-09-09T17:59:53.688313+00:00,RECOMBOBULATOR_3000,9912454.6,10103927.3,1,2,60.39800429344177
2026-09-09T17:59:53.688313+00:00,SUMMONING_EYE,1250003.1,1306088.9,7,1,60.39800429344177
2026-09-09T18:00:54.069813+00:00,BOOSTER_COOKIE,12293876.7,12700000.0,5,166,60.35577368736267
2026-09-09T18:00:54.069813+00:00,ENCHANTED_DIAMOND,1439.7,1775.9,4,1152,60.35577368736267
2026-09-09T18:00:54.069813+00:00,ENCHANTED_DIAMOND_BLOCK,202001.0,209194.4,880,47,60.35577368736267
2026-09-09T18:00:54.069813+00:00,NULL_SPHERE,270.3,354.0,40010,226,60.35577368736267
2026-09-09T18:00:54.069813+00:00,NULL_OVOID,140009.1,158984.7,7,19,60.35577368736267
2026-09-09T18:00:54.069813+00:00,RECOMBOBULATOR_3000,9912454.5,10103927.4,1,1,60.35577368736267
2026-09-09T18:00:54.069813+00:00,SUMMONING_EYE,1250003.1,1306089.1,5,1,60.35577368736267
2026-09-09T18:01:54.442582+00:00,BOOSTER_COOKIE,12293877.0,12700000.0,7,158,60.376498222351074
2026-09-09T18:01:54.442582+00:00,ENCHANTED_DIAMOND,1439.7,1775.7,2084,576,60.376498222351074
2026-09-09T18:01:54.442582+00:00,ENCHANTED_DIAMOND_BLOCK,202001.0,209194.2,340,20,60.376498222351074
2026-09-09T18:01:54.442582+00:00,NULL_SPHERE,270.3,353.9,39981,757,60.376498222351074
2026-09-09T18:01:54.442582+00:00,NULL_OVOID,140009.2,158984.5,90,201,60.376498222351074
2026-09-09T18:01:54.442582+00:00,RECOMBOBULATOR_3000,9912454.5,10103927.6,1,2,60.376498222351074
2026-09-09T18:01:54.442582+00:00,SUMMONING_EYE,1250003.2,1306088.7,7,7,60.376498222351074
2026-09-09T18:02:54.820905+00:00,BOOSTER_COOKIE,12293877.4,12699999.9,1,1,60.42636156082153
2026-09-09T18:02:54.820905+00:00,ENCHANTED_DIAMOND,1440.0,1775.9,346,373,60.42636156082153
2026-09-09T18:02:54.820905+00:00,ENCHANTED_DIAMOND_BLOCK,202001.1,209190.0,34,704,60.42636156082153
2026-09-09T18:02:54.820905+00:00,NULL_SPHERE,270.4,354.2,61018,757,60.42636156082153
2026-09-09T18:02:54.820905+00:00,NULL_OVOID,140009.2,158984.5,87,186,60.42636156082153
2026-09-09T18:02:54.820905+00:00,RECOMBOBULATOR_3000,9912454.5,10103928.4,1,1,60.42636156082153
2026-09-09T18:02:54.820905+00:00,SUMMONING_EYE,1250003.2,1306088.6,7,14,60.42636156082153
2026-09-09T18:03:55.246099+00:00,BOOSTER_COOKIE,12314183.8,12700000.0,10,141,60.42148303985596
2026-09-09T18:03:55.246099+00:00,ENCHANTED_DIAMOND,1439.1,1776.0,2469,580194,60.42148303985596
2026-09-09T18:03:55.246099+00:00,ENCHANTED_DIAMOND_BLOCK,202000.9,209189.7,136,29,60.42148303985596
2026-09-09T18:03:55.246099+00:00,NULL_SPHERE,270.7,354.2,39941,757,60.42148303985596
2026-09-09T18:03:55.246099+00:00,NULL_OVOID,140009.3,158984.5,221,198,60.42148303985596
2026-09-09T18:03:55.246099+00:00,RECOMBOBULATOR_3000,9912454.4,10103928.4,2,1,60.42148303985596
2026-09-09T18:03:55.246099+00:00,SUMMONING_EYE,1250003.2,1306088.3,1,10,60.42148303985596
2026-09-09T18:04:55.692478+00:00,BOOSTER_COOKIE,12314184.1,12699999.9,71,2,60.38399314880371
2026-09-09T18:04:55.692478+00:00,ENCHANTED_DIAMOND,1439.3,1776.0,902,575612,60.38399314880371
2026-09-09T18:04:55.692478+00:00,ENCHANTED_DIAMOND_BLOCK,202000.4,208999.8,140,33,60.38399314880371
2026-09-09T18:04:55.692478+00:00,NULL_SPHERE,270.7,354.0,37470,731,60.38399314880371
2026-09-09T18:04:55.692478+00:00,NULL_OVOID,140009.3,158984.4,221,11,60.38399314880371
2026-09-09T18:04:55.692478+00:00,RECOMBOBULATOR_3000,9912454.3,10103928.4,40,1,60.38399314880371
2026-09-09T18:04:55.692478+00:00,SUMMONING_EYE,1250003.4,1306088.3,255,9,60.38399314880371
2026-09-09T18:05:56.045822+00:00,BOOSTER_COOKIE,12314184.3,12700000.0,5,132,60.41930651664734
2026-09-09T18:05:56.045822+00:00,ENCHANTED_DIAMOND,1439.4,1774.7,2230,1664,60.41930651664734
2026-09-09T18:05:56.045822+00:00,ENCHANTED_DIAMOND_BLOCK,202000.5,208999.7,864,22,60.41930651664734
2026-09-09T18:05:56.045822+00:00,NULL_SPHERE,270.7,354.0,36833,731,60.41930651664734
2026-09-09T18:05:56.045822+00:00,NULL_OVOID,140009.3,158984.4,221,11,60.41930651664734
2026-09-09T18:05:56.045822+00:00,RECOMBOBULATOR_3000,9912454.3,10103928.6,33,6,60.41930651664734
2026-09-09T18:05:56.045822+00:00,SUMMONING_EYE,1250003.4,1306088.1,247,10,60.41930651664734
2026-09-09T18:06:56.791681+00:00,BOOSTER_COOKIE,12314184.6,12699999.9,8,22,60.717926025390625
2026-09-09T18:06:56.791681+00:00,ENCHANTED_DIAMOND,1439.4,1774.6,1841,152,60.717926025390625
2026-09-09T18:06:56.791681+00:00,ENCHANTED_DIAMOND_BLOCK,202000.6,208999.3,179,5,60.717926025390625
2026-09-09T18:06:56.791681+00:00,NULL_SPHERE,270.7,354.0,36817,667,60.717926025390625
2026-09-09T18:06:56.791681+00:00,NULL_OVOID,140009.4,158984.3,7,19,60.717926025390625
2026-09-09T18:06:56.791681+00:00,RECOMBOBULATOR_3000,9912454.3,10103928.1,22,1,60.717926025390625
2026-09-09T18:06:56.791681+00:00,SUMMONING_EYE,1250003.4,1306088.1,234,11,60.717926025390625
2026-09-09T18:07:57.219671+00:00,BOOSTER_COOKIE,12314184.8,12699999.7,13,6,60.45640540122986
2026-09-09T18:07:57.219671+00:00,ENCHANTED_DIAMOND,1439.8,1776.0,1988,573865,60.45640540122986
2026-09-09T18:07:57.219671+00:00,ENCHANTED_DIAMOND_BLOCK,202000.6,208999.3,4,29,60.45640540122986
2026-09-09T18:07:57.219671+00:00,NULL_SPHERE,270.8,354.0,2240,571,60.45640540122986
2026-09-09T18:07:57.219671+00:00,NULL_OVOID,140009.4,158984.3,7,19,60.45640540122986
2026-09-09T18:07:57.219671+00:00,RECOMBOBULATOR_3000,9912454.3,10103927.7,19,2,60.45640540122986
2026-09-09T18:07:57.219671+00:00,SUMMONING_EYE,1250003.4,1306087.7,216,9,60.45640540122986
2026-09-09T18:08:57.637621+00:00,BOOSTER_COOKIE,12314185.0,12699999.8,2,99,60.41179084777832
2026-09-09T18:08:57.637621+00:00,ENCHANTED_DIAMOND,1440.2,1775.9,2170,2240,60.41179084777832
2026-09-09T18:08:57.637621+00:00,ENCHANTED_DIAMOND_BLOCK,202000.5,208998.7,659,29,60.41179084777832
2026-09-09T18:08:57.637621+00:00,NULL_SPHERE,270.8,354.0,1870,571,60.41179084777832
2026-09-09T18:08:57.637621+00:00,NULL_OVOID,140009.4,158984.3,7,19,60.41179084777832
2026-09-09T18:08:57.637621+00:00,RECOMBOBULATOR_3000,9912454.3,10103927.6,15,1,60.41179084777832
2026-09-09T18:08:57.637621+00:00,SUMMONING_EYE,1250003.4,1306087.6,210,5,60.41179084777832
2026-09-09T18:09:58.130531+00:00,BOOSTER_COOKIE,12314185.5,12699999.7,1,8,60.494296073913574
2026-09-09T18:09:58.130531+00:00,ENCHANTED_DIAMOND,1440.5,1776.0,119,566113,60.494296073913574
2026-09-09T18:09:58.130531+00:00,ENCHANTED_DIAMOND_BLOCK,202000.5,208998.5,65,22,60.494296073913574
2026-09-09T18:09:58.130531+00:00,NULL_SPHERE,270.6,354.0,7243,571,60.494296073913574
2026-09-09T18:09:58.130531+00:00,NULL_OVOID,140009.5,158984.5,221,36,60.494296073913574
2026-09-09T18:09:58.130531+00:00,RECOMBOBULATOR_3000,9912454.3,10103928.3,14,2,60.494296073913574
2026-09-09T18:09:58.130531+00:00,SUMMONING_EYE,1250003.0,1306087.2,192,7,60.494296073913574
2026-09-09T18:10:58.552340+00:00,BOOSTER_COOKIE,12314186.0,12699999.5,8,3,60.413570165634155
2026-09-09T18:10:58.552340+00:00,ENCHANTED_DIAMOND,1440.8,1775.8,8682,726,60.413570165634155
2026-09-09T18:10:58.552340+00:00,ENCHANTED_DIAMOND_BLOCK,202000.6,208998.3,27,29,60.413570165634155
2026-09-09T18:10:58.552340+00:00,NULL_SPHERE,270.9,354.0,39521,539,60.413570165634155
2026-09-09T18:10:58.552340+00:00,NULL_OVOID,140009.5,158984.5,221,44,60.413570165634155
2026-09-09T18:10:58.552340+00:00,RECOMBOBULATOR_3000,9912454.4,10103928.2,51,7,60.413570165634155
2026-09-09T18:10:58.552340+00:00,SUMMONING_EYE,1250003.0,1306087.1,183,3,60.413570165634155
2026-09-09T18:11:58.976295+00:00,BOOSTER_COOKIE,12314186.3,12699999.8,1,90,60.41717839241028
2026-09-09T18:11:58.976295+00:00,ENCHANTED_DIAMOND,1441.0,1775.7,11572,185,60.41717839241028
2026-09-09T18:11:58.976295+00:00,ENCHANTED_DIAMOND_BLOCK,202000.5,208998.0,80,20,60.41717839241028
2026-09-09T18:11:58.976295+00:00,NULL_SPHERE,270.9,354.0,37948,940,60.41717839241028
2026-09-09T18:11:58.976295+00:00,NULL_OVOID,140009.5,158984.5,221,44,60.41717839241028
2026-09-09T18:11:58.976295+00:00,RECOMBOBULATOR_3000,9912454.6,10103928.7,5,8,60.41717839241028
2026-09-09T18:11:58.976295+00:00,SUMMONING_EYE,1250003.0,1306086.8,183,5,60.41717839241028
2026-09-09T18:12:59.374771+00:00,BOOSTER_COOKIE,12314186.8,12699999.8,7,75,60.40025758743286
2026-09-09T18:12:59.374771+00:00,ENCHANTED_DIAMOND,1441.0,1775.6,4948,1409,60.40025758743286
2026-09-09T18:12:59.374771+00:00,ENCHANTED_DIAMOND_BLOCK,202000.0,208997.6,1512,42,60.40025758743286
2026-09-09T18:12:59.374771+00:00,NULL_SPHERE,270.9,354.0,34401,940,60.40025758743286
2026-09-09T18:12:59.374771+00:00,NULL_OVOID,140009.5,158984.5,221,44,60.40025758743286
2026-09-09T18:12:59.374771+00:00,RECOMBOBULATOR_3000,9912454.8,10103930.1,1,13,60.40025758743286
2026-09-09T18:12:59.374771+00:00,SUMMONING_EYE,1250003.0,1306086.5,183,7,60.40025758743286
2026-09-09T18:13:59.990319+00:00,BOOSTER_COOKIE,12314186.9,12699999.8,1,65,60.619083404541016
2026-09-09T18:13:59.990319+00:00,ENCHANTED_DIAMOND,1441.4,1775.6,4884,193,60.619083404541016
2026-09-09T18:13:59.990319+00:00,ENCHANTED_DIAMOND_BLOCK,202000.0,208997.5,854,29,60.619083404541016
2026-09-09T18:13:59.990319+00:00,NULL_SPHERE,270.9,353.9,34069,987,60.619083404541016
2026-09-09T18:13:59.990319+00:00,NULL_OVOID,140009.5,158984.5,221,44,60.619083404541016
2026-09-09T18:13:59.990319+00:00,RECOMBOBULATOR_3000,9912455.1,10103930.0,1,1,60.619083404541016
2026-09-09T18:13:59.990319+00:00,SUMMONING_EYE,1250003.0,1306086.1,174,5,60.619083404541016
2026-09-09T18:15:00.383280+00:00,BOOSTER_COOKIE,12314186.7,12699999.8,4,55,60.380616903305054
2026-09-09T18:15:00.383280+00:00,ENCHANTED_DIAMOND,1441.6,1776.0,1343,562659,60.380616903305054
2026-09-09T18:15:00.383280+00:00,ENCHANTED_DIAMOND_BLOCK,202000.0,208997.1,821,12,60.380616903305054
2026-09-09T18:15:00.383280+00:00,NULL_SPHERE,270.9,353.9,33950,987,60.380616903305054
2026-09-09T18:15:00.383280+00:00,NULL_OVOID,140009.5,158984.5,221,44,60.380616903305054
2026-09-09T18:15:00.383280+00:00,RECOMBOBULATOR_3000,9912455.0,10103929.9,9,1,60.380616903305054
2026-09-09T18:15:00.383280+00:00,SUMMONING_EYE,1250003.0,1306085.9,173,3,60.380616903305054
2026-09-09T18:16:00.776301+00:00,BOOSTER_COOKIE,12314187.1,12699999.8,3,45,60.418128967285156
2026-09-09T18:16:00.776301+00:00,ENCHANTED_DIAMOND,1442.2,1775.9,2240,239,60.418128967285156
2026-09-09T18:16:00.776301+00:00,ENCHANTED_DIAMOND_BLOCK,202000.0,209189.8,584,47,60.418128967285156
2026-09-09T18:16:00.776301+00:00,NULL_SPHERE,270.9,353.9,33938,987,60.418128967285156
2026-09-09T18:16:00.776301+00:00,NULL_OVOID,140009.5,158984.5,221,44,60.418128967285156
2026-09-09T18:16:00.776301+00:00,RECOMBOBULATOR_3000,9912455.0,10103933.6,8,65,60.418128967285156
2026-09-09T18:16:00.776301+00:00,SUMMONING_EYE,1250003.0,1306085.8,173,1,60.418128967285156
2026-09-09T18:17:01.188023+00:00,BOOSTER_COOKIE,12314187.3,12699999.8,1,38,60.35905075073242
2026-09-09T18:17:01.188023+00:00,ENCHANTED_DIAMOND,1442.3,1775.8,12298,1252,60.35905075073242
2026-09-09T18:17:01.188023+00:00,ENCHANTED_DIAMOND_BLOCK,202000.2,209189.7,41,1,60.35905075073242
2026-09-09T18:17:01.188023+00:00,NULL_SPHERE,270.9,354.0,33040,401,60.35905075073242
2026-09-09T18:17:01.188023+00:00,NULL_OVOID,140009.6,158984.4,7,61,60.35905075073242
2026-09-09T18:17:01.188023+00:00,RECOMBOBULATOR_3000,9912455.3,10103933.6,50,60,60.35905075073242
2026-09-09T18:17:01.188023+00:00,SUMMONING_EYE,1250003.1,1306085.8,2,7,60.35905075073242
2026-09-09T18:18:01.553000+00:00,BOOSTER_COOKIE,12314187.4,12699999.7,2,3,60.41675615310669
2026-09-09T18:18:01.553000+00:00,ENCHANTED_DIAMOND,1442.4,1775.9,1696,908,60.41675615310669
2026-09-09T18:18:01.553000+00:00,ENCHANTED_DIAMOND_BLOCK,202000.5,209189.6,47,190,60.41675615310669
2026-09-09T18:18:01.553000+00:00,NULL_SPHERE,271.1,354.0,32904,401,60.41675615310669
2026-09-09T18:18:01.553000+00:00,NULL_OVOID,140009.7,158984.4,193,61,60.41675615310669
2026-09-09T18:18:01.553000+00:00,RECOMBOBULATOR_3000,9912455.5,10103933.3,54,1,60.41675615310669
2026-09-09T18:18:01.553000+00:00,SUMMONING_EYE,1250003.0,1306085.6,165,7,60.41675615310669
2026-09-09T18:19:01.972465+00:00,BOOSTER_COOKIE,12314187.6,12699999.8,3,35,60.3964524269104
2026-09-09T18:19:01.972465+00:00,ENCHANTED_DIAMOND,1442.5,1775.8,128,2239,60.3964524269104
2026-09-09T18:19:01.972465+00:00,ENCHANTED_DIAMOND_BLOCK,202000.6,209189.4,47,125,60.3964524269104
2026-09-09T18:19:01.972465+00:00,NULL_SPHERE,271.2,354.0,29995,401,60.3964524269104
2026-09-09T18:19:01.972465+00:00,NULL_OVOID,140009.7,158984.4,193,61,60.3964524269104
2026-09-09T18:19:01.972465+00:00,RECOMBOBULATOR_3000,9912455.8,10103933.6,7,29,60.3964524269104
2026-09-09T18:19:01.972465+00:00,SUMMONING_EYE,1250003.0,1306085.4,158,2,60.3964524269104
2026-09-09T18:20:02.383118+00:00,BOOSTER_COOKIE,12314184.7,12699999.7,7,2,60.42370319366455
2026-09-09T18:20:02.383118+00:00,ENCHANTED_DIAMOND,1442.6,1742.3,555,228,60.42370319366455
2026-09-09T18:20:02.383118+00:00,ENCHANTED_DIAMOND_BLOCK,202000.8,208470.3,399,34,60.42370319366455
2026-09-09T18:20:02.383118+00:00,NULL_SPHERE,271.4,355.0,32252,677,60.42370319366455
2026-09-09T18:20:02.383118+00:00,NULL_OVOID,140009.7,158984.6,193,22,60.42370319366455
2026-09-09T18:20:02.383118+00:00,RECOMBOBULATOR_3000,9912456.2,10103933.6,1,24,60.42370319366455
2026-09-09T18:20:02.383118+00:00,SUMMONING_EYE,1250003.1,1306084.9,6,30,60.42370319366455
2026-09-09T18:21:02.776062+00:00,BOOSTER_COOKIE,12314184.8,12699999.7,6,86,60.39049696922302
2026-09-09T18:21:02.776062+00:00,ENCHANTED_DIAMOND,1442.9,1742.0,123,1024,60.39049696922302
2026-09-09T18:21:02.776062+00:00,ENCHANTED_DIAMOND_BLOCK,202000.4,208470.2,508,9,60.39049696922302
2026-09-09T18:21:02.776062+00:00,NULL_SPHERE,271.4,355.0,31352,677,60.39049696922302
2026-09-09T18:21:02.776062+00:00,NULL_OVOID,140009.7,158984.8,58,454,60.39049696922302
2026-09-09T18:21:02.776062+00:00,RECOMBOBULATOR_3000,9912456.3,10103933.6,6,17,60.39049696922302
2026-09-09T18:21:02.776062+00:00,SUMMONING_EYE,1250003.1,1306084.6,3,30,60.39049696922302
2026-09-09T18:22:03.177252+00:00,BOOSTER_COOKIE,12314184.1,12699999.7,36,82,60.26320219039917
2026-09-09T18:22:03.177252+00:00,ENCHANTED_DIAMOND,1443.0,1741.5,924,1216,60.26320219039917
2026-09-09T18:22:03.177252+00:00,ENCHANTED_DIAMOND_BLOCK,202000.4,208469.9,483,6,60.26320219039917
2026-09-09T18:22:03.177252+00:00,NULL_SPHERE,271.4,355.0,26788,677,60.26320219039917
2026-09-09T18:22:03.177252+00:00,NULL_OVOID,140009.7,158984.8,58,453,60.26320219039917
2026-09-09T18:22:03.177252+00:00,RECOMBOBULATOR_3000,9912456.8,10103933.4,47,1,60.26320219039917
2026-09-09T18:22:03.177252+00:00,SUMMONING_EYE,1250003.0,1306084.3,149,7,60.26320219039917
2026-09-09T18:23:03.444867+00:00,BOOSTER_COOKIE,12314184.4,12699999.7,7,77,60.365341663360596
2026-09-09T18:23:03.444867+00:00,ENCHANTED_DIAMOND,1443.2,1740.9,6418,645,60.365341663360596
2026-09-09T18:23:03.444867+00:00,ENCHANTED_DIAMOND_BLOCK,202000.5,208469.8,47,126,60.365341663360596
2026-09-09T18:23:03.444867+00:00,NULL_SPHERE,271.4,355.0,26785,677,60.365341663360596
2026-09-09T18:23:03.444867+00:00,NULL_OVOID,140009.7,158984.8,58,453,60.365341663360596
2026-09-09T18:23:03.444867+00:00,RECOMBOBULATOR_3000,9912457.1,10103933.4,4,1,60.365341663360596
2026-09-09T18:23:03.444867+00:00,SUMMONING_EYE,1250003.0,1306084.1,140,7,60.365341663360596
2026-09-09T18:24:03.809832+00:00,BOOSTER_COOKIE,12314184.7,12699999.7,7,84,60.41081881523132
2026-09-09T18:24:03.809832+00:00,ENCHANTED_DIAMOND,1443.3,1741.4,1606,239,60.41081881523132
2026-09-09T18:24:03.809832+00:00,ENCHANTED_DIAMOND_BLOCK,202000.6,208469.7,200,474,60.41081881523132
2026-09-09T18:24:03.809832+00:00,NULL_SPHERE,271.4,355.0,26407,587,60.41081881523132
2026-09-09T18:24:03.809832+00:00,NULL_OVOID,140009.7,158984.8,58,453,60.41081881523132
2026-09-09T18:24:03.809832+00:00,RECOMBOBULATOR_3000,9912457.5,10103933.4,4,1,60.41081881523132
2026-09-09T18:24:03.809832+00:00,SUMMONING_EYE,1250003.0,1306083.9,139,19,60.41081881523132
2026-09-09T18:25:04.253006+00:00,BOOSTER_COOKIE,12314185.0,12699999.7,1,74,60.447102785110474
2026-09-09T18:25:04.253006+00:00,ENCHANTED_DIAMOND,1441.7,1775.9,491,1820,60.447102785110474
2026-09-09T18:25:04.253006+00:00,ENCHANTED_DIAMOND_BLOCK,202000.7,207822.5,495,6,60.447102785110474
2026-09-09T18:25:04.253006+00:00,NULL_SPHERE,271.4,355.0,25953,433,60.447102785110474
2026-09-09T18:25:04.253006+00:00,NULL_OVOID,140009.7,158984.8,58,451,60.447102785110474
2026-09-09T18:25:04.253006+00:00,RECOMBOBULATOR_3000,9912457.6,10103933.1,43,3,60.447102785110474
2026-09-09T18:25:04.253006+00:00,SUMMONING_EYE,1250003.0,1306083.5,133,27,60.447102785110474
2026-09-09T18:26:04.842444+00:00,BOOSTER_COOKIE,12314185.5,12699999.7,1,66,60.57501196861267
2026-09-09T18:26:04.842444+00:00,ENCHANTED_DIAMOND,1441.2,1775.5,412,256,60.57501196861267
2026-09-09T18:26:04.842444+00:00,ENCHANTED_DIAMOND_BLOCK,202000.7,207822.3,443,21,60.57501196861267
2026-09-09T18:26:04.842444+00:00,NULL_SPHERE,271.4,355.0,22032,433,60.57501196861267
2026-09-09T18:26:04.842444+00:00,NULL_OVOID,140009.7,158984.8,58,451,60.57501196861267
2026-09-09T18:26:04.842444+00:00,RECOMBOBULATOR_3000,9912457.8,10103932.6,42,1,60.57501196861267
2026-09-09T18:26:04.842444+00:00,SUMMONING_EYE,1250003.0,1306083.1,131,2,60.57501196861267
2026-09-09T18:27:05.254927+00:00,BOOSTER_COOKIE,12314185.7,12699999.5,1,2,60.43923354148865
2026-09-09T18:27:05.254927+00:00,ENCHANTED_DIAMOND,1441.1,1775.5,1116,289,60.43923354148865
2026-09-09T18:27:05.254927+00:00,ENCHANTED_DIAMOND_BLOCK,202000.0,207822.3,167,7,60.43923354148865
2026-09-09T18:27:05.254927+00:00,NULL_SPHERE,271.4,355.0,22032,433,60.43923354148865
2026-09-09T18:27:05.254927+00:00,NULL_OVOID,140009.7,158984.8,58,443,60.43923354148865
2026-09-09T18:27:05.254927+00:00,RECOMBOBULATOR_3000,9912458.2,10103932.9,40,1,60.43923354148865
2026-09-09T18:27:05.254927+00:00,SUMMONING_EYE,1250003.0,1306082.9,126,4,60.43923354148865
2026-09-09T18:28:05.690958+00:00,BOOSTER_COOKIE,12314184.1,12699999.7,31,63,60.42904877662659
2026-09-09T18:28:05.690958+00:00,ENCHANTED_DIAMOND,1441.1,1775.1,1959,1472,60.42904877662659
2026-09-09T18:28:05.690958+00:00,ENCHANTED_DIAMOND_BLOCK,202000.2,207822.2,14,6,60.42904877662659
2026-09-09T18:28:05.690958+00:00,NULL_SPHERE,271.6,355.0,670,305,60.42904877662659
2026-09-09T18:28:05.690958+00:00,NULL_OVOID,140010.0,158984.8,240,443,60.42904877662659
2026-09-09T18:28:05.690958+00:00,RECOMBOBULATOR_3000,9912458.3,10103932.4,4,2,60.42904877662659
2026-09-09T18:28:05.690958+00:00,SUMMONING_EYE,1250003.0,1306082.8,123,19,60.42904877662659
2026-09-09T18:29:06.121581+00:00,BOOSTER_COOKIE,12314184.4,12699999.7,6,45,60.41863179206848
2026-09-09T18:29:06.121581+00:00,ENCHANTED_DIAMOND,1441.1,1774.7,24807,640,60.41863179206848
2026-09-09T18:29:06.121581+00:00,ENCHANTED_DIAMOND_BLOCK,201966.7,207239.8,155,236,60.41863179206848
2026-09-09T18:29:06.121581+00:00,NULL_SPHERE,271.7,355.0,21880,305,60.41863179206848
2026-09-09T18:29:06.121581+00:00,NULL_OVOID,140010.1,158984.8,58,443,60.41863179206848
2026-09-09T18:29:06.121581+00:00,RECOMBOBULATOR_3000,9912458.6,10103933.0,1,3,60.41863179206848
2026-09-09T18:29:06.121581+00:00,SUMMONING_EYE,1250003.0,1306082.5,123,5,60.41863179206848
2026-09-09T18:30:06.535133+00:00,BOOSTER_COOKIE,12333475.0,12699999.5,1,4,60.389779567718506
2026-09-09T18:30:06.535133+00:00,ENCHANTED_DIAMOND,1441.1,1774.6,21618,283,60.389779567718506
2026-09-09T18:30:06.535133+00:00,ENCHANTED_DIAMOND_BLOCK,201966.8,207239.6,469,6,60.389779567718506
2026-09-09T18:30:06.535133+00:00,NULL_SPHERE,271.7,355.0,21751,215,60.389779567718506
2026-09-09T18:30:06.535133+00:00,NULL_OVOID,140010.1,158984.8,58,443,60.389779567718506
2026-09-09T18:30:06.535133+00:00,RECOMBOBULATOR_3000,9912459.2,10103933.1,4,1,60.389779567718506
2026-09-09T18:30:06.535133+00:00,SUMMONING_EYE,1250003.0,1306082.7,103,8,60.389779567718506
2026-09-09T18:31:06.942651+00:00,BOOSTER_COOKIE,12333475.2,12699999.4,31,4,60.43957996368408
2026-09-09T18:31:06.942651+00:00,ENCHANTED_DIAMOND,1441.2,1774.5,1024,182,60.43957996368408
2026-09-09T18:31:06.942651+00:00,ENCHANTED_DIAMOND_BLOCK,201966.8,207239.5,379,17,60.43957996368408
2026-09-09T18:31:06.942651+00:00,NULL_SPHERE,271.7,355.0,21037,215,60.43957996368408
2026-09-09T18:31:06.942651+00:00,NULL_OVOID,140010.1,158984.8,58,443,60.43957996368408
2026-09-09T18:31:06.942651+00:00,RECOMBOBULATOR_3000,9912459.6,10103933.6,35,16,60.43957996368408
2026-09-09T18:31:06.942651+00:00,SUMMONING_EYE,1250003.2,1306082.7,4,6,60.43957996368408
2026-09-09T18:32:07.349925+00:00,BOOSTER_COOKIE,12333475.5,12699999.6,1,2,60.397218227386475
2026-09-09T18:32:07.349925+00:00,ENCHANTED_DIAMOND,1441.2,1774.1,1024,3456,60.397218227386475
2026-09-09T18:32:07.349925+00:00,ENCHANTED_DIAMOND_BLOCK,201967.1,207239.3,349,4,60.397218227386475
2026-09-09T18:32:07.349925+00:00,NULL_SPHERE,271.7,354.8,20752,796,60.397218227386475
2026-09-09T18:32:07.349925+00:00,NULL_OVOID,140010.1,158984.8,58,443,60.397218227386475
2026-09-09T18:32:07.349925+00:00,RECOMBOBULATOR_3000,9912459.9,10103933.5,35,1,60.397218227386475
2026-09-09T18:32:07.349925+00:00,SUMMONING_EYE,1250003.1,1306082.8,30,19,60.397218227386475
2026-09-09T18:33:07.742406+00:00,BOOSTER_COOKIE,12333475.8,12699999.6,8,3,60.39527368545532
2026-09-09T18:33:07.742406+00:00,ENCHANTED_DIAMOND,1441.2,1773.7,70903,300,60.39527368545532
2026-09-09T18:33:07.742406+00:00,ENCHANTED_DIAMOND_BLOCK,201967.4,207239.0,300,12,60.39527368545532
2026-09-09T18:33:07.742406+00:00,NULL_SPHERE,271.7,354.8,13341,796,60.39527368545532
2026-09-09T18:33:07.742406+00:00,NULL_OVOID,140010.1,158984.8,58,443,60.39527368545532
2026-09-09T18:33:07.742406+00:00,RECOMBOBULATOR_3000,9912459.9,10103933.5,33,6,60.39527368545532
2026-09-09T18:33:07.742406+00:00,SUMMONING_EYE,1250003.1,1306082.5,27,3,60.39527368545532
2026-09-09T18:34:08.166672+00:00,BOOSTER_COOKIE,12333476.0,12699999.7,7,24,60.43285870552063
2026-09-09T18:34:08.166672+00:00,ENCHANTED_DIAMOND,1441.3,1773.4,5332,912,60.43285870552063
2026-09-09T18:34:08.166672+00:00,ENCHANTED_DIAMOND_BLOCK,201967.4,207238.8,209,26,60.43285870552063
2026-09-09T18:34:08.166672+00:00,NULL_SPHERE,271.7,354.7,12940,1570,60.43285870552063
2026-09-09T18:34:08.166672+00:00,NULL_OVOID,140010.1,158984.8,58,443,60.43285870552063
2026-09-09T18:34:08.166672+00:00,RECOMBOBULATOR_3000,9912460.2,10103933.5,31,4,60.43285870552063
2026-09-09T18:34:08.166672+00:00,SUMMONING_EYE,1250003.1,1306082.5,11,3,60.43285870552063
2026-09-09T18:35:08.601323+00:00,BOOSTER_COOKIE,12333476.1,12699999.7,1,20,60.41105341911316
2026-09-09T18:35:08.601323+00:00,ENCHANTED_DIAMOND,1441.3,1773.1,2140,1171,60.41105341911316
2026-09-09T18:35:08.601323+00:00,ENCHANTED_DIAMOND_BLOCK,201967.4,207238.7,61,6,60.41105341911316
2026-09-09T18:35:08.601323+00:00,NULL_SPHERE,271.8,354.7,479,1480,60.41105341911316
2026-09-09T18:35:08.601323+00:00,NULL_OVOID,140010.1,158984.7,58,7,60.41105341911316
2026-09-09T18:35:08.601323+00:00,RECOMBOBULATOR_3000,9912460.3,10103934.1,4,23,60.41105341911316
2026-09-09T18:35:08.601323+00:00,SUMMONING_EYE,1250003.1,1306082.4,7,1,60.41105341911316
2026-09-09T18:36:09.043069+00:00,BOOSTER_COOKIE,12333476.2,12699999.7,1,9,60.447744607925415
2026-09-09T18:36:09.043069+00:00,ENCHANTED_DIAMOND,1441.2,1772.6,64249,3152,60.447744607925415
2026-09-09T18:36:09.043069+00:00,ENCHANTED_DIAMOND_BLOCK,201967.3,207238.6,185,86,60.447744607925415
2026-09-09T18:36:09.043069+00:00,NULL_SPHERE,271.7,354.7,6604,1480,60.447744607925415
2026-09-09T18:36:09.043069+00:00,NULL_OVOID,140010.1,158984.7,58,7,60.447744607925415
2026-09-09T18:36:09.043069+00:00,RECOMBOBULATOR_3000,9912460.6,10103934.2,7,22,60.447744607925415
2026-09-09T18:36:09.043069+00:00,SUMMONING_EYE,1250003.1,1306082.8,6,13,60.447744607925415
2026-09-09T18:37:09.442361+00:00,BOOSTER_COOKIE,12333476.3,12699999.6,1,13,60.37673377990723
2026-09-09T18:37:09.442361+00:00,ENCHANTED_DIAMOND,1441.2,1772.2,46456,966,60.37673377990723
2026-09-09T18:37:09.442361+00:00,ENCHANTED_DIAMOND_BLOCK,201967.2,207238.6,763,64,60.37673377990723
2026-09-09T18:37:09.442361+00:00,NULL_SPHERE,271.7,354.6,6604,120,60.37673377990723
2026-09-09T18:37:09.442361+00:00,NULL_OVOID,140010.1,158984.6,58,24,60.37673377990723
2026-09-09T18:37:09.442361+00:00,RECOMBOBULATOR_3000,9912460.7,10103934.2,4,15,60.37673377990723
2026-09-09T18:37:09.442361+00:00,SUMMONING_EYE,1250003.2,1306082.8,7,11,60.37673377990723
2026-09-09T18:38:09.830186+00:00,BOOSTER_COOKIE,12333476.2,12699999.6,1,3,60.393105268478394
2026-09-09T18:38:09.830186+00:00,ENCHANTED_DIAMOND,1441.2,1480.0,44342,2240,60.393105268478394
2026-09-09T18:38:09.830186+00:00,ENCHANTED_DIAMOND_BLOCK,201967.2,207238.4,761,6,60.393105268478394
2026-09-09T18:38:09.830186+00:00,NULL_SPHERE,271.7,354.8,6144,796,60.393105268478394
2026-09-09T18:38:09.830186+00:00,NULL_OVOID,140010.2,158984.6,7,24,60.393105268478394
2026-09-09T18:38:09.830186+00:00,RECOMBOBULATOR_3000,9912460.7,10103935.1,4,10,60.393105268478394
2026-09-09T18:38:09.830186+00:00,SUMMONING_EYE,1250003.1,1306082.7,3,1,60.393105268478394
2026-09-09T18:39:10.203646+00:00,BOOSTER_COOKIE,12333476.6,12699999.7,1,18,60.3567636013031
2026-09-09T18:39:10.203646+00:00,ENCHANTED_DIAMOND,1441.3,1479.0,2310,2639,60.3567636013031
2026-09-09T18:39:10.203646+00:00,ENCHANTED_DIAMOND_BLOCK,201967.3,207238.5,349,337,60.3567636013031
2026-09-09T18:39:10.203646+00:00,NULL_SPHERE,271.9,354.5,29982,120,60.3567636013031
2026-09-09T18:39:10.203646+00:00,NULL_OVOID,140010.2,158984.6,7,24,60.3567636013031
2026-09-09T18:39:10.203646+00:00,RECOMBOBULATOR_3000,9912460.8,10103935.0,12,5,60.3567636013031
2026-09-09T18:39:10.203646+00:00,SUMMONING_EYE,1250003.2,1306082.6,6,7,60.3567636013031
2026-09-09T18:40:10.580290+00:00,BOOSTER_COOKIE,12333477.0,12699999.6,1,2,60.380269289016724
2026-09-09T18:40:10.580290+00:00,ENCHANTED_DIAMOND,1441.2,1445.0,44127,2240,60.380269289016724
2026-09-09T18:40:10.580290+00:00,ENCHANTED_DIAMOND_BLOCK,201967.4,207238.3,1150,125,60.380269289016724
2026-09-09T18:40:10.580290+00:00,NULL_SPHERE,271.9,354.3,12660,120,60.380269289016724
2026-09-09T18:40:10.580290+00:00,NULL_OVOID,140010.2,158984.6,7,24,60.380269289016724
2026-09-09T18:40:10.580290+00:00,RECOMBOBULATOR_3000,9912461.0,10103935.0,3,4,60.380269289016724
2026-09-09T18:40:10.580290+00:00,SUMMONING_EYE,1250003.0,1306082.4,102,13,60.380269289016724
2026-09-09T18:41:10.952432+00:00,BOOSTER_COOKIE,12333477.5,12699999.7,2,10,60.40381860733032
2026-09-09T18:41:10.952432+00:00,ENCHANTED_DIAMOND,1441.2,1441.3,42103,2240,60.40381860733032
2026-09-09T18:41:10.952432+00:00,ENCHANTED_DIAMOND_BLOCK,201967.6,207238.2,342,35,60.40381860733032
2026-09-09T18:41:10.952432+00:00,NULL_SPHERE,272.0,354.2,6144,1448,60.40381860733032
2026-09-09T18:41:10.952432+00:00,NULL_OVOID,140010.2,158984.6,7,24,60.40381860733032
2026-09-09T18:41:10.952432+00:00,RECOMBOBULATOR_3000,9912461.1,10084787.4,1,1,60.40381860733032
2026-09-09T18:41:10.952432+00:00,SUMMONING_EYE,1250003.0,1306082.4,95,13,60.40381860733032
2026-09-09T18:42:11.348325+00:00,BOOSTER_COOKIE,12333477.7,12699999.8,5,20,60.36965227127075
2026-09-09T18:42:11.348325+00:00,ENCHANTED_DIAMOND,1441.3,1441.5,5019,2240,60.36965227127075
2026-09-09T18:42:11.348325+00:00,ENCHANTED_DIAMOND_BLOCK,201967.7,207238.2,20,35,60.36965227127075
2026-09-09T18:42:11.348325+00:00,NULL_SPHERE,272.0,354.7,6057,1448,60.36965227127075
2026-09-09T18:42:11.348325+00:00,NULL_OVOID,140010.2,158984.6,7,24,60.36965227127075
2026-09-09T18:42:11.348325+00:00,RECOMBOBULATOR_3000,9922034.9,10103935.2,33,49,60.36965227127075
2026-09-09T18:42:11.348325+00:00,SUMMONING_EYE,1250003.0,1306082.2,92,3,60.36965227127075
2026-09-09T18:43:11.732835+00:00,BOOSTER_COOKIE,12333478.2,12699999.8,12,16,60.402381896972656
2026-09-09T18:43:11.732835+00:00,ENCHANTED_DIAMOND,1441.2,1444.8,33609,1952,60.402381896972656
2026-09-09T18:43:11.732835+00:00,ENCHANTED_DIAMOND_BLOCK,201967.6,207238.1,247,230,60.402381896972656
2026-09-09T18:43:11.732835+00:00,NULL_SPHERE,272.0,354.7,5607,1448,60.402381896972656
2026-09-09T18:43:11.732835+00:00,NULL_OVOID,140010.2,158984.6,7,24,60.402381896972656
2026-09-09T18:43:11.732835+00:00,RECOMBOBULATOR_3000,9931129.9,10103934.9,30,1,60.402381896972656
2026-09-09T18:43:11.732835+00:00,SUMMONING_EYE,1250003.0,1306082.1,87,3,60.402381896972656
2026-09-09T18:44:12.111750+00:00,BOOSTER_COOKIE,12333478.7,12699999.9,1,17,60.36906957626343
2026-09-09T18:44:12.111750+00:00,ENCHANTED_DIAMOND,1441.3,1444.8,256,1952,60.36906957626343
2026-09-09T18:44:12.111750+00:00,ENCHANTED_DIAMOND_BLOCK,201967.6,207238.1,191,216,60.36906957626343
2026-09-09T18:44:12.111750+00:00,NULL_SPHERE,272.0,354.8,4802,796,60.36906957626343
2026-09-09T18:44:12.111750+00:00,NULL_OVOID,140010.2,158984.6,7,24,60.36906957626343
2026-09-09T18:44:12.111750+00:00,RECOMBOBULATOR_3000,9931130.0,10103934.7,8,2,60.36906957626343
2026-09-09T18:44:12.111750+00:00,SUMMONING_EYE,1250003.0,1306082.4,86,9,60.36906957626343
2026-09-09T18:45:12.471184+00:00,BOOSTER_COOKIE,12333477.9,12699999.6,7,5,60.37582612037659
2026-09-09T18:45:12.471184+00:00,ENCHANTED_DIAMOND,1441.2,1444.8,29429,1952,60.37582612037659
2026-09-09T18:45:12.471184+00:00,ENCHANTED_DIAMOND_BLOCK,201967.6,207238.0,177,44,60.37582612037659
2026-09-09T18:45:12.471184+00:00,NULL_SPHERE,272.1,354.8,71680,796,60.37582612037659
2026-09-09T18:45:12.471184+00:00,NULL_OVOID,140010.2,158984.5,7,135,60.37582612037659
2026-09-09T18:45:12.471184+00:00,RECOMBOBULATOR_3000,9931130.0,10103934.6,10,1,60.37582612037659
2026-09-09T18:45:12.471184+00:00,SUMMONING_EYE,1250003.1,1306082.2,4,3,60.37582612037659
2026-09-09T18:46:13.013772+00:00,BOOSTER_COOKIE,12333477.8,12699999.5,1,1,60.56026554107666
2026-09-09T18:46:13.013772+00:00,ENCHANTED_DIAMOND,1441.3,1444.7,7551,641,60.56026554107666
2026-09-09T18:46:13.013772+00:00,ENCHANTED_DIAMOND_BLOCK,201967.4,208469.7,804,7,60.56026554107666
2026-09-09T18:46:13.013772+00:00,NULL_SPHERE,272.2,354.7,4799,1448,60.56026554107666
2026-09-09T18:46:13.013772+00:00,NULL_OVOID,140010.2,158984.5,7,123,60.56026554107666
2026-09-09T18:46:13.013772+00:00,RECOMBOBULATOR_3000,9931130.0,10103934.5,10,1,60.56026554107666
2026-09-09T18:46:13.013772+00:00,SUMMONING_EYE,1250003.1,1306082.1,2,1,60.56026554107666
2026-09-09T18:47:13.434031+00:00,BOOSTER_COOKIE,12333478.3,12699999.6,1,13,60.41216421127319
2026-09-09T18:47:13.434031+00:00,ENCHANTED_DIAMOND,1441.4,1444.5,1486,497,60.41216421127319
2026-09-09T18:47:13.434031+00:00,ENCHANTED_DIAMOND_BLOCK,201967.5,208469.6,26,304,60.41216421127319
2026-09-09T18:47:13.434031+00:00,NULL_SPHERE,272.2,354.7,2296,1448,60.41216421127319
2026-09-09T18:47:13.434031+00:00,NULL_OVOID,140010.2,158984.5,7,123,60.41216421127319
2026-09-09T18:47:13.434031+00:00,RECOMBOBULATOR_3000,9931130.0,10103934.4,6,1,60.41216421127319
2026-09-09T18:47:13.434031+00:00,SUMMONING_EYE,1250003.0,1306081.5,83,7,60.41216421127319
2026-09-09T18:48:13.845885+00:00,BOOSTER_COOKIE,12333478.5,12699999.7,1,8,60.41806697845459
2026-09-09T18:48:13.845885+00:00,ENCHANTED_DIAMOND,1441.3,1444.4,3837,1174,60.41806697845459
2026-09-09T18:48:13.845885+00:00,ENCHANTED_DIAMOND_BLOCK,201967.4,209998.3,576,47,60.41806697845459
2026-09-09T18:48:13.845885+00:00,NULL_SPHERE,272.3,354.8,15936,796,60.41806697845459
2026-09-09T18:48:13.845885+00:00,NULL_OVOID,140010.2,158984.5,7,123,60.41806697845459
2026-09-09T18:48:13.845885+00:00,RECOMBOBULATOR_3000,9931130.0,10103934.5,4,7,60.41806697845459
2026-09-09T18:48:13.845885+00:00,SUMMONING_EYE,1250003.0,1306081.0,83,2,60.41806697845459
2026-09-09T18:49:14.246971+00:00,BOOSTER_COOKIE,12500000.2,12700000.0,1,112,60.37869930267334
2026-09-09T18:49:14.246971+00:00,ENCHANTED_DIAMOND,1441.2,1444.3,20821,3134,60.37869930267334
2026-09-09T18:49:14.246971+00:00,ENCHANTED_DIAMOND_BLOCK,201967.3,210000.0,1863,424,60.37869930267334
2026-09-09T18:49:14.246971+00:00,NULL_SPHERE,272.4,354.7,354,1280,60.37869930267334
2026-09-09T18:49:14.246971+00:00,NULL_OVOID,140010.2,158984.5,7,122,60.37869930267334
2026-09-09T18:49:14.246971+00:00,RECOMBOBULATOR_3000,9931130.1,10103934.5,10,1,60.37869930267334
2026-09-09T18:49:14.246971+00:00,SUMMONING_EYE,1250003.1,1306081.4,4,1,60.37869930267334
2026-09-09T18:50:14.647178+00:00,BOOSTER_COOKIE,12510000.5,12699999.9,1,1,60.4420964717865
2026-09-09T18:50:14.647178+00:00,ENCHANTED_DIAMOND,1441.2,1444.2,14546,622,60.4420964717865
2026-09-09T18:50:14.647178+00:00,ENCHANTED_DIAMOND_BLOCK,201967.4,209999.8,43,480,60.4420964717865
2026-09-09T18:50:14.647178+00:00,NULL_SPHERE,272.5,354.7,69988,1280,60.4420964717865
2026-09-09T18:50:14.647178+00:00,NULL_OVOID,140010.2,158984.5,7,220,60.4420964717865
2026-09-09T18:50:14.647178+00:00,RECOMBOBULATOR_3000,9931130.5,10103934.2,10,2,60.4420964717865
2026-09-09T18:50:14.647178+00:00,SUMMONING_EYE,1250003.1,1306082.3,3,1,60.4420964717865
2026-09-09T18:51:15.083692+00:00,BOOSTER_COOKIE,12528525.6,12700000.0,1,98,60.416993618011475
2026-09-09T18:51:15.083692+00:00,ENCHANTED_DIAMOND,1441.4,1444.3,16311,1563,60.416993618011475
2026-09-09T18:51:15.083692+00:00,ENCHANTED_DIAMOND_BLOCK,201967.3,209999.8,1690,480,60.416993618011475
2026-09-09T18:51:15.083692+00:00,NULL_SPHERE,272.5,354.7,69897,1280,60.416993618011475
2026-09-09T18:51:15.083692+00:00,NULL_OVOID,140010.2,158984.5,7,220,60.416993618011475
2026-09-09T18:51:15.083692+00:00,RECOMBOBULATOR_3000,9931130.5,10103934.2,10,2,60.416993618011475
2026-09-09T18:51:15.083692+00:00,SUMMONING_EYE,1250003.0,1306082.1,76,2,60.416993618011475
